product_id,asin,brand,model_name,title,price,price_tier,average_rating,rating_count,popularity_rank,popularity_tier,key_features,best_for,drawbacks,review_summary,features_raw,description,category
headphones_001,B07ZPC9QD4,Apple,AirPods Pro,Apple AirPods Pro,249.0,premium,4.8,300544,1,bestseller,"[""Active noise cancellation for immersive sound"", ""Transparency mode for hearing and connecting with the world around you"", ""Three sizes of soft, tapered silicone tips for a customizable fit"", ""Sweat and water resistant"", ""Adaptive EQ automatically tunes music to the shape of your ear"", ""Easy setup for all your Apple devices""]","[""commuting and travel"", ""exercise and gym"", ""everyday wireless use""]","[""high price point""]","★4.8 from 300,544 reviews. Bestseller product.","Active noise cancellation for immersive sound | Transparency mode for hearing and connecting with the world around you | Three sizes of soft, tapered silicone tips for a customizable fit | Sweat and water resistant | Adaptive EQ automatically tunes music to the shape of your ear | Easy setup for all your Apple devices | Quick access to Siri by saying “Hey Siri” | The Wireless Charging Case delivers more than 24 hours of battery life",,headphones
headphones_002,B01M0GB8CC,Apple,"EarPods Headphones with Lightning Connector. Microphone with Built-in Remote to Control Music, Phone Calls, and Volume. Wired Earbuds for iPhone","Apple EarPods Headphones with Lightning Connector. Microphone with Built-in Remote to Control Music, Phone Calls, and Volume. Wired Earbuds for iPhone",16.99,budget,4.6,201075,2,bestseller,"[""Unlike traditional, circular earbuds, the design of the EarPods is defined by the geometry of the ear. Which makes them "", ""The speakers inside the EarPods have been engineered to maximize sound output and minimize sound loss, which means you g"", ""The EarPods with Lightning Connector also include a built-in remote that lets you adjust the volume, control the playbac"", ""Works with all devices that have a Lightning connector and support iOS 10 or later, including iPod touch, iPad, and iPho""]","[""calls and remote work"", ""budget-conscious buyers""]","[""wired only \u2014 no Bluetooth"", ""build quality may not match premium alternatives""]","★4.6 from 201,075 reviews. Bestseller product.","Unlike traditional, circular earbuds, the design of the EarPods is defined by the geometry of the ear. Which makes them more comfortable for more people than any other earbud-style headphones. | The speakers inside the EarPods have been engineered to maximize sound output and minimize sound loss, which means you get high-quality audio. | The EarPods with Lightning Connector also include a built-in remote that lets you adjust the volume, control the playback of music and video, and answer or end calls with a pinch of the cord. | Works with all devices that have a Lightning connector and support iOS 10 or later, including iPod touch, iPad, and iPhone. Also works with iPad models with iPadOS.",,headphones
headphones_003,B07S764D9V,Panasonic,"ErgoFit Wired Earbuds, In-Ear Headphones with Microphone and Call Controller, Ergonomic Custom-Fit Earpieces (S/M/L), 3.5mm Jack for Phones and Laptops - RP-TCM125-A (Blue)","Panasonic ErgoFit Wired Earbuds, In-Ear Headphones with Microphone and Call Controller, Ergonomic Custom-Fit Earpieces (S/M/L), 3.5mm Jack for Phones and Laptops - RP-TCM125-A (Blue)",13.99,budget,4.3,136251,3,bestseller,"[""The RP-TCM125 ErgoFit Earbud Headphones with Microphone and Call Controller are the perfect combination of style, comfor"", ""Product Note : If the size of the earbud tips does not match the size of your ear canals or the headset is not worn prop""]","[""commuting and travel"", ""calls and remote work"", ""budget-conscious buyers""]","[""wired only \u2014 no Bluetooth"", ""build quality may not match premium alternatives""]","★4.3 from 136,251 reviews. Bestseller product.","The RP-TCM125 ErgoFit Earbud Headphones with Microphone and Call Controller are the perfect combination of style, comfort, functionality and most of all, high-quality sound. The In-line microphone on the cord of earbud headphones is used for answering calls or voice commands. Three sets of earpads (S/M/L included) | Product Note : If the size of the earbud tips does not match the size of your ear canals or the headset is not worn properly in your ears, you may not obtain the correct sound qualities or call performance. Change the earbud tips to ones that fit more snugly in your ears","The Panasonic RP-TCM125 ErgoFit Earbud Headphones with Microphone and Call Controller are the perfect combination of style, comfort, functionality and most of all, high-quality sound. The In-line microphone on the cord of earbud headphones is used for answering calls or voice commands; Compatible with iPhone, Android and Blackberry. Earbuds with three sets of earpads (S/M/L included), provide a custom, comfortable ergonomic fit that won’t slip out. Choose from eleven (11) vivid color options wit",headphones
headphones_004,B09XRCVYGC,ONEPLUS,"OnePlus Bullets Wireless Z2 Bluetooth 5.0 in Ear Earphones, Bombastic Bass – 12.4 mm Drivers, 30 Hrs Battery Life (Magico Black)","OnePlus Bullets Wireless Z2 Bluetooth 5.0 in Ear Earphones, Bombastic Bass – 12.4 mm Drivers, 30 Hrs Battery Life (Magico Black)",52.0,midrange,4.2,121313,4,bestseller,"[""A quick 10-minute charge delivers up to 20 hours of immersive audio playback."", ""The flagship-level battery life delivers up to 30 hours of non-stop music on a single charge."", ""A large 12.4 mm bass driver delivers uncompromisingly deep bass for powerful beats. Experience incredibly rich audio det"", ""Anti-distortion audio technology ensures your audio playtime stays silky-smooth. Thanks to the larger sound cavity and i"", ""Water and sweat-resistant, the IP55-rated internals and design ensure your OnePlus Bullets Wireless Z2 stay all-weather ""]","[""exercise and gym"", ""everyday wireless use""]","[""no major drawbacks reported""]","★4.2 from 121,313 reviews. Bestseller product.","A quick 10-minute charge delivers up to 20 hours of immersive audio playback. | The flagship-level battery life delivers up to 30 hours of non-stop music on a single charge. | A large 12.4 mm bass driver delivers uncompromisingly deep bass for powerful beats. Experience incredibly rich audio detail at every frequency with the titanium coating dome | Anti-distortion audio technology ensures your audio playtime stays silky-smooth. Thanks to the larger sound cavity and industry-leading algorithms, notes remain distortion-free | Water and sweat-resistant, the IP55-rated internals and design ensure your OnePlus Bullets Wireless Z2 stay all-weather ready.","OnePlus Bullets Wireless Z2 Beyond Bass-ic Charge for 10 minutes, enjoy for 20 hours Minor differences exist between regional variants. Refer to region-specific product page. Charging data is from OnePlus test lab (Date: Dec 7, 2021. Actual performance may vary based on charging/environmental conditions). Press play all day The flagship-level battery life delivers up to 30 hours of non-stop music on a single charge. Stay connected with family and friends for longer with up to 16 hours of talk ti",headphones
headphones_005,B08TMJFSV3,Soundcore,"Anker Life P2 True Wireless Earbuds, Clear Sound, USB C, 40H Playtime, IPX7 Waterproof, Wireless Earphones for Work, Home Office","Soundcore Anker Life P2 True Wireless Earbuds, Clear Sound, USB C, 40H Playtime, IPX7 Waterproof, Wireless Earphones for Work, Home Office",39.99,midrange,4.2,117047,5,bestseller,"[""Incredible Sound Loved by 20 Million+ People"", ""Perfect for Home Offices: Each earbud has two microphones with beamforming noise reduction as well as cVc 8.0 technology"", ""Incredible Sound Powered By Graphene Drivers: Delivers music with a wider soundstage and exceptional accuracy and clarit"", ""40-Hour Playtime* with Fast Charge: A single charge gives you a full 7 hours of listening, while the charging case exten"", ""IPX7 Waterproof: Life P2 wireless earbuds boast IPX7-rated protection that defends against liquids in any weather condit""]","[""commuting and travel"", ""exercise and gym"", ""everyday wireless use""]","[""no major drawbacks reported""]","★4.2 from 117,047 reviews. Bestseller product.","Incredible Sound Loved by 20 Million+ People | Perfect for Home Offices: Each earbud has two microphones with beamforming noise reduction as well as cVc 8.0 technology for superior vocal enhancement and background-noise suppression. | Incredible Sound Powered By Graphene Drivers: Delivers music with a wider soundstage and exceptional accuracy and clarity. BassUp technology enhances bass by up to 43% and aptX audio offers lossless transmission between your device and the wireless earbuds. | 40-Hour Playtime* with Fast Charge: A single charge gives you a full 7 hours of listening, while the charging case extends that to 40 hours. When you’re in a rush and need power fast, simply charge for 10 minutes and get up to 1 hour of playtime. | IPX7 Waterproof: Life P2 wireless earbuds boast IPX7-rated protection that defends against liquids in any weather conditions.",,headphones
headphones_006,B00PKTU83U,Sony,"ZX Series Wired On-Ear Headphones with Mic, White MDR-ZX110AP","Sony ZX Series Wired On-Ear Headphones with Mic, White MDR-ZX110AP",18.25,budget,4.5,104579,6,mainstream,"[""Lightweight 1.38 in neodymium dynamic drivers deliver a punchy, rhythmic response to even the most demanding tracks"", ""The swiveling earcup design allows easy storage when you\u2019re not using them, and enhances portability when you\u2019re traveli"", ""With an inline remote and built-in microphone on the headphone cord, take hands-free calls from selected smartphones whi"", ""Cushioned earpads for total comfort and enfolding closed-back design seals in sound"", ""The wide frequency range\u2014spanning 12 Hz to 22 kHz\u2014delivers deep bass, rich midrange, and soaring highs"", ""Plug: L-shaped stereo mini plug 3.5mm""]","[""commuting and travel"", ""calls and remote work"", ""budget-conscious buyers""]","[""wired only \u2014 no Bluetooth"", ""build quality may not match premium alternatives""]","★4.5 from 104,579 reviews. Mainstream product.","Lightweight 1.38 in neodymium dynamic drivers deliver a punchy, rhythmic response to even the most demanding tracks | The swiveling earcup design allows easy storage when you’re not using them, and enhances portability when you’re traveling | With an inline remote and built-in microphone on the headphone cord, take hands-free calls from selected smartphones while listening to music | Cushioned earpads for total comfort and enfolding closed-back design seals in sound | The wide frequency range—spanning 12 Hz to 22 kHz—delivers deep bass, rich midrange, and soaring highs | Plug: L-shaped stereo mini plug 3.5mm","Form meets function with smartphone control for life on the go. More than your basic pair of over-the-head headphones, the Sony MDR-ZX110AP headset delivers rock-solid audio performance, integrated microphone for hands-free calling and media playback controls for convenient operation.",headphones
headphones_007,B08K2S5B88,ZIHNIC,"Bluetooth Headphones Over-Ear, Foldable Wireless and Wired Stereo Headset Micro SD/TF, FM for Cell Phone,PC,Soft Earmuffs &Light Weight for Prolonged Wearing(Black/Green)","ZIHNIC Bluetooth Headphones Over-Ear, Foldable Wireless and Wired Stereo Headset Micro SD/TF, FM for Cell Phone,PC,Soft Earmuffs &Light Weight for Prolonged Wearing(Black/Green)",27.99,midrange,4.4,73753,7,mainstream,"[""\u3010ASTONISHING SOUND PRODUCTION \u3011: High Definition Stereo Headphones, specially developed software and noise reduction tec"", ""\u3010BUILT FOR YOUR COMFORTABILITY \u3011: The earmuff is made by artificial leather, ensuring lasting comfort. They are foldable"", ""\u3010SEAMLESS BLUETOOTH CONNECTION\u3011: Built to provide a quick and stable Bluetooth connection . Just slide the on/off button"", ""\u3010ERGONOMIC DESIGN\u3011 : Zihnic headphones are built from materials that are extremely nice to touch which provides the mode"", ""\u3010LONG BATTERY LIFE & DUAL MODE\u3011: Zihnic Headphones are rechargeable. 450mAh battery, 14 hours of music time, 2.5 hours f""]","[""exercise and gym"", ""everyday wireless use"", ""home and office listening""]","[""no major drawbacks reported""]","★4.4 from 73,753 reviews. Mainstream product.","【ASTONISHING SOUND PRODUCTION 】: High Definition Stereo Headphones, specially developed software and noise reduction technology designed to prevent you from heating ambient noises and makes you focus on what you want to hear. Lose yourself in immersive music even in the lowest volume levels! The goal that provide customers with outstanding sound quality is our constant pursuit | 【BUILT FOR YOUR COMFORTABILITY 】: The earmuff is made by artificial leather, ensuring lasting comfort. They are foldable and stretchable, which allows you to find the perfect fit without constraint and excellent durability. Zihnic is the best choice for travel, sport and daily use by Unisex Kids, Teens and Adults. | 【SEAMLESS BLUETOOTH CONNECTION】: Built to provide a quick and stable Bluetooth connection . Just slide the on/off button and the headphones will be in ready to pair mode. The Wireless Headphones are compatible with all Bluetooth or 3.5mm plug cable enabled devices! You can also receive calls and have hands-free communication through the special noise reduction technology microphone Zihnic Headphones are compatible with all Phones X, 8 Plus, Samsung S9, S8, Pads, Pods, Huawei, Nexus, Amazon Alex | 【ERGONOMIC DESIGN】 : Zihnic headphones are built from materials that are extremely nice to touch which provides the model premium outlook. The super soft memory-protein foam leather earmuffs and headbands contribute to maximum comfort regardless of how long you use them. Zihnic headphones also come with a protective Premium Case - a great way to reduce wear and tear. | 【LONG BATTERY LIFE & DUAL MODE】: Zihnic Headphones are rechargeable. 450mAh battery, 14 hours of music time, 2.5 hours fast charing. After 20 hours of playtime, you can switch to wired mode and enjoy your music NON-STOP. You do not need to worry about power shortage problem for the long travel. By choosing Zihnic, You are covered with 12 months warranty and 100% Customer satisfaction in addition to 24/7 customer support service.",,headphones
headphones_008,B0C337TNGS,Beats,"Powerbeats Pro Wireless Earbuds - Apple H1 Headphone Chip, Class 1 Bluetooth Headphones, 9 Hours of Listening Time, Sweat Resistant, Built-in Microphone - Ivory","Beats Powerbeats Pro Wireless Earbuds - Apple H1 Headphone Chip, Class 1 Bluetooth Headphones, 9 Hours of Listening Time, Sweat Resistant, Built-in Microphone - Ivory",199.95,premium,4.5,70897,8,mainstream,"[""Totally wireless high-performance earphones"", ""Up to 9 hours of listening time (more than 24 hours with charging case)"", ""Adjustable, secure-fit earhooks for lightweight comfort and stability"", ""Reinforced design for sweat & water resistance during tough workouts"", ""Volume & track controls on each earbud, voice capability, and Auto Play/Pause"", ""Powerful, balanced sound with dynamic range and noise isolation""]","[""commuting and travel"", ""exercise and gym"", ""everyday wireless use""]","[""high price point""]","★4.5 from 70,897 reviews. Mainstream product.","Totally wireless high-performance earphones | Up to 9 hours of listening time (more than 24 hours with charging case) | Adjustable, secure-fit earhooks for lightweight comfort and stability | Reinforced design for sweat & water resistance during tough workouts | Volume & track controls on each earbud, voice capability, and Auto Play/Pause | Powerful, balanced sound with dynamic range and noise isolation | Earbuds connect independently via Class 1 Bluetooth for extended range and fewer dropouts | With Fast Fuel, a 5-minute charge gives 1.5 hours of playback when battery is low | Enhanced phone call performance and call handling from either earbud | What's in the box - Powerbeats Pro, Charging case, Eartips with four size options, Lightning to USB-A charging cable, Quick start guide (USB power adapter sold separately)",,headphones
headphones_009,B0C337RV7Q,Beats,"Solo3 Wireless On-Ear Headphones - Apple W1 Headphone Chip, Class 1 Bluetooth, 40 Hours of Listening Time, Built-in Microphone - Red (Latest Model)","Beats Solo3 Wireless On-Ear Headphones - Apple W1 Headphone Chip, Class 1 Bluetooth, 40 Hours of Listening Time, Built-in Microphone - Red (Latest Model)",129.0,premium,4.7,67998,9,mainstream,"[""High-performance wireless Bluetooth headphones"", ""Features the Apple W1 chip and Class 1 wireless Bluetooth connectivity"", ""With up to 40 hours of battery life, Beats Solo3 wireless is your perfect everyday headphone"", ""Compatible with iOS and Android devices"", ""With Fast Fuel, 5 minutes of charging gives you 3 hours of playback when battery is low"", ""Adjustable fit with comfort-cushioned ear cups made for everyday use""]","[""commuting and travel"", ""everyday wireless use"", ""calls and remote work""]","[""high price point""]","★4.7 from 67,998 reviews. Mainstream product.","High-performance wireless Bluetooth headphones | Features the Apple W1 chip and Class 1 wireless Bluetooth connectivity | With up to 40 hours of battery life, Beats Solo3 wireless is your perfect everyday headphone | Compatible with iOS and Android devices | With Fast Fuel, 5 minutes of charging gives you 3 hours of playback when battery is low | Adjustable fit with comfort-cushioned ear cups made for everyday use | Sleek, streamlined design that’s durable and foldable to go everywhere you do | Take calls, control your music, and activate Siri with the multifunction on-ear controls | The award-winning sound and design you’ve come to love from Beats, with premium playback with fine-tuned acoustics that maximize clarity, breadth, and balance | What's in the box - Beats Solo3 Wireless headphones, Carrying case, 3.5mm RemoteTalk cable, Universal USB charging cable (USB-A to USB Micro-B), Quick Start Guide, Warranty Card (USB power adapter sold separately)",,headphones
headphones_010,B0C338S8M7,Beats,"Studio Buds – True Wireless Noise Cancelling Earbuds – Compatible with Apple & Android, Built-in Microphone, IPX4 Rating, Sweat Resistant Earphones, Class 1 Bluetooth Headphones - Moon Gray","Beats Studio Buds – True Wireless Noise Cancelling Earbuds – Compatible with Apple & Android, Built-in Microphone, IPX4 Rating, Sweat Resistant Earphones, Class 1 Bluetooth Headphones - Moon Gray",149.95,premium,4.4,67037,10,mainstream,"[""Custom acoustic platform delivers powerful, balanced sound"", ""Control your sound with two distinct listening modes: Active Noise Cancelling (ANC) and Transparency mode"", ""Three soft ear tip sizes for a stable and comfortable fit while ensuring an optimum acoustic seal"", ""Up to 8 hours of listening time (up to 24 hours combined with pocket-sized charging case)"", ""Industry-leading Class 1 Bluetooth for extended range and fewer dropouts"", ""High-quality call performance and voice assistant interaction via built-in microphones""]","[""commuting and travel"", ""exercise and gym"", ""music production""]","[""high price point""]","★4.4 from 67,037 reviews. Mainstream product.","Custom acoustic platform delivers powerful, balanced sound | Control your sound with two distinct listening modes: Active Noise Cancelling (ANC) and Transparency mode | Three soft ear tip sizes for a stable and comfortable fit while ensuring an optimum acoustic seal | Up to 8 hours of listening time (up to 24 hours combined with pocket-sized charging case) | Industry-leading Class 1 Bluetooth for extended range and fewer dropouts | High-quality call performance and voice assistant interaction via built-in microphones | IPX4-rated sweat- and water-resistant wireless earbuds | Beats wireless headphones and earphones are compatible with Apple and Android devices | What’s in the box – Beats Studio Buds true wireless noise cancelling earphones, charging case, ear tips with three size options, USB-C to USB-C charging cable, Quick Start Guide, warranty card (USB-C power adapter sold separately)",,headphones
headphones_011,B0BHWYQ47Y,Kurdene,"kurdene Bluetooth Wireless Earbuds, S8 Deep Bass Sound 38H Playtime IPX8 Waterproof Earphones Call Clear with Microphone in-Ear Bluetooth Headphones Comfortable for iPhone, Android","kurdene Bluetooth Wireless Earbuds, S8 Deep Bass Sound 38H Playtime IPX8 Waterproof Earphones Call Clear with Microphone in-Ear Bluetooth Headphones Comfortable for iPhone, Android",20.99,budget,4.3,63672,11,mainstream,"[""\u3010Latest Bluetooth 5.2 & Effortless Pairing\u3011Kurdene wireless earbuds with advanced bluetooth 5.2 technology owns fast and"", ""\u3010Immersive Stereo Sound with long Lasting Barttery Life\u3011Adapting powerful 8mm Neodymium magnet, kurdene S8 bluetooth ear"", ""\u3010Customizable Fit for Comfortable Wearing\u3011Every surface that touches your ear is made of liquid Silicone-not hard plasti"", ""\u3010IPX8 Waterproof & Sweatproof\u3011With an IPX8 rating, this wireless earbuds are resistant to sweat, water and rain. S8 wire"", ""\u3010Convenient Buttonless Touch Control\u3011Features with capacitive touch interface, Kurdene S8 can largely minimize the press""]","[""commuting and travel"", ""exercise and gym"", ""everyday wireless use""]","[""build quality may not match premium alternatives""]","★4.3 from 63,672 reviews. Mainstream product.","【Latest Bluetooth 5.2 & Effortless Pairing】Kurdene wireless earbuds with advanced bluetooth 5.2 technology owns fast and stable transmission without tangling, which makes the Bluetooth earbuds connect to electronic devices more consistently, providing you with an uninterrupted calling and music experience and Noise cancellation.These bluetooth earphones would instant paired once taken out from the charging case and auto connects with the last-paired device. | 【Immersive Stereo Sound with long Lasting Barttery Life】Adapting powerful 8mm Neodymium magnet, kurdene S8 bluetooth earbuds provides pure balanced audio and clarity output for all music genres with loud sound, rich bass, clear midrange, balanced treble and high definition. A single charge gives you a full 6 hours of listening, while the charging case extends that to 38 hours. Enjoy your earbuds the entire day, without missing a beat. | 【Customizable Fit for Comfortable Wearing】Every surface that touches your ear is made of liquid Silicone-not hard plastic(M size is installed, 6 pairs of different shapes of Ear Caps with size S/ M/ L for option for a customizable fit). The liquid silicone nozzle spreads pressure evenly across your ear for comfort, stability, and passive noise blocking. Giving you a fit for all-day comfort with less fatigue | 【IPX8 Waterproof & Sweatproof】With an IPX8 rating, this wireless earbuds are resistant to sweat, water and rain. S8 wireless earbuds can endure and work flawlessly under different weather conditions. There’s nothing holding you back from running through the storm or sweating out your new personal best in the gym.(Please note: The charging case is not waterproof) | 【Convenient Buttonless Touch Control】Features with capacitive touch interface, Kurdene S8 can largely minimize the pressure to your ears when you touch the button for various functions.Control your playlist without reaching in your pocket: Skip songs, launch music and answer calls simply by tapping your buds, so you can stay in the moment.",,headphones
headphones_012,B08PFW1S1V,Soundcore,"Anker Life Q20 Hybrid Active Noise Cancelling Headphones, Wireless Over Ear Bluetooth Headphones, 40H Playtime, Hi-Res Audio, Deep Bass, Memory Foam Ear Cups, for Travel, Home Office","Soundcore Anker Life Q20 Hybrid Active Noise Cancelling Headphones, Wireless Over Ear Bluetooth Headphones, 40H Playtime, Hi-Res Audio, Deep Bass, Memory Foam Ear Cups, for Travel, Home Office",65.99,premium,4.5,63247,12,mainstream,"[""Incredible Sound Loved by 20 Million+ People"", ""Hi-Res Audio Certified: Custom oversized 40 mm dynamic drivers produce Hi-Res Audio\u2014a certification only awarded to audi"", ""Reduce Ambient Noises By Up to 90%: Our team of engineers conducted more than 100,000 tests in real-life scenarios to fi"", ""100% Stronger Bass: Our exclusive BassUp technology conducts real-time analysis of the low frequencies to instantly stre"", ""40-Hour Playtime*: Up to 40 hours of non-stop playtime in wireless active noise cancellation mode (at 60% volume) is ext""]","[""commuting and travel"", ""everyday wireless use"", ""home and office listening""]","[""high price point""]","★4.5 from 63,247 reviews. Mainstream product.","Incredible Sound Loved by 20 Million+ People | Hi-Res Audio Certified: Custom oversized 40 mm dynamic drivers produce Hi-Res Audio—a certification only awarded to audio devices capable of producing exceptional sound. Life Q20 active noise canceling headphones reproduce your music with extended high frequencies that reach up to 40 kHz for extraordinary clarity and detail. | Reduce Ambient Noises By Up to 90%: Our team of engineers conducted more than 100,000 tests in real-life scenarios to fine-tune Life Q20’s 4 built-in ANC microphones and digital active noise cancellation algorithm. As a result, the hybrid active noise cancellation can detect and cancel out a wider range of low and mid-frequency noises such as cars and airplane engines. | 100% Stronger Bass: Our exclusive BassUp technology conducts real-time analysis of the low frequencies to instantly strengthen the bass output. Double press the play button when listening to bass-heavy genres like EDM and hip-hop for an amplified listening experience. | 40-Hour Playtime*: Up to 40 hours of non-stop playtime in wireless active noise cancellation mode (at 60% volume) is extended to an enormous 60 hours in standard music mode. A single charge gives you enough juice to listen to over 600 songs or soundtrack multiple long haul flights. And when you’re in a rush, charge Life Q20 active noise canceling headphones for 5 minutes and get 4 hours of listening.",,headphones
headphones_013,B00D75AB6I,Sennheiser,Cx 180 Street Ii in-Ear Headphone Black,Sennheiser Cx 180 Street Ii in-Ear Headphone Black,19.99,budget,4.2,62456,13,mainstream,"[""Innovative finger-contoured housing design enables for easy adjustment and optimal wearing comfort"", ""Powerful, bass-driven stereo sound"", ""Good attenuation of ambient noise"", ""Optimised for mp3, iPod, iPhone, CD players and portable gaming systems"", ""2 year warranty""]","[""gaming"", ""budget-conscious buyers""]","[""wired only \u2014 no Bluetooth"", ""build quality may not match premium alternatives""]","★4.2 from 62,456 reviews. Mainstream product.","Innovative finger-contoured housing design enables for easy adjustment and optimal wearing comfort | Powerful, bass-driven stereo sound | Good attenuation of ambient noise | Optimised for mp3, iPod, iPhone, CD players and portable gaming systems | 2 year warranty","Product Description : Sennheiser has a stellar reputation of providing its discriminating audiophiles, with fantastically designed audio equipment, that are a delight for the senses. Sennheiser CX 180 Street II In-Ear Headphone is a sensational feat of headphone engineering, with its elegant design and comfortable fit. Features : This Sennheiser CX 180 has a comparatively elevated headphone sensitivity of 16 Ohms. This excellent noise accentuating ability coupled with its fantastic ability to ca",headphones
headphones_014,B09KQC7Z4S,Bose,"QuietComfort 35 II Wireless Bluetooth Headphones, Noise-Cancelling, with Alexa Voice Control - Black","Bose QuietComfort 35 II Wireless Bluetooth Headphones, Noise-Cancelling, with Alexa Voice Control - Black",344.78,premium,4.7,62404,14,mainstream,"[""Three levels of world-class noise cancellation for better listening experience in any environment"", ""Alexa-enabled for voice access to music, information, and more"", ""Noise-rejecting dual-microphone system for clear sound and voice pick-up"", ""Balanced audio performance at any volume"", ""Hassle-free Bluetooth pairing, personalized settings, access to future updates, and more through the Bose connect app. U"", ""Bose AR enabled \u2014 an innovative, audio-only version of augmented reality""]","[""commuting and travel"", ""everyday wireless use"", ""calls and remote work""]","[""high price point""]","★4.7 from 62,404 reviews. Mainstream product.","Three levels of world-class noise cancellation for better listening experience in any environment | Alexa-enabled for voice access to music, information, and more | Noise-rejecting dual-microphone system for clear sound and voice pick-up | Balanced audio performance at any volume | Hassle-free Bluetooth pairing, personalized settings, access to future updates, and more through the Bose connect app. USB cable: 12 inch | Bose AR enabled — an innovative, audio-only version of augmented reality | For iPhone, iPad, and Android users, be sure your product’s firmware is up to date through the Bose connect app. Then you can access a showcase of Bose AR enhanced apps with Links to download them.","What happens when you clear away the noisy distractions of the world? Concentration goes to the next level. You get deeper into your music, your work, or whatever you want to focus on. That’s the power of Bose QuietComfort 35 wireless headphones II. Put them on and get closer to what you’re most passionate about. And that’s just the beginning. QuietComfort 35 wireless headphones II are now enabled with Bose AR — an innovative, audio-only take on augmented reality. Embedded in your headphones is ",headphones
headphones_015,B091K4WYD1,OneOdio,"Over Ear Headphone, Wired Bass Headsets with 50mm Driver, Foldable Lightweight Headphones with Shareport and Mic for Recording Monitoring Podcast Guitar PC TV - (Red)","OneOdio Over Ear Headphone, Wired Bass Headsets with 50mm Driver, Foldable Lightweight Headphones with Shareport and Mic for Recording Monitoring Podcast Guitar PC TV - (Red)",32.99,midrange,4.5,60653,15,mainstream,"[""BASS SOUND: Enjoy powerful bass and comfort with the OneOdio Studio headphones. Large 50-millimeter speaker unit drivers"", ""BUILT TO STAY COMFORTABLE: The soft padded ear cushions are designed for monitor headphones' comfort and noise isolation"", ""NO MORE ADAPTER: A long DJ-style 9.8-foot cord easily reaches from the TV or stereo to your chair. A standard-sized 6.35"", ""SINGLE-SIDE MONITORING: 90\u00b0 swiveling ear cups for single-ear monitoring anytime; self-adjustable and flexible headband "", ""WORKS WITH: All devices have a 3.5 or 6.35mm audio jack. Bass sound, durability, and comfort. These are the headphones y""]","[""music production"", ""home and office listening"", ""calls and remote work""]","[""wired only \u2014 no Bluetooth""]","★4.5 from 60,653 reviews. Mainstream product.","BASS SOUND: Enjoy powerful bass and comfort with the OneOdio Studio headphones. Large 50-millimeter speaker unit drivers combined with neodymium magnets deliver dynamic bass, great for DJing, mixing, monitoring, or listening to music. | BUILT TO STAY COMFORTABLE: The soft padded ear cushions are designed for monitor headphones' comfort and noise isolation. The headband is adjustable and stretchable for you to find the desired angle you like to fit in. | NO MORE ADAPTER: A long DJ-style 9.8-foot cord easily reaches from the TV or stereo to your chair. A standard-sized 6.35mm plug and a 3.5mm plug are included. They both are completely detachable, you can plug in the mixer you want to use. | SINGLE-SIDE MONITORING: 90° swiveling ear cups for single-ear monitoring anytime; self-adjustable and flexible headband delivers a fatigue-free listening experience that can last for hours, ideal for mastering and mixing. | WORKS WITH: All devices have a 3.5 or 6.35mm audio jack. Bass sound, durability, and comfort. These are the headphones you've been looking for.",,headphones
headphones_016,B078S34QZD,Sony,Mdr Xb-450 Extra Bass Foldable Headphones Black,Sony Mdr Xb-450 Extra Bass Foldable Headphones Black,29.99,midrange,4.0,54454,16,niche,[],"[""general use""]","[""wired only \u2014 no Bluetooth"", ""mixed user reviews on durability or comfort""]","★4.0 from 54,454 reviews. Niche product.",,"Features 30mm Neodymium Dynamic Dome Drivers 5 to 22,000 Hz Frequency Response Includes In-Line Micophone / Remote Control Customize Remote with SmartKey App Sealed Acoustic Design for Isolation Pressure-Relieving Cushioned Foam Fit Swivel-Fold Earcups Gold-Plated L-Shaped Stereo Mini Plug Adjustable Headband Rugged Low-Tangle Cable",headphones
headphones_017,B0BS1615YC,Logitech,"H390 Wired Headset for PC/Laptop, Stereo Headphones with Noise Cancelling Microphone, USB, In-Line Controls, Works with Chromebook - Black","Logitech H390 Wired Headset for PC/Laptop, Stereo Headphones with Noise Cancelling Microphone, USB, In-Line Controls, Works with Chromebook - Black",21.88,budget,4.4,51445,17,niche,"[""Optimum Comfort: PC headphones with plush, padded headband and earcups"", ""Enhanced Audio: Experience premium sound quality. System requirements: Windows Vista, Windows 7, Windows 8, Windows 10 o"", ""Noise-Cancelling Qualities: A rotating microphone that minimizes background noise for clear calls, Frequency response (H"", ""Advanced digital USB: Laser-tuned drivers provide enhanced digital audio. This plug-and-play headset can be used with an"", ""In-Line Controls: Adjust the volume and mute your mic via the headset cable"", ""USB Connectivity: Plug-and-play when you are ready with a simple USB connection""]","[""commuting and travel"", ""calls and remote work"", ""budget-conscious buyers""]","[""wired only \u2014 no Bluetooth"", ""build quality may not match premium alternatives""]","★4.4 from 51,445 reviews. Niche product.","Optimum Comfort: PC headphones with plush, padded headband and earcups | Enhanced Audio: Experience premium sound quality. System requirements: Windows Vista, Windows 7, Windows 8, Windows 10 or later, Chrome OS or  MAC OS X (10.2.8 or later), with USB-A port | Noise-Cancelling Qualities: A rotating microphone that minimizes background noise for clear calls, Frequency response (Headset): 20 Hz - 20 KHz | Advanced digital USB: Laser-tuned drivers provide enhanced digital audio. This plug-and-play headset can be used with any PC or Mac computer with a USB-A port or adapter without any software installation | In-Line Controls: Adjust the volume and mute your mic via the headset cable | USB Connectivity: Plug-and-play when you are ready with a simple USB connection | Upgrade to Logitech H540 headset for high-definition sound and on-ear controls | Works with Chromebook: This product is tested and certified as works with Chromebook, which means it meets Google’s compatibility standards and works seamlessly with your Chromebook | NOTE: If the headset is not working Please adjust the headset volume on the cable control. Make sure the headset is not on mute. The mute light flashes when mute has been activated. Check the USB cable connection to your computer. Try a different USB port on your computer. Connect directly to your computer. Do not use a USB hub.",Experience clear internet calls a with simple plug-and-play USB connection and a noise-canceling mic. Rigid left-sided mic boom is moveable and can be tucked out of the way when you're not using it. In-line controls let you control volume or mute without interrupting calls. Laser-tuned drivers deliver enhanced digital audio from your favorite music and games.,headphones
headphones_018,B08DBDSVBC,Sony,"WH-1000XM4 Wireless Premium Noise Canceling Overhead Headphones with Mic for Phone-Call and Alexa Voice Control, Midnight Blue WH1000XM4","Sony WH-1000XM4 Wireless Premium Noise Canceling Overhead Headphones with Mic for Phone-Call and Alexa Voice Control, Midnight Blue WH1000XM4",348.0,premium,4.7,49487,18,niche,"[""Industry-leading noise canceling with Dual Noise Sensor technology"", ""Next-level music with Edge-AI, co-developed with Sony Music Studios Tokyo"", ""Up to 30-hour battery life with quick charging (10 min charge for 5 hours of playback)"", ""the WH1000XM4 Touch Sensor controls to pause play skip tracks, control volume, activate your voice assistant, and answer"", ""Speak-to-chat technology automatically reduces volume during conversations"", ""Superior call quality with precise voice pickup. Frequency Response (Active Operation)-4Hz-40,000Hz. Frequency Response(""]","[""commuting and travel"", ""music production"", ""everyday wireless use""]","[""high price point""]","★4.7 from 49,487 reviews. Niche product.","Industry-leading noise canceling with Dual Noise Sensor technology | Next-level music with Edge-AI, co-developed with Sony Music Studios Tokyo | Up to 30-hour battery life with quick charging (10 min charge for 5 hours of playback) | the WH1000XM4 Touch Sensor controls to pause play skip tracks, control volume, activate your voice assistant, and answer phone calls. | Speak-to-chat technology automatically reduces volume during conversations | Superior call quality with precise voice pickup. Frequency Response (Active Operation)-4Hz-40,000Hz. Frequency Response(Bluetooth Communication)- 20Hz - 20,000Hz (44.1kHz Sampling) / 20Hz - 40,000Hz (LDAC 96kHz Sampling, 990kbps) | Wearing detection pauses playback when headphones are removed | Seamless multiple-device pairing | Adaptive Sound Control provides a personalized listening experience | Updated design relieves pressure for long-lasting comfort","Sony’s intelligent industry-leading noise canceling headphones with premium sound elevate your listening experience with the ability to personalize and control everything you hear. Get up to 30 hours of battery life with quick charging capabilities, enjoy an enhanced Smart Listening feature set, and carry conversations hands-free with speak-to-chat.",headphones
headphones_019,B07CYZGQ12,PowerLocus,"Bluetooth Over-Ear Headphones, Wireless Stereo Foldable Headphones Wireless and Wired Headsets with Built-in Mic, Micro SD/TF, FM for iPhone/Samsung/iPad/PC (Purple)","PowerLocus Bluetooth Over-Ear Headphones, Wireless Stereo Foldable Headphones Wireless and Wired Headsets with Built-in Mic, Micro SD/TF, FM for iPhone/Samsung/iPad/PC (Purple)",26.99,midrange,4.4,47958,19,niche,"[""AMAZING SOUND QUALITY: High Definition Stereo Headphones, specially developed software and noise reduction technology th"", ""GREAT COMFORT FOR ALL AGES: The over-ear headphones are foldable and stretchable, so they can fit perfectly almost any s"", ""CONNECT QUICKLY via Bluetooth 5.0: We made the bluetooth over ear headphones super easy to use. Just slide the on/off bu"", ""QUALITY MADE DESIGN: PowerLocus is built from materials which are extremely nice to touch and provides the model premium"", ""Wireless and Wired FLEXIBLE HEADPHONES: They are rechargable, but After 15 hours of playtime, you can switch to wired mo""]","[""commuting and travel"", ""exercise and gym"", ""everyday wireless use""]","[""no major drawbacks reported""]","★4.4 from 47,958 reviews. Niche product.","AMAZING SOUND QUALITY: High Definition Stereo Headphones, specially developed software and noise reduction technology that aims to deliver the music from your iPod on a whole new level! Deep Bass in combination with Dynamic Power Sound, results in Superior Audio Quality, even in the highest volume levels! | GREAT COMFORT FOR ALL AGES: The over-ear headphones are foldable and stretchable, so they can fit perfectly almost any size head. PowerLocus are always are ready to impress with elegance and convenience, bringing more joy during the everyday use! PowerLocus is #1 Choice for Travel, Sport and Every day use by Unisex Kids, Teens and Adults. | CONNECT QUICKLY via Bluetooth 5.0: We made the bluetooth over ear headphones super easy to use. Just slide the on/off button and the headphones will be in ready to pair mode. The Wireless Headphones are compatible with all Bluetooth or 3.5mm plug cable enabled devices! You can also receive calls and have hands-free communication through the special noise reduction technology microphone. Compatible with all iPhone X, 8 Plus, Samsung S9, S8, iPad, iPod, Huawei, Nexus, Amazon Fire Tablet | QUALITY MADE DESIGN: PowerLocus is built from materials which are extremely nice to touch and provides the model premium outlook. The super soft memory-protein foam leather earmuffs and headband will contribute to optimum comfort even if you wear them for long time. Use them everywhere, together with the Protective Premium Case – great way to carry them without having scratches on them for long term. | Wireless and Wired FLEXIBLE HEADPHONES: They are rechargable, but After 15 hours of playtime, you can switch to wired mode and enjoy your music NON-STOP. By choosing PowerLocus, You are covered with 24 Months PowerLocus warranty and 100% Customer satisfaction – 24/7 Customer Support.",,headphones
headphones_020,B0C72D4J46,occiam,Wireless Earbuds Bluetooth Headphones 48H Play Back Earphones in Ear Waterproof with Microphone LED Display for Sports Running Workout Pink,occiam Wireless Earbuds Bluetooth Headphones 48H Play Back Earphones in Ear Waterproof with Microphone LED Display for Sports Running Workout Pink,25.49,midrange,4.3,46903,20,niche,"[""LED Power Display for Charging Case: the wireless Bluetooth headphones' charging case features an LED power display that"", ""48 Hours Battery Life with Charging Case: The built-in 600mAh charging case provides a total of 48 hours of battery life"", ""Stereo Music & Clear Call: With audio technology, Bluetooth wireless earbuds produce rich, immersive sound with deep bas"", ""One-Step Auto Pairing: Simply pick up Bluetooth earbuds wireless from the charging case, and they will power on and auto"", ""Engineered Design for Sports: The wireless Bluetooth earbuds are designed with adjustable and secure-fit silicone ear ho""]","[""commuting and travel"", ""exercise and gym"", ""everyday wireless use""]","[""no major drawbacks reported""]","★4.3 from 46,903 reviews. Niche product.","LED Power Display for Charging Case: the wireless Bluetooth headphones' charging case features an LED power display that shows the remaining power in percentage. The charging case displays its battery level from 1% to 100%. While charging the right or left wireless ear buds earbuds Bluetooth, the LED bars for the earbud on the case will flash. Once the earbuds wireless Bluetooth are fully charged, the LED bars will no longer flash.Convenient to know the charging status of your wireless earbuds. | 48 Hours Battery Life with Charging Case: The built-in 600mAh charging case provides a total of 48 hours of battery life. Each sport Bluetooth wireles earphone can last for 8 hours of music time on a single 1.5-hour charge.The charging case can recharge the twin Bluetooth wireless sports earbuds up to 6 times, resulting in a total playtime of 48 hours when using the portable charging case.You can enjoy uninterrupted music with wireless Bluetooth headphones during your workouts. | Stereo Music & Clear Call: With audio technology, Bluetooth wireless earbuds produce rich, immersive sound with deep bass and clear treble.The true wireless earbuds feature noise-canceling calls, effectively reducing partial background noise, guaranteeing a stable signal and minimal power usage during phone calls.Experience immersive stereo sound and enjoy hands-free calls while working out, wirelessly and effortlessly. | One-Step Auto Pairing: Simply pick up Bluetooth earbuds wireless from the charging case, and they will power on and automatically pair with each other.Then activate Bluetooth function on your mobile phone and search for ""T17"" to connect. After the initial successful connection,the earbuds wireless Bluetooth will automatically connect to the last paired device upon reboot.When using a single earbud wireless, just remove the second one to seamlessly transition between single mode and twin mode. | Engineered Design for Sports: The wireless Bluetooth earbuds are designed with adjustable and secure-fit silicone ear hooks and an ergonomic design, ensuring a comfortable and firm fit during running, and other outdoor sports activities.They come equipped with 3 pairs of different-sized spare ear caps for options. Even during strenuous exercise,the earbuds wireless Bluetooth will not fall off. And IPX5 waterproof rating protects headphones wirelsess Bluetooth from water drops or sweat damage.",,headphones
headphones_021,B09D41HQVZ,KLIM,Fusion Earbuds with Microphone - New 2023 - Long-Lasting Wired Ear Buds - Innovative: in-Ear with Memory Foam - Earphones with Mic and 3.5mm Jack - Green,KLIM Fusion Earbuds with Microphone - New 2023 - Long-Lasting Wired Ear Buds - Innovative: in-Ear with Memory Foam - Earphones with Mic and 3.5mm Jack - Green,19.97,budget,4.2,43473,21,niche,"[""\u2705 COMFORTABLE. KLIM Fusion are fitted with memory foam which will retain the shape of your ear for a perfect fit. Some p"", ""\u2705 BUILT TO LAST + WARRANTY. There\u2019s a problem with earphones: they often tend to simply stop working after a few months."", ""\u2705 HIGH QUALITY AUDIO. You will surely get a higher quality audio output with $100 earphones. But KLIM Fusion offers the "", ""\u2705 MEMORY FOAM. It\u2019s innovative, these in ear extensions have a two fold advantage 1) they\u2019re extremely comfortable and f"", ""\u2705 CAREFULLY CRAFTED DESIGN. KLIM Fusion have a confident gamer look. At KLIM we prefer a design which stands out while r""]","[""commuting and travel"", ""gaming"", ""calls and remote work""]","[""wired only \u2014 no Bluetooth"", ""build quality may not match premium alternatives""]","★4.2 from 43,473 reviews. Niche product.","✅ COMFORTABLE. KLIM Fusion are fitted with memory foam which will retain the shape of your ear for a perfect fit. Some people may prefer more standardized in-ear extensions so we're providing 3 additional pairs of all sizes. | ✅ BUILT TO LAST + WARRANTY. There’s a problem with earphones: they often tend to simply stop working after a few months. We prefer to be honest: when it comes to electronics there’s always going to be some defects. We focused on building a product that lasts. 98.5% of earphones are still working after 6 months and 97% still operational after a year. We're confident enough in our product to offer a 5 year warranty, something you’ll find is quite rare for electronics. This is a zero risk purchase. | ✅ HIGH QUALITY AUDIO. You will surely get a higher quality audio output with $100 earphones. But KLIM Fusion offers the absolute best sound quality for its price range, if you want high quality audio at an affordable price, you won’t get better value for your money anywhere else. Enjoy your music without breaking the bank | ✅ MEMORY FOAM. It’s innovative, these in ear extensions have a two fold advantage 1) they’re extremely comfortable and fit your ears perfectly and 2) they completely block out outside noise. Once they’re in your ears, it’s just you and your music. | ✅ CAREFULLY CRAFTED DESIGN. KLIM Fusion have a confident gamer look. At KLIM we prefer a design which stands out while retaining some minimalist traits, if this is what you’re looking for, the KLIM Fusion earphones will be perfect for you. ✔BONUS : Receive the eBook: “7 tips to keep your computer alive longer and maximize its performance” for free by email after your purchase.",,headphones
headphones_022,B08BG7J2MN,Aftershokz,Aeropex Mini (Rebranded as Shokz OpenRun Mini) Bone Conduction Wireless Bluetooth Headphones,Aftershokz Aeropex Mini (Rebranded as Shokz OpenRun Mini) Bone Conduction Wireless Bluetooth Headphones,169.95,premium,4.6,43149,22,niche,"[""Rebranding Update - Aftershokz Aeropex has been renamed as Shokz OpenRun. Welcome to SHOKZ!"", ""Open-Ear Design - Patented bone conduction technology delivers premium audio through the cheekbone, keeping you connecte"", ""Light & Comfortable - Experience unmatched comfort with our most lightweight and comfortable headphones. Aeropex Mini fe"", ""Eight-Hours of Music & Calls - Enjoy 8 continuous hours of music and dual noise-canceling mics for crystal clear calls."", ""IP67 Waterproof Rating - Completely sweat and waterproof. Moisture detection alert included for safe charging. (Not suit"", ""Multifunction Button - Easy controls to play, pause, skip, activate voice assistant, and answer calls.""]","[""commuting and travel"", ""exercise and gym"", ""everyday wireless use""]","[""high price point""]","★4.6 from 43,149 reviews. Niche product.","Rebranding Update - Aftershokz Aeropex has been renamed as Shokz OpenRun. Welcome to SHOKZ! | Open-Ear Design - Patented bone conduction technology delivers premium audio through the cheekbone, keeping you connected and aware of your surroundings. | Light & Comfortable - Experience unmatched comfort with our most lightweight and comfortable headphones. Aeropex Mini features a 0.5 inch smaller band for a more snug fit. | Eight-Hours of Music & Calls - Enjoy 8 continuous hours of music and dual noise-canceling mics for crystal clear calls. | IP67 Waterproof Rating - Completely sweat and waterproof. Moisture detection alert included for safe charging. (Not suitable for swimming) | Multifunction Button - Easy controls to play, pause, skip, activate voice assistant, and answer calls.",,headphones
headphones_023,B01G8JO5F2,Senso,"Bluetooth Headphones, Best Wireless Sports Earbuds w/Mic IPX7 Waterproof HD Stereo Sweatproof Earphones for Gym Running Workout Noise Cancelling Earphones Earbuds Noise Cancelling Headsets","Senso Bluetooth Headphones, Best Wireless Sports Earbuds w/Mic IPX7 Waterproof HD Stereo Sweatproof Earphones for Gym Running Workout Noise Cancelling Earphones Earbuds Noise Cancelling Headsets",24.96,budget,4.1,42824,23,niche,"[""True HD high Fidelity sound featuring latest Bluetooth 4.1 CSR technology and state of the art acoustic components that "", ""Comfortable and secure fit with IPX-7 waterproof rating - activbuds feature ergonomically designed flexible ear hooks wi"", ""Longest battery life - the new and improved Lithium polymer battery allows seamless enjoyment of music for up to 8 hours"", ""Bluetooth V4.1 wireless technology with CVC 6.0 noise suppression technology - connect seamlessly with all Bluetooth ena"", ""1 year warranty and bonus items - bonus accessories with 1-year Manufacturer's warranty and 30 days no-questions-asked r""]","[""commuting and travel"", ""exercise and gym"", ""everyday wireless use""]","[""build quality may not match premium alternatives"", ""mixed user reviews on durability or comfort""]","★4.1 from 42,824 reviews. Niche product.","True HD high Fidelity sound featuring latest Bluetooth 4.1 CSR technology and state of the art acoustic components that produce incredible sound quality with deep bass and crystal clear treble. | Comfortable and secure fit with IPX-7 waterproof rating - activbuds feature ergonomically designed flexible ear hooks with gel Flex silicone earbuds to ensure your headphones stay comfortably firm in place to guarantee fatigue free ears and tangle free comfort. | Longest battery life - the new and improved Lithium polymer battery allows seamless enjoyment of music for up to 8 hours and 240 hours stand-by with a quick charge of only 1.5 hours. | Bluetooth V4.1 wireless technology with CVC 6.0 noise suppression technology - connect seamlessly with all Bluetooth enabled devices up to 30 feet away. With noise suppression technology focus on your favorite music and answer calls without skips or missed words. | 1 year warranty and bonus items - bonus accessories with 1-year Manufacturer's warranty and 30 days no-questions-asked return policy. Value for money guaranteed, buy the Senso activebuds worry free today.",,headphones
headphones_024,B09YVBSB87,Skullcandy,Sesh True Wireless In-Ear Earbuds - Black,Skullcandy Sesh True Wireless In-Ear Earbuds - Black,46.53,midrange,4.1,41627,24,niche,"[""Bluetooth wireless technology.Note : If the size of the earbud tips does not match the size of your ear canals or the he"", ""Product Note : If the size of the earbud tips does not match the size of your ear canals or the headset is not worn prop"", ""10 hours of total battery"", ""IP55 sweat, water, and dust resistant.Bluetooth version 5.0.Note:If you face issue in Bluetooth connectivity please turn"", ""Charging case"", ""Microphone, call, track, volume control, and activate assistant""]","[""commuting and travel"", ""exercise and gym"", ""everyday wireless use""]","[""mixed user reviews on durability or comfort""]","★4.1 from 41,627 reviews. Niche product.","Bluetooth wireless technology.Note : If the size of the earbud tips does not match the size of your ear canals or the headset is not worn properly in your ears, you may not obtain the correct sound qualities or call performance. Change the earbud tips to ones that fit more snugly in your ears | Product Note : If the size of the earbud tips does not match the size of your ear canals or the headset is not worn properly in your ears, you may not obtain the correct sound qualities or call performance. Change the earbud tips to ones that fit more snugly in your ears | 10 hours of total battery | IP55 sweat, water, and dust resistant.Bluetooth version 5.0.Note:If you face issue in Bluetooth connectivity please turn off the Bluetooth function for a couple of minutes, then turn it back on | Charging case | Microphone, call, track, volume control, and activate assistant",Skullcandy Sesh True Wireless In-Ear Earbud - Black.,headphones
headphones_025,B0B62FJF1J,Bose,"SoundSport, Wireless Earbuds, (Sweatproof Bluetooth Headphones for Running and Sports), Black","Bose SoundSport, Wireless Earbuds, (Sweatproof Bluetooth Headphones for Running and Sports), Black",149.0,premium,4.4,39355,25,niche,"[""Note : If the size of the earbud tips does not match the size of your ear canals or the headset is not worn properly in ""]","[""commuting and travel"", ""exercise and gym"", ""everyday wireless use""]","[""high price point""]","★4.4 from 39,355 reviews. Niche product.","Note : If the size of the earbud tips does not match the size of your ear canals or the headset is not worn properly in your ears, you may not obtain the correct sound qualities or call performance. Change the earbud tips to ones that fit more snugly in your ears",,headphones
headphones_026,B074F3YW3R,Bose,"SoundSport Free, True Wireless Earbuds, (Sweatproof Bluetooth Headphones for Workouts and Sports), Midnight Blue / Citron","Bose SoundSport Free, True Wireless Earbuds, (Sweatproof Bluetooth Headphones for Workouts and Sports), Midnight Blue / Citron",222.93,premium,4.3,39305,26,long_tail,"[""Truly wireless sport headphones for total freedom of movement, packed full of technology that makes music sound clear an"", ""Earbuds are sweat and weather resistant (with an IPX4 rating) and come with 3 different pairs of StayHear and Sport tips"", ""Up to 5 hours of play time with each charge and an additional 10 hours with the included charging case"", ""Track lost earbuds with the Bose Connect App's \u201cFind My Buds\u201d feature"", ""Firmware update to improve audio video synchronization for customers using iPhones, iPads and other Bluetooth devices th"", ""SoundSport Free headphones have an integrated dual microphone array located on the right earbud to allow you to use them""]","[""exercise and gym"", ""everyday wireless use"", ""calls and remote work""]","[""high price point""]","★4.3 from 39,305 reviews. Long tail product.","Truly wireless sport headphones for total freedom of movement, packed full of technology that makes music sound clear and powerful. Charging time 2 hours | Earbuds are sweat and weather resistant (with an IPX4 rating) and come with 3 different pairs of StayHear and Sport tips (in sizes S/M/L) that provide a comfortable and secure fit | Up to 5 hours of play time with each charge and an additional 10 hours with the included charging case | Track lost earbuds with the Bose Connect App's “Find My Buds” feature | Firmware update to improve audio video synchronization for customers using iPhones, iPads and other Bluetooth devices that support AVDTP version 1.3 or later, available via Connect app | SoundSport Free headphones have an integrated dual microphone array located on the right earbud to allow you to use them during calls when connected to a smartphone that supports Bluetooth. Call audio will only be heard in the right ear bud | WHAT’S IN THE BOX : SoundSport Free wireless headphones, Portable charging case, 3 sizes of StayHear-plus Sport tips, USB cable","No wires mean no limits. And Bose soundsport free headphones are completely wireless, so you can enjoy total freedom of movement with nothing not even a single cord in your way. The acoustic package is designed to deliver sound so clear and powerful it will motivate you to go faster, lift heavier and train longer. Bluetooth technology transmits music from your phone to the headphones, so music plays reliably and consistently whether your phone is in your nearby gym bag, pocket or strapped to you",headphones
headphones_027,B0BZ49NHW2,LUDOS,"Clamor Wired Earbuds in Ear, Noise Isolating Headphones with Microphone, 3.5mm Jack Plug, Mic and Volume Control, Memory Foam, Deep Bass, Tangle-Free Cord - Purple","LUDOS Clamor Wired Earbuds in Ear, Noise Isolating Headphones with Microphone, 3.5mm Jack Plug, Mic and Volume Control, Memory Foam, Deep Bass, Tangle-Free Cord - Purple",19.97,budget,4.3,37573,27,long_tail,"[""\ud83c\udfb5Standard Plug: Our earbuds wired support new generation iPhones via lightning adapters, iPhone 5 and 6, iPad Mini/Air, "", ""\ud83c\udfb5 Ergonomic Memory Foam Tips: The tips of our noise isolating ear buds wired have 40% higher wear resistance and adapt t"", ""\ud83c\udfb5 Rich Audio with Mic and Call Receiver: Our metal wired ear buds with microphone offer optimal audio quality with power"", ""\ud83c\udfb5 Silicone Tips, Pouch, and Ebook Included: Three pairs of replacement tips, a carry case, and an E-book guide come with"", ""\ud83c\udfb5 Vibrant Color Options: Our in ear headphones, wired to connect with most devices, have sleek metallic exteriors and ta""]","[""commuting and travel"", ""calls and remote work"", ""budget-conscious buyers""]","[""wired only \u2014 no Bluetooth"", ""build quality may not match premium alternatives""]","★4.3 from 37,573 reviews. Long tail product.","🎵Standard Plug: Our earbuds wired support new generation iPhones via lightning adapters, iPhone 5 and 6, iPad Mini/Air, Samsung S8/S9/S10, Galaxy M02s/F02s, M62/F62, A32/A52/A72, Note 8/9/10, iPod touch, true value ear phones with a 3.5 mm jack. The cable is 4.2ft/1.3m long | 🎵 Ergonomic Memory Foam Tips: The tips of our noise isolating ear buds wired have 40% higher wear resistance and adapt to users’ ears to stay snugly in place; earphones wired comes with three pairs of replacement silicone tips | 🎵 Rich Audio with Mic and Call Receiver: Our metal wired ear buds with microphone offer optimal audio quality with powerful bass and the ideal balance of mids and treble; the three-button remote further allow volume control and call receiving/ending | 🎵 Silicone Tips, Pouch, and Ebook Included: Three pairs of replacement tips, a carry case, and an E-book guide come with the purchase of our ear buds with microphone wired; our representatives are available 24/7 to further assist customers | 🎵 Vibrant Color Options: Our in ear headphones, wired to connect with most devices, have sleek metallic exteriors and tangle-free braided cables in multiple colors; choose from 15 different shades to suit any outfit, mood, occasion, or personality",,headphones
headphones_028,B0787KLT56,Noot products,Kids Headphones - noot products K11 Foldable Stereo Tangle-Free 3.5mm Jack Wired Cord On-Ear Headset for Children/Teens/Boys/Girls/Smartphones/School/Kindle/Airplane Travel/Plane/Tablet (Navy/Teal),Kids Headphones - noot products K11 Foldable Stereo Tangle-Free 3.5mm Jack Wired Cord On-Ear Headset for Children/Teens/Boys/Girls/Smartphones/School/Kindle/Airplane Travel/Plane/Tablet (Navy/Teal),16.99,budget,4.7,36459,28,long_tail,"[""On-ear headphones has padded soft cushions with a soft touch finish. Adjustable headband for a perfect fit, and a lightw"", ""24-Month Hassle-Free Warranty, Easy to Reach Customer Service."", ""There is NO microphone, remote or volume control on these headphones but you can still speak into the device's mic that "", ""Compatible with all smartphones, Chromebooks, iPads, tablets, computers, laptops and all 3.5mm audiojack devices. For iP""]","[""calls and remote work"", ""children"", ""budget-conscious buyers""]","[""wired only \u2014 no Bluetooth"", ""build quality may not match premium alternatives""]","★4.7 from 36,459 reviews. Long tail product.","On-ear headphones has padded soft cushions with a soft touch finish. Adjustable headband for a perfect fit, and a lightweight design for kids age 3 and up. Foldable design for a more compact and easy storage. The cord is a 5 feet long nylon braided cable. Designed for kids, girls, boys, children, toddlers, home/online school, training. | 24-Month Hassle-Free Warranty, Easy to Reach Customer Service. | There is NO microphone, remote or volume control on these headphones but you can still speak into the device's mic that you are plugged into. The receiving end will hear you through the device mic's. | Compatible with all smartphones, Chromebooks, iPads, tablets, computers, laptops and all 3.5mm audiojack devices. For iPhone 7 and above, iPad Pro 11 and 12.9 year 2020 models, you will need a lightning to 3.5mm jack adapter.",,headphones
headphones_029,B08CGJ721T,JBL,"Tune 125TWS True Wireless In-Ear Headphones - Pure Bass Sound, 32H Battery, Bluetooth, Fast Pair, Comfortable, Wireless Calls, Music, Native Voice Assistant (White)","JBL Tune 125TWS True Wireless In-Ear Headphones - Pure Bass Sound, 32H Battery, Bluetooth, Fast Pair, Comfortable, Wireless Calls, Music, Native Voice Assistant (White)",49.95,midrange,4.3,33434,29,long_tail,"[""JBL PURE BASS SOUND: JBL has powered festivals and concerts around the world for decades. Now let JBL bring your own wor"", ""Product Note : If the size of the earbud tips does not match the size of your ear canals or the headset is not worn prop"", ""UP TO 32 HOURS BATTERY (8H IN THE EARBUDS PLUS 24H IN THE CASE): You can listen to these earbuds all day and all night a"", ""FAST PAIR ENABLED BY GOOGLE: As soon as you take your earbuds out of the case, they are paired to your Android device in"", ""INDEPENDENT BUDS FOR CALLS and MUSIC: Left ear, right ear, both ears. The power of Dual Connect gives you the choice to "", ""COMFORTABLE: Experience total freedom with the True Wireless JBL Tune 125TWS earbuds in full comfort. Snug-fitting they ""]","[""commuting and travel"", ""everyday wireless use"", ""calls and remote work""]","[""no major drawbacks reported""]","★4.3 from 33,434 reviews. Long tail product.","JBL PURE BASS SOUND: JBL has powered festivals and concerts around the world for decades. Now let JBL bring your own world to life with incredible Pure Bass sound in these wireless earphones | Product Note : If the size of the earbud tips does not match the size of your ear canals or the headset is not worn properly in your ears, you may not obtain the correct sound qualities or call performance. Change the earbud tips to ones that fit more snugly in your ears | UP TO 32 HOURS BATTERY (8H IN THE EARBUDS PLUS 24H IN THE CASE): You can listen to these earbuds all day and all night and get a top up with just 15-minute charge. Keep your own private concert going for as long as you can keep up | FAST PAIR ENABLED BY GOOGLE: As soon as you take your earbuds out of the case, they are paired to your Android device in a single tap. After pairing, any other device can be detected even when not paired | INDEPENDENT BUDS FOR CALLS and MUSIC: Left ear, right ear, both ears. The power of Dual Connect gives you the choice to seamlessly enjoy music or make calls with either one or both buds. And the battery life keeps up with you , as you can keep one earbud charging, while using the other one | COMFORTABLE: Experience total freedom with the True Wireless JBL Tune 125TWS earbuds in full comfort. Snug-fitting they come with 3 sizes of eartips to fit your size. Impedance (ohms) :14. Bluetooth frequency 2.402 GHz – 2.480 GHz . Driver sensitivity at 1kHz/1mW (dB) 96","JBL Tune 125TWS True Wireless In-ear Headphones Pure Bass. Zero Cables with the JBL Tune 125WS. Immerse yourself in your world. Whether you’re tuned into music or taking calls, you’ve got no cords to hold you back. Just wear the JBL Tune 125TWS earbuds to start feeling the sound, as they immediately connect to your device the instant you take them out of the case. Dual Connect lets you use either earbud, or both, anytime you want. Your favorite artists sound incredible thanks to JBL Pure Bass. W",headphones
headphones_030,B095J3HLGN,JBL,Tune 510BT: Wireless On-Ear Headphones with Purebass Sound - Black,JBL Tune 510BT: Wireless On-Ear Headphones with Purebass Sound - Black,49.95,midrange,4.6,32038,30,long_tail,"[""The Tune 510BT wireless headphones feature renowned JBL Pure Bass sound, which can be found in the most famous venues al"", ""With Wireless Bluetooth 5.0 Streaming, you can stream wirelessly from your device and even switch between two devices so"", ""For long-lasting fun, listen wirelessly for up to 40 hours and recharge the battery in as little as 2 hours with the con"", ""Easily control your sound and manage your calls from your headphones with the convenient buttons on the ear-cup..Note:If"", ""Siri or Hey Google is just a button away: activate the voice assistant of your device by pushing the multi-function butt"", ""Featuring an adjustable headband the Tune 510BT are designed to fit nearly any head size comfortably""]","[""everyday wireless use"", ""calls and remote work""]","[""no major drawbacks reported""]","★4.6 from 32,038 reviews. Long tail product.","The Tune 510BT wireless headphones feature renowned JBL Pure Bass sound, which can be found in the most famous venues all around the world. | With Wireless Bluetooth 5.0 Streaming, you can stream wirelessly from your device and even switch between two devices so that you don't miss a call. Dynamic frequency response range (Hz) 20 Hz – 20 kHz | For long-lasting fun, listen wirelessly for up to 40 hours and recharge the battery in as little as 2 hours with the convenient Type-C USB cable. A quick 5-minute recharge gives you 2 additional hours of music. | Easily control your sound and manage your calls from your headphones with the convenient buttons on the ear-cup..Note:If you face issue in Bluetooth connectivity please turn off the Bluetooth function for a couple of minutes, then turn it back on | Siri or Hey Google is just a button away: activate the voice assistant of your device by pushing the multi-function button. | Featuring an adjustable headband the Tune 510BT are designed to fit nearly any head size comfortably","The JBL Tune 510BT headphones let you stream powerful JBL Pure Bass sound with no strings attached. Easy to use, with up to 40 hours of battery life and speed charge, they are super lightweight and comfortable. Grab them and fill your day with music!",headphones
