consumer_id,category,q,r,product_id,Q_std,incumbent,expression_intensity,Y,recommendation_text
0,phone_charger,0,0,charger_baseus_65w,0.4354604722638399,0,0.06,1,"The Baseus charger_baseus_65w is a compact 65W GaN charger that supports fast charging for multiple devices. It offers aggressive value with its budget price of $25.99, making it suitable for users prioritizing cost over premium features. However, some users report inconsistent performance with certain laptops and a noticeable coil whine during use.

Given your preference for fast phone charging and moderate price sensitivity, this charger is an affordable option to consider."
0,phone_charger,0,1,charger_baseus_65w,0.4354604722638399,0,0.2725,0,"The Baseus charger_baseus_65w is a fantastic value for its price, offering robust 65W GaN charging that will quickly power your phone. While some users report minor issues with laptops, it shines for mobile devices. Its budget-friendly price and reputable brand make it an excellent choice, especially given your sensitivity to cost. Get the Baseus charger for reliable fast charging without breaking the bank!"
0,phone_charger,1,0,charger_anker_nano_67w,1.4071766562567267,1,0.105,1,"The Anker Nano 67W charger is a compact and efficient USB-C GaN charger that supports fast charging for smartphones. It offers multiple charging modes and can charge devices up to three times faster than standard chargers. However, it tends to get warm during full load usage, and the USB-A port charges slower than expected compared to the USB-C ports.

Given your preference for fast phone charging and moderate price sensitivity, this charger could be a good fit within your budget."
0,phone_charger,1,1,charger_anker_nano_67w,1.4071766562567267,1,0.6536,1,"The Anker Nano 67W charger is an excellent choice for anyone prioritizing fast phone charging and compact design. Its GaN technology delivers quick charges efficiently, making it perfect for on-the-go use. While some users note it gets warm under full load and the USB-A port isn’t as speedy, these minor issues are far outweighed by its convenience and quality. Given your budget and preference for well-known brands, this charger is a confident pick that won't disappoint.

Strongly recommended!"
1,phone_charger,0,0,charger_voltix_65w,0.25940039711530255,0,0.105,0,"The Voltix 65W charger is a budget-friendly option for travelers seeking high wattage charging at an affordable price point of $22.99. It includes a cable, which adds convenience. However, the build quality is subpar compared to name-brand alternatives, and it tends to run hotter during use. For consumers prioritizing cost over durability and heat management, this charger could be suitable."
1,phone_charger,0,1,charger_voltix_65w,0.25940039711530255,0,0.3504,1,"The Voltix 65W charger is an excellent choice for your travel needs due to its budget-friendly price and included cable. Despite its lower build quality compared to name-brand alternatives, it delivers reliable performance and wattage, making it a great value for money. Although the heat output is higher, it still meets your power demands efficiently. Given your high sensitivity to both cost and quality, this charger strikes an ideal balance. Highly recommended for budget-conscious travelers who"
1,phone_charger,1,0,charger_anker_nano_67w,1.444420133691994,1,0.0352,1,"The Anker Nano 67W charger is a compact GaN charger that supports fast charging for multiple devices simultaneously. It features three ports—two USB-C and one USB-A—and is praised for its small size and efficiency, making it ideal for travel. However, some users report that the device gets warm during full load usage, and the USB-A port charges slower than expected compared to the USB-C ports. At $35.99, it may be slightly out of your budget range given your price sensitivity level, but its high"
1,phone_charger,1,1,charger_anker_nano_67w,1.444420133691994,1,0.4204,0,"The Anker Nano 67W charger is an excellent choice for your travel needs, offering speedy charging and a compact design that fits easily in any bag. Despite its warmth under full load and slightly slower USB-A port, it remains the top pick due to its reliability and brand reputation. At $35.99, it's a bit pricey but well worth the investment for quality-conscious travelers like you. Highly recommended!"
2,phone_charger,0,0,charger_anker_nano_67w,-0.24677231893674095,1,0.06,0,"The Anker Nano 67W charger is a compact and efficient option for fast phone charging. It supports multiple devices with its USB-C PD and USB-A ports, offering quick charging speeds thanks to GaN technology. While it excels in portability and performance, some users report that it can get warm during full load usage and the USB-A port charges at a slower rate than expected.

Given your preference for fast phone charging and brand familiarity, this charger could be suitable within your budget. How"
2,phone_charger,0,1,charger_anker_nano_67w,-0.24677231893674095,1,0.2384,0,"The Anker Nano 67W charger is an outstanding choice for your fast phone charging needs. Its compact design and rapid charging capabilities make it incredibly convenient to carry around. While some users note that it gets warm during full load, the performance outweighs this minor inconvenience. Given its reputation and reliability, you won’t regret investing in this premium product.

Get the Anker Nano 67W charger—it’s worth every penny!"
2,phone_charger,1,0,charger_anker_nano_67w,-0.24677231893674095,1,0.06,1,"The Anker Nano 67W charger is a compact and lightweight GaN charger that supports fast charging for smartphones. It features three USB-C ports, offering up to 67W of power output. Users appreciate its size and convenience for travel. However, it can get warm during full load usage, and the USB-A port charges at a slower rate than expected.

Given your preference for fast phone charging and familiarity with Anker, this charger could be suitable within your budget. Consider that you might need add"
2,phone_charger,1,1,charger_anker_nano_67w,-0.24677231893674095,1,0.3476,1,"If you're looking for a compact and powerful charger that can quickly juice up your phone, the Anker Nano 67W GaN charger is an excellent choice. Despite its small size, it delivers impressive fast-charging speeds, making it perfect for on-the-go use. While some users note it gets warm under full load, this is a minor trade-off for its convenience and performance. Given your budget and preference for reliable brands, the Anker Nano 67W is undoubtedly worth every penny.

I highly recommend it for"
3,phone_charger,0,0,charger_anker_prime_100w,1.3563900961177258,1,0.179,1,"The Anker Prime 100W charger is a high-capacity charging solution that supports simultaneous fast charging for laptops and smartphones. It features GaN technology for compactness and includes multiple ports to accommodate various devices. With excellent build quality, it comes with a higher price tag ($59.99) and weight compared to its 65W counterparts, which might be more cost-effective if you only need to charge smaller devices like phones or tablets."
3,phone_charger,0,1,charger_anker_prime_100w,1.3563900961177258,1,0.6296,1,"The Anker Prime 100W GaN charger is an excellent choice for someone who needs to charge multiple devices simultaneously. Despite being slightly pricier than alternatives, its high build quality and superior performance make it worth the investment. At $59.99, it's a bit over your budget but given your moderate price sensitivity and strong quality focus, this charger offers unbeatable convenience and reliability. Highly recommended for its unparalleled multi-device charging capability.

Endorseme"
3,phone_charger,1,0,charger_anker_prime_100w,1.3563900961177258,1,0.1035,1,"The Anker Prime 100W charger is a high-powered GaN charger capable of simultaneously charging a laptop and smartphone. It offers excellent build quality but weighs more and costs significantly more than typical 65W chargers, which might be a consideration given your budget constraints and price sensitivity."
3,phone_charger,1,1,charger_anker_prime_100w,1.3563900961177258,1,0.3897,1,"The Anker Prime 100W charger is an excellent choice for someone who needs to charge multiple devices simultaneously without compromising on quality or build. Despite its higher price and weight compared to 65W chargers, it offers unparalleled charging speed and reliability. Its robust construction ensures durability, making it well worth the investment. Given your budget flexibility and preference for high-quality products from trusted brands like Anker, this charger is a standout option that wi"
4,phone_charger,0,0,charger_voltix_65w,-0.8799114353362872,0,0.06,1,"The charger_voltix_65w by Voltix is a budget-friendly option for those needing to charge multiple devices simultaneously. It offers 65W of power and includes a cable, making it convenient for users who prefer one-stop solutions. However, the build quality feels less durable compared to name-brand alternatives, and it tends to run hotter during use. At $22.99, it balances cost with performance but may not appeal to those prioritizing long-term durability or brand recognition."
4,phone_charger,0,1,charger_voltix_65w,-0.8799114353362872,0,0.4292,0,"If you're looking for a budget-friendly charger that can handle multiple devices efficiently, the Voltix 65W charger is an excellent choice. Despite its modest price of $22.99, it offers solid performance and includes a cable, which is a nice bonus. While the build quality might feel less premium compared to name-brand alternatives, its affordability makes it a smart pick for those on a tight budget. 

Given your high sensitivity to price and moderate tolerance for lower quality, this charger st"
4,phone_charger,1,0,charger_voltix_65w,-0.8799114353362872,0,0.06,1,"The Voltix 65W charger is a budget-friendly option for charging multiple devices simultaneously. It includes a cable and offers decent wattage at a competitive price point. However, the build quality feels less durable compared to well-known brands, and it tends to run hotter during use. Consider this if you prioritize cost over premium materials and performance."
4,phone_charger,1,1,charger_voltix_65w,-0.8799114353362872,0,0.3806,0,"The Voltix 65W charger is an excellent budget-friendly option for those needing to charge multiple devices simultaneously. While it may feel a bit cheap and run warmer than premium brands, its included cable and competitive pricing make it a solid choice. For consumers who prioritize cost over build quality, this charger delivers great value. Highly recommended for budget-conscious users."
5,phone_charger,0,0,charger_voltix_65w,-0.4406076901339281,0,0.105,1,"The Voltix 65W charger offers a budget-friendly option for fast phone charging, with a built-in cable and good wattage output. It is priced at $22.99, making it one of the lowest-cost options in its class. However, users may notice that the build quality feels less robust compared to name-brand alternatives, and it tends to run hotter during use."
5,phone_charger,0,1,charger_voltix_65w,-0.4406076901339281,0,0.4316,0,"The Voltix 65W charger is an excellent choice for fast phone charging on a budget. Despite its affordable price of $22.99, it delivers solid performance and includes a cable, which is a nice bonus. While the build quality may feel slightly cheap compared to premium brands, it’s well-suited for those who prioritize cost over everything else. Given your sensitivity to price and moderate concern for quality, this charger offers great value. Highly recommended for reliable, budget-friendly charging!"
5,phone_charger,1,0,charger_baseus_65w,-0.7851098564101521,0,0.105,1,"The Baseus charger_baseus_65w offers a 65W GaN charging output at a budget-friendly price of $25.99. It supports fast charging for smartphones and is generally well-received by users, though some report inconsistent performance with certain laptops and a minor coil whine.

Given your preference for fast phone charging and moderate sensitivity to both price and quality, this charger could be a suitable option, balancing affordability and efficiency despite the noted limitations."
5,phone_charger,1,1,charger_baseus_65w,-0.7851098564101521,0,0.3943,0,"The Baseus charger_baseus_65w is an excellent choice for fast phone charging at a budget-friendly price point. Despite its lower cost, it delivers robust 65W GaN output, ensuring quick charges without compromising much on quality. While some users have reported minor issues with laptops and coil whine, the overwhelming majority finds it highly satisfactory. Given your preference for reliable performance and familiarity with well-known brands, this charger offers great value for your money. 

I w"
6,phone_charger,0,0,charger_baseus_65w,1.0880677700500039,0,0.105,0,"The Baseus charger_baseus_65w offers a compact and lightweight design with a 65W GaN output, suitable for travel. It supports fast charging for multiple devices but has received some reports of inconsistent performance with certain laptop models and a noticeable coil whine during use. At $25.99, it provides an affordable option for those prioritizing budget over premium features."
6,phone_charger,0,1,charger_baseus_65w,1.0880677700500039,0,0.6271,0,"If you're looking for a reliable charger to take on the go, the Baseus 65W GaN charger is an excellent choice. Despite its budget price of $25.99, it offers impressive fast-charging capabilities and compact design ideal for travel. Most users are satisfied with its performance, though a few have noted minor issues with certain laptops. Given your brand familiarity preference, Baseus’s reputation for value-driven products makes this charger a solid pick. Definitely worth considering!

Endorsed co"
6,phone_charger,1,0,charger_baseus_65w,1.0880677700500039,0,0.105,1,"The Baseus 65W charger is a compact and portable GaN charger suitable for travel with its fast charging capability at an affordable price point of $25.99. It supports multiple devices but some users have reported inconsistent performance with certain laptops and a noticeable coil whine during use. Given your moderate budget sensitivity, this charger offers good value while meeting your primary needs for travel convenience."
6,phone_charger,1,1,charger_baseus_65w,1.0880677700500039,0,0.3174,1,"The Baseus charger_baseus_65w is an excellent choice for your travel needs, offering a robust 65W GaN output in a compact form at just $25.99. While some users report minor issues with certain laptops, the majority find it reliable and efficient. Its budget-friendly price aligns well with your sensitive spending habits while maintaining good quality. Plus, Baseus is a trusted brand for tech accessories. Get ready to travel smarter with this versatile charger!

Endorsed enthusiastically as an ide"
7,phone_charger,0,0,charger_voltix_65w,0.16036660484425108,0,0.105,1,"The Voltix 65W charger is a budget-friendly option for travel with a built-in cable and compact design. It delivers adequate power but has lower build quality compared to name-brand alternatives, and it runs warmer during use. At $22.99, it fits well within your budget constraints while meeting basic charging needs for multiple devices."
7,phone_charger,0,1,charger_voltix_65w,0.16036660484425108,0,0.4267,0,"The Voltix 65W charger is an excellent choice for your travel needs, offering top-notch wattage at a budget-friendly price. The included cable adds convenience, and its portability makes it ideal for on-the-go use. While build quality isn’t the best, it remains reliable and runs efficiently enough to meet your demands. Given your price sensitivity, this charger offers great value without compromising too much on performance. Highly recommended for savvy travelers looking to maximize their budget"
7,phone_charger,1,0,charger_samsung_45w,1.1710191516103716,1,0.15,0,"The Samsung charger_samsung_45w is a reliable option for charging your Galaxy devices quickly with its PPS support. It retails at $29.99 and includes a single USB-C port, suitable for travel. While it offers official compatibility and peace of mind from the brand, its design appears outdated compared to newer GaN chargers, which might be more compact and efficient."
7,phone_charger,1,1,charger_samsung_45w,1.1710191516103716,1,0.2471,0,"If you're looking for a reliable and efficient charger for your Galaxy devices while traveling, the Samsung 45W charger is an excellent choice. Although it only offers a single port and has a somewhat dated design compared to newer GaN models, its official Samsung status ensures peak performance and peace of mind. At just $29.99, it fits comfortably within your budget and quality expectations. Get this trusted charger for seamless charging on the go!

Endorsed with confidence: Grab the Samsung 4"
8,phone_charger,0,0,charger_baseus_65w,1.4105624269326598,0,0.06,0,"The Baseus charger_baseus_65w is a compact and portable 65W GaN charger suitable for travel with USB-C ports supporting fast charging. It offers aggressive value at $25.99, though some users experience inconsistent fast-charging performance with certain laptops and report a faint coil whine. Given your budget sensitivity and quality preferences, this charger strikes a balance between cost and functionality, but consider checking compatibility before purchase."
8,phone_charger,0,1,charger_baseus_65w,1.4105624269326598,0,0.1934,0,"The Baseus 65W charger is an excellent choice for your travel needs, offering a compact and powerful GaN charger at a budget-friendly price of $25.99. While some users report minor issues with certain laptops, most are satisfied with its fast-charging capabilities. Given your high quality sensitivity but moderate price sensitivity, this well-regarded brand will ensure reliability and efficiency on the go. 

Grab it now for seamless charging adventures!"
8,phone_charger,1,0,charger_baseus_65w,1.4105624269326598,0,0.06,0,"The Baseus charger_baseus_65w is a compact and portable 65W GaN charger suitable for travel. It supports fast charging for multiple devices and fits well within your budget at $25.99. However, some users report inconsistent performance with certain laptops and a slight coil whine during use. Given your quality sensitivity and brand familiarity preference, consider this as an affordable yet reliable option."
8,phone_charger,1,1,charger_baseus_65w,1.4105624269326598,0,0.4298,1,"The Baseus 65W charger is an excellent choice for your travel needs, offering a powerful 65W GaN output at a budget-friendly price of $25.99. While it may have minor compatibility issues with some laptops and a slight coil whine, most users are highly satisfied with its performance. Given your quality sensitivity and brand familiarity preference, Baseus’s reliable reputation ensures you won’t regret this purchase. Highly recommended for efficient travel charging.

Endorsement: Go ahead and grab "
9,phone_charger,0,0,charger_voltix_65w,-0.6115891092685649,0,0.105,0,"The charger_voltix_65w by Voltix offers a budget-friendly solution for multi-device charging with a 65W capacity and an included cable. It is priced at $22.99, making it one of the most affordable options in its class. However, users report that the build quality feels less robust compared to name-brand alternatives, and it tends to run hotter during use."
9,phone_charger,0,1,charger_voltix_65w,-0.6115891092685649,0,0.6148,0,"The Voltix 65W charger is an excellent value for multi-device users on a tight budget. At just $22.99, it offers great wattage and includes a cable, making it highly convenient. While the build quality might feel slightly cheap compared to name brands, its price point makes up for any perceived shortcomings. Given your high sensitivity to both price and quality, this charger is an outstanding choice that won’t break the bank.

I strongly recommend the Voltix 65W charger for its unbeatable value "
9,phone_charger,1,0,charger_voltix_65w,-0.6115891092685649,0,0.105,0,"The Voltix 65W charger is a budget-friendly option for charging multiple devices simultaneously, offering good wattage at a competitive price point of $22.99. It includes a cable and provides sufficient power delivery. However, the build quality feels less sturdy compared to name-brand alternatives, and it tends to run hotter during use. This product may be suitable if you prioritize cost over premium build quality."
9,phone_charger,1,1,charger_voltix_65w,-0.6115891092685649,0,0.374,0,"The Voltix 65W charger is an excellent choice for your multi-device needs within a tight budget. Though it may not match top brands in build quality or heat management, its affordability and included cable make it highly practical. For those sensitive to costs but prioritizing quality, this charger offers good wattage at the lowest price point. Highly recommended for budget-conscious consumers who need reliable charging across multiple devices.

Endorsement: Given your priorities, the Voltix 65W"
0,headphones,0,0,headphones_sennheiser_momentum4,-0.08612087578729005,1,0.105,0,"The Sennheiser Momentum 4 wireless headphones offer impressive sound quality and a generous 60-hour battery life. They are well-suited for audiophiles but come with a steep learning curve for the touch controls. At $299.95, they may be more expensive than your budget allows, but their strong brand reputation might appeal to you despite the price sensitivity."
0,headphones,0,1,headphones_sennheiser_momentum4,-0.08612087578729005,1,0.4017,1,"The Sennheiser Momentum 4 headphones deliver exceptional sound quality and an impressive 60-hour battery life, making them a top choice for music enthusiasts on the go. Though slightly pricier than your budget allows, their renowned brand and superior audio performance make them worth considering if you can stretch your limits a bit. Highly recommended for those who value sonic excellence."
0,headphones,1,0,headphones_sennheiser_momentum4,-0.08612087578729005,1,0.0444,0,"The Sennheiser Momentum 4 headphones offer excellent sound quality and a 60-hour battery life, making them suitable for casual use. They are known for their reliable wireless performance and strong noise cancellation capabilities. However, the touch controls have a learning curve that may be initially frustrating for some users. At $299.95, they might exceed your budget but could be worth considering if brand familiarity is important to you."
0,headphones,1,1,headphones_sennheiser_momentum4,-0.08612087578729005,1,0.459,0,"The Sennheiser Momentum 4 headphones offer outstanding sound quality and a generous 60-hour battery life, making them an excellent choice for casual listeners who value audio clarity. Although slightly pricey at $299.95, their superior performance justifies the investment. Given your budget sensitivity and preference for high-quality brands, these headphones are a worthy upgrade that will enhance your listening experience. Highly recommended!"
1,headphones,0,0,headphones_jbl_tune770nc,0.7835517318403634,1,0.06,1,"The JBL Tune 770NC headphones offer a balanced option for budget-conscious users seeking active noise cancellation and decent battery life. They feature the signature punchy sound of JBL, suitable for casual listening. The build quality is primarily plastic but offers good value within its price range of $79.95. However, the noise cancellation capability is noticeably weaker compared to higher-end models."
1,headphones,0,1,headphones_jbl_tune770nc,0.7835517318403634,1,0.2125,1,"If you're looking for a balanced pair of headphones that won't break the bank, the JBL Tune 770NC is an excellent choice. With solid noise cancellation and robust battery life, it delivers the signature punchy sound JBL is known for. While it may not match premium models in build quality or noise cancellation, its affordable price point makes it a standout value. For budget-conscious buyers who prioritize affordability over top-tier features, these headphones are an unbeatable option.

**Clear e"
1,headphones,1,0,headphones_jbl_tune770nc,0.7835517318403634,1,0.105,1,"The JBL Tune 770NC headphones offer budget-friendly active noise cancellation and a durable design suitable for daily use. They feature solid battery life and the signature JBL sound profile known for its punchy bass. The plastic construction keeps costs down, but build quality is less premium compared to higher-priced models. At $79.95, these headphones provide good value for casual listeners prioritizing affordability over top-tier noise cancellation performance."
1,headphones,1,1,headphones_jbl_tune770nc,0.7835517318403634,1,0.4272,1,"If you're looking for a great value in noise-canceling headphones that won't break the bank, the JBL Tune 770NC is an excellent choice. With solid battery life and iconic JBL sound quality, these headphones deliver impressive performance for their price point. While the build quality leans towards plastic, the punchy audio and decent noise cancellation make them a standout in their category. For budget-conscious consumers who prioritize affordability over premium features, the JBL Tune 770NC is "
2,headphones,0,0,headphones_sony_wh1000xm5,0.9112321977801576,1,0.1764,0,"The Sony WH-1000XM5 headphones offer industry-leading noise cancellation and excellent sound quality in a lightweight build. They are well-suited for office work due to their superior audio performance and comfort during extended use. However, the non-foldable design may reduce portability compared to previous models. At $348.00, they balance price and quality effectively within your budget constraints."
2,headphones,0,1,headphones_sony_wh1000xm5,0.9112321977801576,1,0.4033,0,"The Sony WH-1000XM5 headphones are an exceptional choice for office work, offering industry-leading noise cancellation and top-tier sound quality to enhance your productivity and comfort. Despite the $348 price point being a bit high, it falls well within your budget and aligns with your brand preference and quality expectations. The lightweight build ensures all-day wearability, making them ideal for extended use at your desk. While the non-foldable design may limit travel convenience slightly "
2,headphones,1,0,headphones_sony_wh1000xm5,0.9112321977801576,1,0.1435,0,"The Sony WH-1000XM5 headphones offer industry-leading noise cancellation and excellent sound quality for wireless listening. They feature a lightweight build with all-day comfort, making them suitable for extended use at the office. The headphones have an impressive 90/100 quality rating but are non-foldable, which limits their travel convenience compared to previous models."
2,headphones,1,1,headphones_sony_wh1000xm5,0.9112321977801576,1,0.419,0,"The Sony WH-1000XM5 headphones are an outstanding choice for your office work environment. With industry-leading noise cancellation and excellent sound quality, they ensure you stay focused and productive. Though slightly less travel-friendly due to their non-foldable design, the lightweight build offers all-day comfort. Despite average microphone performance for calls, these headphones excel in every other aspect, making them well worth the investment within your budget. Highly recommended.

En"
3,headphones,0,0,headphones_sennheiser_momentum4,-0.594433674151376,1,0.1834,1,"The Sennheiser Momentum 4 headphones offer superior sound quality and a 60-hour battery life, making them ideal for audiophiles. They feature touch controls with a learning curve and strong noise cancellation capabilities. However, they are priced at $299.95, which may be higher than some budget-conscious users prefer, despite their robust features."
3,headphones,0,1,headphones_sennheiser_momentum4,-0.594433674151376,1,0.2145,0,"If you're in the market for a high-quality wireless headphone that balances sound excellence and battery life, the Sennheiser Momentum 4 is an excellent choice. Despite its slightly higher price tag, it offers the best sound quality among competitors and boasts an impressive 60-hour battery life. Though noise cancellation isn't top-tier compared to Sony or Bose, its audiophile-leaning audio performance and touch controls make it stand out. Ideal for casual listeners who appreciate Sennheiser’s r"
3,headphones,1,0,headphones_sennheiser_momentum4,-0.594433674151376,1,0.15,0,"The Sennheiser Momentum 4 headphones offer premium sound quality and a robust 60-hour battery life, making them suitable for audiophiles and casual listeners alike. They feature intuitive touch controls and strong noise cancellation, though it is slightly less effective than competitors like Sony and Bose. At $299.95, they cater to consumers who prioritize brand familiarity over the highest price sensitivity."
3,headphones,1,1,headphones_sennheiser_momentum4,-0.594433674151376,1,0.3617,0,"If you're looking for a reliable and high-quality wireless headphone that won't break the bank within your budget range, the Sennheiser Momentum 4 is an excellent choice. With its superior sound quality and impressive 60-hour battery life, it outshines many competitors. While noise cancellation isn’t top-tier compared to Sony or Bose, the touch controls might take a bit of getting used to. Nonetheless, its audiophile-grade performance makes it well worth considering. Highly recommended for those"
4,headphones,0,0,headphones_sennheiser_momentum4,-0.18328651338927168,1,0.1344,0,"The Sennheiser Momentum 4 Wireless headphones offer superior sound quality and a robust 60-hour battery life, making them suitable for audiophiles and music enthusiasts. They feature touch controls that may require some getting used to and have strong noise cancellation, though it is slightly inferior to Sony and Bose models. At $299.95, they are priced at the higher end of the budget range but offer high-quality audio performance."
4,headphones,0,1,headphones_sennheiser_momentum4,-0.18328651338927168,1,0.3706,0,"For someone who values sound quality and brand recognition without breaking the bank, the Sennheiser Momentum 4 Wireless Headphones are a top choice. With stellar audio performance and an impressive 60-hour battery life, these headphones offer exceptional value despite their premium price tag. Though noise cancellation is slightly below industry leaders like Sony and Bose, the superior sound quality makes them well worth considering. Highly recommended for audiophiles and casual listeners alike."
4,headphones,1,0,headphones_sennheiser_momentum4,-0.18328651338927168,1,0.087,1,"The Sennheiser Momentum 4 headphones offer excellent sound quality and a long battery life of up to 60 hours. They are designed for audiophiles but can be suitable for casual users as well. The strong noise cancellation and touch controls enhance the listening experience, though the latter may have a learning curve. At $299.95, these headphones come with a premium price tag compared to some alternatives, which might be a consideration for budget-conscious consumers."
4,headphones,1,1,headphones_sennheiser_momentum4,-0.18328651338927168,1,0.4603,0,"If you're looking for a premium wireless headphone that delivers exceptional sound quality and stellar battery life, the Sennheiser Momentum 4 is an outstanding choice. With a remarkable 60-hour battery life and top-tier audio performance, it stands out in this price range. Though the noise cancellation might not be unbeatable, its touch controls are worth mastering for a truly immersive experience. Given your budget and quality sensitivity, these headphones offer excellent value without breakin"
5,headphones,0,0,headphones_sennheiser_momentum4,0.9762769634475998,1,0.105,0,"The Sennheiser Momentum 4 headphones offer audiophiles a premium wireless experience with top-tier sound quality and a robust 60-hour battery life. They feature strong noise cancellation, though it is slightly less effective than Sony or Bose models. The touch controls have a learning curve but provide intuitive functionality once mastered. At $299.95, they cater to those prioritizing audio fidelity over minor brand price differentials."
5,headphones,0,1,headphones_sennheiser_momentum4,0.9762769634475998,1,0.4133,0,"If you're an audiophile seeking top-tier sound quality and durability for your home setup, the Sennheiser Momentum 4 headphones are an excellent choice. Despite a higher price tag, their superior audio performance and impressive 60-hour battery life make them well worth the investment. While the touch controls might take some getting used to, they offer unparalleled sound clarity and powerful noise cancellation. Highly recommended for those who demand the best in audio fidelity.

Endorsement: Se"
5,headphones,1,0,headphones_jbl_tune770nc,-1.1324582790549107,1,0.15,0,"The JBL Tune 770NC headphones offer a solid audio experience with the signature punchy sound that audiophiles appreciate. They feature active noise cancellation and provide decent battery life. The build quality is predominantly plastic, which may feel less premium compared to higher-tier models. At $79.95, these headphones represent a good balance between affordability and performance for those familiar with JBL’s brand."
5,headphones,1,1,headphones_jbl_tune770nc,-1.1324582790549107,1,0.4281,0,"If you're an audiophile looking for a balance between sound quality and affordability, the JBL Tune 770NC headphones are an excellent choice. With their punchy JBL sound signature and solid noise cancellation, these headphones offer great value without breaking the bank. Though they may not match premium options in build quality or noise isolation, they provide impressive battery life and a robust audio experience that fits well within your budget. Highly recommended for audiophiles who prioriti"
6,headphones,0,0,headphones_jbl_tune770nc,0.0335293721688689,1,0.06,0,"The JBL Tune 770NC headphones offer a solid value with active noise cancellation, good battery life, and the signature punchy sound favored by gamers. They feature a comfortable over-ear design but have noticeable plastic construction. The noise cancellation is present but weaker compared to higher-end models. At $79.95, they may exceed your budget slightly but could be worth considering for their audio quality and brand recognition."
6,headphones,0,1,headphones_jbl_tune770nc,0.0335293721688689,1,0.6278,0,"For your primary gaming needs, the JBL Tune 770NC headphones offer excellent value and punchy sound that will elevate your gaming experience. Though not at the top tier for noise cancellation, they provide a robust battery life and are very budget-friendly within your price range. Their solid build quality and familiar JBL brand make them an ideal choice. Highly recommended for gamers on a budget who prioritize affordability over premium features."
6,headphones,1,0,headphones_jbl_tune770nc,0.0335293721688689,1,0.06,0,"The JBL Tune 770NC headphones offer a punchy sound signature favored by gamers and come with active noise cancellation for immersive audio experiences. They feature a comfortable design with decent battery life, making them suitable for long gaming sessions. However, the build quality is predominantly plastic, which may feel less durable compared to higher-tier models. At $79.95, they provide good value but might not meet quality expectations for more discerning users."
6,headphones,1,1,headphones_jbl_tune770nc,0.0335293721688689,1,0.6725,1,"The JBL Tune 770NC headphones offer excellent value for gamers on a budget, combining decent noise cancellation with robust battery life and signature JBL sound quality. While the build is somewhat plasticky, they deliver solid performance at an affordable price point. Given your sensitivity to cost and familiarity with JBL, these are an ideal choice. Highly recommended!"
7,headphones,0,0,headphones_jbl_tune770nc,0.5065092114049614,1,0.15,0,"The JBL Tune 770NC headphones offer a budget-friendly option with active noise cancellation and up to 56 hours of battery life. They feature the signature punchy sound quality expected from JBL, making them suitable for casual listeners on a tight budget. The build is predominantly plastic, which may feel less premium compared to higher-end models."
7,headphones,0,1,headphones_jbl_tune770nc,0.5065092114049614,1,0.7011,1,"The JBL Tune 770NC headphones offer fantastic value for budget-conscious music lovers like you. With their punchy sound and solid battery life, they deliver a premium audio experience without breaking the bank. Though not top-tier in noise cancellation or build quality, these headphones provide excellent performance at an unbeatable price point. Given your sensitivity to cost and familiarity with JBL’s reliable brand, the Tune 770NC is clearly your best bet.

Definitely go for the JBL Tune 770NC"
7,headphones,1,0,headphones_jbl_tune770nc,0.5065092114049614,1,0.06,0,"The JBL Tune 770NC headphones offer a budget-friendly option with active noise cancellation and up to 56 hours of battery life. They feature the signature JBL sound profile, delivering punchy audio quality. The build is primarily plastic but offers good value for the price point. However, the noise cancellation effectiveness is noticeably weaker compared to higher-end models."
7,headphones,1,1,headphones_jbl_tune770nc,0.5065092114049614,1,0.4557,0,"If you're looking for a balanced pair of headphones that won't break the bank, the JBL Tune 770NC is an excellent choice. With its punchy sound signature and solid noise cancellation at an affordable price point, it offers great value. While the build quality isn’t top-tier, it gets the job done with reliable battery life. For budget-conscious consumers who appreciate JBL’s brand, these headphones are a no-brainer.

**Get the JBL Tune 770NC—they’re perfect for casual listening on a tight budget!"
8,headphones,0,0,headphones_sony_wh1000xm5,0.6879921378351086,1,0.19,1,"The Sony WH-1000XM5 headphones offer industry-leading noise cancellation and excellent sound quality, making them suitable for immersive gaming experiences. They are lightweight and comfortable, featuring a non-foldable design that may be less convenient for travel compared to previous models. At $348.00, they cater well to consumers prioritizing quality over price."
8,headphones,0,1,headphones_sony_wh1000xm5,0.6879921378351086,1,0.1499,1,"The Sony WH-1000XM5 headphones are an outstanding choice for gamers seeking top-tier audio quality and immersive sound. With industry-leading noise cancellation and a comfortable fit, these headphones offer exceptional clarity and detail, enhancing your gaming experience. Although slightly less travel-friendly due to their non-foldable design, they more than compensate with their stellar build quality and Sony's trusted brand reputation. Given your high quality sensitivity and budget, the WH-100"
8,headphones,1,0,headphones_sony_wh1000xm5,0.6879921378351086,1,0.0933,1,"The Sony WH-1000XM5 headphones offer industry-leading noise cancellation and excellent sound quality, making them a strong choice for gaming with immersive audio. They feature a comfortable, lightweight design suitable for extended use. However, the non-foldable construction makes them less travel-friendly compared to previous models. At $348.00, they are well-regarded for their quality but may be overpriced for those prioritizing budget."
8,headphones,1,1,headphones_sony_wh1000xm5,0.6879921378351086,1,0.3793,1,"The Sony WH-1000XM5 headphones are an outstanding choice for your gaming needs, offering unparalleled noise cancellation and exceptional sound quality that elevates any audio experience. Although slightly less travel-friendly than previous models, their lightweight design ensures comfort during long gaming sessions. While the call microphone could be better, this is a minor quibble given their stellar performance in other areas. Given your high quality sensitivity and brand familiarity preferenc"
9,headphones,0,0,headphones_sennheiser_momentum4,1.2396681133108232,1,0.134,0,"The Sennheiser Momentum 4 Wireless Headphones offer excellent sound quality and a robust 60-hour battery life, making them suitable for extended use at the office. They feature strong noise cancellation, though it is slightly less effective than competitors like Sony or Bose. The touch controls require some getting used to. At $299.95, they may be out of budget for price-sensitive consumers but offer high-quality audio performance and brand reliability."
9,headphones,0,1,headphones_sennheiser_momentum4,1.2396681133108232,1,0.3967,0,"The Sennheiser Momentum 4 Wireless Headphones are an excellent choice for your office work needs. Despite being slightly pricier than your budget, their audiophile-grade sound quality and impressive 60-hour battery life make them a worthwhile investment. While the touch controls might take some getting used to, they offer robust noise cancellation and top-tier audio performance. Given Sennheiser's renowned reputation, these headphones are a reliable choice that will elevate your work experience."
9,headphones,1,0,headphones_sony_ult_wear,0.989125312221416,1,0.105,1,"The Sony headphones_sony_ult_wear offer a robust 50-hour battery life and good noise cancellation, making them suitable for office work. They feature heavy bass emphasis and are priced at $198.00, falling slightly above your budget. While the build quality is solid, it feels less premium compared to Sony's XM5 model, which might be a consideration given your quality sensitivity."
9,headphones,1,1,headphones_sony_ult_wear,0.989125312221416,1,0.3796,1,"For your office work needs, the Sony headphones_sony_ult_wear are an excellent choice. With a robust 50-hour battery life and strong noise cancellation, they ensure uninterrupted focus throughout your day. Though the heavy bass isn’t ideal for everyone, the mid-range price point offers great value, especially considering Sony’s reliable brand reputation. Highly recommended for quality-conscious consumers who appreciate durability and performance.

Endorsement: Given your preferences and budget c"
0,laptop,0,0,laptop_hp_elitebook_845,-0.4587779814350401,1,0.06,0,"The HP EliteBook 845 is a durable laptop designed for enterprise use, featuring an AMD Ryzen Pro processor with robust security features, 32GB RAM, and comprehensive port options. It includes a Radeon integrated GPU, suitable for light creative work beyond basic productivity tasks. The IPS display offers adequate visibility but lacks the vibrancy of OLED screens. Its design is traditional and business-oriented.

Tradeoff: While it excels in processing power and security, its IPS display may not "
0,laptop,0,1,laptop_hp_elitebook_845,-0.4587779814350401,1,0.3845,0,"The HP EliteBook 845 is a stellar choice for your budget office setup, offering robust security features and ample RAM to handle all your work needs smoothly. Its full port selection ensures versatility, while the Radeon GPU provides a boost for light creative tasks. Although its IPS display isn't the brightest, it gets the job done reliably. Given HP's solid reputation and this laptop’s enterprise-grade build, you can’t go wrong with the EliteBook 845.

This is absolutely the best fit for your "
0,laptop,1,0,laptop_hp_elitebook_845,-0.4587779814350401,1,0.06,0,"The HP EliteBook 845 is a reliable business laptop with an AMD Ryzen Pro processor and 32GB of RAM, suitable for enterprise workloads. It features a full port selection and robust security options. The Radeon integrated GPU outperforms Intel's for light creative tasks. However, its IPS display is adequate but lacks vibrancy compared to OLED alternatives. At $1249, it balances performance with value for budget-conscious users prioritizing brand familiarity and enterprise-grade features."
0,laptop,1,1,laptop_hp_elitebook_845,-0.4587779814350401,1,0.2112,0,"The HP EliteBook 845 is an excellent choice for your budget office needs. With its robust AMD Ryzen Pro processor and 32GB RAM, it ensures seamless multitasking and enhanced security features perfect for enterprise environments. Its full port selection and Radeon GPU make it versatile for both business and light creative work. While the IPS display may not be as vibrant as OLED options, its conservative design and comprehensive feature set provide exceptional value within your budget. Given your"
1,laptop,0,0,laptop_macbook_pro_m4,1.8973305373908236,1,0.15,1,"The MacBook Pro with M4 processor is well-suited for data analysis due to its powerful performance and efficient battery life. It features a high-quality display and supports macOS, which may limit compatibility with some enterprise software. The price of $1999.00 is较高，但考虑到消费者对质量的敏感度高于价格敏感度，并且品牌熟悉度很重要，这款MacBook Pro仍然是一个合适的选择。"
1,laptop,0,1,laptop_macbook_pro_m4,1.8973305373908236,1,0.5251,1,"If you're looking for a top-tier laptop that excels in data analysis and offers unparalleled performance, the MacBook Pro with M4 Pro is an excellent choice. Its best-in-class efficiency and battery life make it ideal for extended work sessions. Despite its higher price, your budget flexibility allows you to reap the benefits of Apple’s stellar quality and reliability. Embrace superior productivity with this exceptional device.

**Highly recommended!**"
1,laptop,1,0,laptop_macbook_pro_m4,1.8973305373908236,1,0.1336,0,"The MacBook Pro with M4 chip offers best-in-class performance-per-watt and exceptional battery life, making it well-suited for intensive data analysis tasks. Its stunning Retina display enhances visual clarity during work sessions. However, some enterprise software may be limited by macOS compatibility, which could affect certain business workflows.

Given your budget of $2117.55 and quality sensitivity, the MacBook Pro is a strong option that aligns with your needs for high-performance computin"
1,laptop,1,1,laptop_macbook_pro_m4,1.8973305373908236,1,0.2476,1,"The MacBook Pro with M4 Pro is an unparalleled choice for data analysis, delivering best-in-class performance and exceptional battery life. Its stunning display and robust macOS ecosystem make it perfect for complex tasks, even if some enterprise software may be limited. With your budget flexibility, the MacBook Pro offers unbeatable value despite its high price tag. Embrace superior productivity with this top-tier device.

Clear endorsement: Invest in the MacBook Pro M4 Pro for unparalleled per"
2,laptop,0,0,laptop_acer_swift_go_14,1.8115498874335714,1,0.06,1,"The Acer Swift Go 14 is a budget-friendly laptop suitable for general student use, including document editing and web browsing. It features a lightweight chassis and an IPS display. However, the screen brightness is limited, and performance may degrade under sustained heavy workloads like running multiple applications or video editing. At $699, it fits your budget closely but offers lower quality than higher-priced alternatives."
2,laptop,0,1,laptop_acer_swift_go_14,1.8115498874335714,1,0.1866,1,"The Acer Swift Go 14 is an excellent choice for a budget-conscious student looking for a reliable and portable laptop. Despite its affordable price of $699, it offers solid performance for document work, spreadsheets, and web browsing. Its IPS display and lightweight design make it perfect for daily use on the go. While it has some drawbacks like a dim screen and chassis issues under pressure, its value is unbeatable given your budget constraints. 

Given your price sensitivity and need for an a"
2,laptop,1,0,laptop_acer_swift_go_14,1.8115498874335714,1,0.105,0,"The Acer Swift Go 14 is a budget-friendly laptop suitable for general student needs such as document editing and web browsing. It offers good battery life and portability but has a dim IPS display, which may affect visual comfort during extended use. At $699, it balances affordability with basic functionality, though performance can lag under heavy workloads."
2,laptop,1,1,laptop_acer_swift_go_14,1.8115498874335714,1,0.4709,1,"If you're a budget-conscious student looking for a reliable and affordable laptop, the Acer Swift Go 14 is an excellent choice at just $699. It offers solid performance for document work, spreadsheets, and web browsing, making it perfect for your daily tasks. While its display could be brighter and it creaks under pressure, it still delivers a professional-grade experience without breaking the bank. Given your budget constraints and preference for known brands, the Acer Swift Go 14 is an ideal p"
3,laptop,0,0,laptop_acer_swift_go_14,1.066211351138334,1,0.105,0,"The Acer Swift Go 14 is a budget-friendly laptop priced at $699. It offers decent performance for document work, spreadsheets, and web browsing. Its IPS display provides clear visuals but lacks brightness. The chassis can creak under pressure, and sustained heavy workload performance drops significantly. For students on a tight budget who prioritize cost over premium features, this could be a suitable option."
3,laptop,0,1,laptop_acer_swift_go_14,1.066211351138334,1,0.372,1,"The Acer Swift Go 14 is an excellent choice for students on a tight budget who need reliable performance for documents and spreadsheets. Despite its affordable price of $699, it offers a solid professional experience without breaking the bank. While the display could be brighter and it shows some strain under heavy use, it’s a great balance between cost and functionality. For anyone looking to maximize value within your budget range, the Acer Swift Go 14 is highly recommended."
3,laptop,1,0,laptop_acer_swift_go_14,1.066211351138334,1,0.06,0,"The Acer Swift Go 14 is a budget-friendly laptop priced at $699, suitable for general student use including document editing and web browsing. It features an IPS display and a portable design. However, its performance declines under sustained heavy workloads, which may affect multitasking efficiency during long study sessions or projects.

Given your price sensitivity and moderate quality expectations, the Acer Swift Go 14 offers a balanced option for basic tasks while acknowledging potential li"
3,laptop,1,1,laptop_acer_swift_go_14,1.066211351138334,1,0.4605,0,"The Acer Swift Go 14 is an excellent choice for students on a tight budget. At just $699, it offers solid performance for document editing and web browsing while staying within your price range. Though not the most robust laptop, its IPS display and lightweight design make it portable and easy to use. Given your budget constraints and quality needs, this Acer model is an ideal balance of affordability and functionality. Highly recommended!"
4,laptop,0,0,laptop_acer_swift_go_14,0.7049795029850167,1,0.105,1,"The Acer Swift Go 14 is a portable laptop suitable for business travel, offering a lightweight design and long battery life. It supports basic professional tasks like document editing and web browsing effectively. Key features include an IPS display and good build quality. However, the display is relatively dim, which may affect usability in bright environments. At $699, it balances cost and performance well within your budget constraints."
4,laptop,0,1,laptop_acer_swift_go_14,0.7049795029850167,1,0.2152,1,"For a professional on the go, the Acer Swift Go 14 is an excellent choice at $699. Its lightweight design and long battery life make it perfect for business travel, ensuring you stay productive without breaking the bank. While not top-tier in performance, its robust capabilities for documents, spreadsheets, and web browsing suit your needs perfectly. Plus, its familiar brand name adds reliability. Embrace this versatile laptop to keep your productivity soaring.

Clear endorsement: Go with the Ac"
4,laptop,1,0,laptop_asus_zenbook_14,0.8841657495623875,1,0.1389,1,"The ASUS ZenBook 14 is a lightweight and portable laptop suitable for business travel, featuring an OLED display with vibrant colors. It includes a decent Intel Core Ultra 5 processor and offers remarkable value under $900. However, the processor is less powerful compared to competitors' options like the Core Ultra 7 or Ryzen 7, which may affect performance-intensive tasks."
4,laptop,1,1,laptop_asus_zenbook_14,0.8841657495623875,1,0.5368,1,"The ASUS ZenBook 14 is an excellent choice for your business travel needs, offering a remarkable balance of quality and affordability at just $849. Its lightweight design ensures ease of mobility, while the stunning OLED display enhances productivity with vibrant visuals. Despite its budget-friendly price point, it boasts impressive features that make it stand out in the market. Although it may not match the processing power of higher-end models, its screen quality makes it a standout for those "
5,laptop,0,0,laptop_asus_zenbook_14,-0.5216837914036917,1,0.0923,0,"The ASUS ZenBook 14 offers a remarkable value with its OLED display and lightweight design, suitable for data analysis within the $900 budget range. It features an Intel Core Ultra 5 processor, providing decent performance. However, it may not match competitors' higher-end processors like the Core Ultra 7 or Ryzen 7, potentially limiting more intensive tasks. The tinny speakers are another drawback."
5,laptop,0,1,laptop_asus_zenbook_14,-0.5216837914036917,1,0.4954,0,"The ASUS ZenBook 14 is an exceptional value for data analysts on a tight budget, offering a brilliant OLED display and lightweight design that won't break the bank at $849. Despite its modest Intel Core Ultra 5 processor, it delivers solid performance and is ideal for visual analysis tasks. Although not the most powerful option, its quality screen makes up for any processing limitations. Given your price sensitivity and preference for reputable brands, this ZenBook is a smart choice that won't c"
5,laptop,1,0,laptop_asus_zenbook_14,-0.5216837914036917,1,0.1383,0,"The ASUS ZenBook 14 offers a remarkable value with its OLED display and lightweight design, making it suitable for data analysis tasks within the $900 price range. It features a decent Intel Core Ultra 5 processor, but this is less powerful than competitors' Core Ultra 7 or Ryzen 7 processors, which might be limiting for more intensive data analysis workloads."
5,laptop,1,1,laptop_asus_zenbook_14,-0.5216837914036917,1,0.3617,1,"The ASUS ZenBook 14 is an excellent choice for data analysis within your budget constraints. Despite the $849 price point being above your $400 limit, its OLED display and lightweight design make it stand out for visual clarity and portability. The Intel Core Ultra 5, though not as powerful as higher-end options, still offers decent performance suitable for most analytical tasks. Given your high quality sensitivity and brand familiarity preference, the ZenBook’s remarkable value makes it worth c"
6,laptop,0,0,laptop_asus_zenbook_14,0.9423059678667473,1,0.105,1,"The ASUS ZenBook 14 is a compact and lightweight laptop suitable for general student use, featuring an OLED display that offers vibrant visuals. It is priced at $849 and balances good value with decent performance under $900. The Intel Core Ultra 5 processor provides adequate computing power but falls short compared to competitors' higher-tier processors like the Core Ultra 7 or Ryzen 7, which may limit its multitasking capabilities for more demanding tasks."
6,laptop,0,1,laptop_asus_zenbook_14,0.9423059678667473,1,0.2715,0,"If you're a budget-conscious student looking for a reliable and portable laptop, the ASUS ZenBook 14 is an outstanding choice. Its OLED display delivers stunning visuals, while its lightweight design ensures easy portability. Despite the Intel Core Ultra 5 processor being slightly less powerful than competitors', it offers remarkable value under $900. Embrace this brilliant screen and sleek build—get your ASUS ZenBook 14 today!"
6,laptop,1,0,laptop_asus_zenbook_14,0.9423059678667473,1,0.179,1,"The ASUS Zenbook 14 offers a remarkable value for students with its OLED display and lightweight design, making it portable and visually appealing. Priced at $849, it balances performance and affordability well under $900. It features an Intel Core Ultra 5 processor and a decent set of specs, though the processing power is less robust compared to competitors' higher-tier models like the Core Ultra 7 or Ryzen 7 processors."
6,laptop,1,1,laptop_asus_zenbook_14,0.9423059678667473,1,0.4069,1,"The ASUS Zenbook 14 is an outstanding choice for budget-conscious students seeking a high-quality OLED display in a lightweight package. Despite its slightly less powerful Intel Core Ultra 5 processor, it offers remarkable value under $900, making it the best option for those prioritizing screen quality and portability. Its sleek design and affordable price point make it a clear winner.

Definitely consider the ASUS Zenbook 14 for your needs—it's an excellent balance of performance and affordabi"
7,laptop,0,0,laptop_asus_zenbook_14,0.2665450698701711,1,0.1349,0,"The ASUS ZenBook 14 offers a remarkable value with its OLED display and lightweight design, making it suitable for data analysis within the budget constraint of $900. It features an Intel Core Ultra 5 processor and weighs just under three pounds. However, its performance may be less powerful compared to competitors' higher-tier processors like the Core Ultra 7 or Ryzen 7, which could impact more intensive tasks."
7,laptop,0,1,laptop_asus_zenbook_14,0.2665450698701711,1,0.3482,1,"The ASUS ZenBook 14 is an excellent choice for budget-conscious data analysts seeking a reliable and portable solution. Its OLED display delivers vibrant visuals, ideal for detailed analysis, while the lightweight design ensures portability without compromising on performance. Although it falls short of higher-tier processors, its price point under $900 makes it remarkably value-driven. Given your emphasis on affordability and brand familiarity, the ASUS ZenBook 14 is highly recommended.

Endors"
7,laptop,1,0,laptop_acer_swift_go_14,0.4076065831332086,1,0.105,0,"The Acer Swift Go 14 is a budget-friendly laptop priced at $699.00, suitable for basic data analysis tasks like managing documents and spreadsheets. It features an IPS display and lightweight design. However, it experiences performance degradation during extended heavy use, which may affect productivity for intensive data analysis workloads."
7,laptop,1,1,laptop_acer_swift_go_14,0.4076065831332086,1,0.4316,1,"The Acer Swift Go 14 is an excellent choice for data analysis within your budget constraints. Though it's not top-of-the-line in terms of performance under heavy workloads, it remains quite capable for everyday tasks like document management and spreadsheet work. Its IPS display and lightweight design make it portable and convenient. Despite its lower price point, Acer’s reputation ensures reliability. Given your sensitivity to cost and quality, the Swift Go 14 strikes a great balance. Highly re"
8,laptop,0,0,laptop_thinkpad_x1_carbon,0.8612909095737872,1,0.0444,1,"The Lenovo ThinkPad X1 Carbon is a lightweight and durable laptop suitable for general student use. It features a high-quality keyboard and an attractive OLED display. At $1549, it slightly exceeds the budget but offers superior build quality and performance. However, its battery life is shorter compared to some competitors, particularly those from Apple, which might be a drawback for students relying on long periods of uninterrupted use."
8,laptop,0,1,laptop_thinkpad_x1_carbon,0.8612909095737872,1,0.396,1,"The Lenovo ThinkPad X1 Carbon is an excellent choice for students seeking a high-quality ultrabook. Despite its premium price of $1549.00, its superb keyboard and stunning OLED display make it worth the investment. It’s incredibly light at 1.09 kg, perfect for carrying around campus. Though battery life could be better, Windows compatibility ensures seamless operation. For those who value brand recognition and quality, this laptop is a standout choice.

Highly recommended for students prioritizi"
8,laptop,1,0,laptop_macbook_air_m4,1.762940852457795,1,0.015,1,"The MacBook Air M4 is a lightweight and fanless laptop suitable for everyday tasks and light creative work. It offers all-day battery life and a familiar Apple ecosystem. However, the base model comes with limited 256GB storage, which may not suffice for students needing substantial file or app storage. At $1099, it fits within your budget but consider upgrading to higher storage options if needed."
8,laptop,1,1,laptop_macbook_air_m4,1.762940852457795,1,0.225,1,"The MacBook Air M4 is an excellent choice for students seeking a balanced blend of performance and portability. Its lightweight design and all-day battery make it perfect for on-the-go learning, while its capable processor handles everyday tasks with ease. Though the base storage could be larger, this model offers great value within your budget, especially given Apple's strong brand reputation. 

Get ready to elevate your academic experience with the MacBook Air M4—it’s an outstanding investment"
9,laptop,0,0,laptop_asus_zenbook_14,1.293053514358624,1,0.13,1,"The ASUS Zenbook 14 is a compact and lightweight laptop suitable for students, featuring an OLED display that offers excellent visuals. It comes with an Intel Core Ultra 5 processor and sufficient storage and RAM for general tasks. At $849, it balances value and quality well, making it a good choice within its price range. However, the processor is less powerful compared to higher-tier models like the Core Ultra 7 or Ryzen 7, which may limit performance in demanding applications."
9,laptop,0,1,laptop_asus_zenbook_14,1.293053514358624,1,0.6721,0,"The ASUS Zenbook 14 is an excellent choice for budget-conscious students who prioritize a quality display and portability. Its OLED screen offers stunning visuals, while its lightweight design ensures easy carrying between classes. Despite the Intel Core Ultra 5 being less powerful than some alternatives, it still delivers decent performance under $900. Given your sensitivity to price and preference for known brands, this laptop provides remarkable value and is an outstanding option within your "
9,laptop,1,0,laptop_macbook_air_m4,0.9480246778638979,1,0.06,0,"The MacBook Air M4 is an ultralight and fanless laptop with a long-lasting battery, making it suitable for daily tasks and light creative work. It offers a comfortable user experience with its familiar macOS interface. However, the base model's 256GB storage can be limiting for students who need to store large files or multiple applications. At $1099, it fits within your budget but may require additional investment in external storage solutions."
9,laptop,1,1,laptop_macbook_air_m4,0.9480246778638979,1,0.4857,1,"The MacBook Air M4 is an excellent choice for students seeking a lightweight and reliable laptop. With all-day battery life and stellar performance on everyday tasks, it excels in handling your coursework with ease. While the base storage could be larger, its compact size and fanless design make it perfect for mobility and comfort. Given your budget and brand familiarity preferences, this MacBook Air M4 is a standout option that offers excellent value.

Highly recommended!"
