consumer_id,category,z,product_id,Q_std,incumbent,expression_intensity,Y,recommendation_text
0,phone_charger,0,charger_baseus_65w,0.4354604722638399,0,0.2041,1,"The Baseus 65W charger offers excellent fast-charging capability within your budget. Despite lower build quality, its PPS support and dual USB-C ports make it a solid choice for Android users. The included cable is an added convenience."
0,phone_charger,1,charger_anker_nano_67w,1.4071766562567267,1,0.1591,1,"The Anker Nano 67W charger is your top choice for fast charging, offering dual USB-C ports and GaN technology in a compact form. It's slightly pricier but offers better quality and brand recognition than the Baseus alternative."
1,phone_charger,0,charger_anker_nano_67w,1.444420133691994,1,0.3017,1,"We recommend the Anker 67W Nano charger for its high-quality build and travel-friendly form factor. Despite getting warm under full load, it offers fast charging and is brand recognized. The Voltix 65W is cheaper but has lower quality ratings and may run hotter."
1,phone_charger,1,charger_baseus_65w,1.2108019570525894,0,0.15,1,"The Baseus 65W charger offers great value and performance for travel, despite its slightly lower build quality. It supports PPS and includes a cable, making it convenient for charging multiple devices at once. While the Belkin is cheaper and ultra-compact, its single-port limits its utility compared to the versatile Baseus."
2,phone_charger,0,charger_anker_nano_67w,-0.24677231893674095,1,0.105,0,"Anker's Nano 67W charger offers optimal fast charging for phones, with two USB-C ports and GaN technology. Despite being slightly above your budget, its quality justifies the price. If brand loyalty is key, consider Samsung's 45W charger or Apple's dual-port alternative."
2,phone_charger,1,charger_anker_nano_67w,-0.24677231893674095,1,0.1638,1,Go with the Anker Nano 67W charger for its top-notch fast charging and compact design. It's slightly over your budget but offers superior performance compared to Apple or Samsung options within your price range.
3,phone_charger,0,charger_anker_prime_100w,1.3563900961177258,1,0.1935,1,"For multi-device charging, the Anker Prime 100W charger stands out with its high wattage and excellent quality. While it's on the pricier side of your budget at $59.99, its robust performance justifies the cost. Its build quality is top-notch, making up for the higher price tag."
3,phone_charger,1,charger_anker_prime_100w,1.3563900961177258,1,0.15,0,"The Anker 100W charger offers a robust solution for multi-device users, with high wattage and multiple ports. While pricier than the Nano, it's more powerful and includes all essential features without compromising quality or brand reputation."
4,phone_charger,0,charger_voltix_65w,-0.8799114353362872,0,0.2088,0,"The Voltix 65W charger offers multiple ports and GaN technology at a budget price, ideal for charging various devices. Though build quality is criticized as cheap, its performance matches pricier options in key specifications."
4,phone_charger,1,charger_voltix_65w,-0.8799114353362872,0,0.1988,0,"The Voltix 65W charger is your best bet for a budget-friendly and multi-device charging solution. Despite its low price, it offers solid GaN technology with dual USB-C ports and PPS support for fast charging multiple devices. The included cable adds value."
5,phone_charger,0,charger_samsung_45w,0.17390968754798414,1,0.2026,1,"The Samsung 45W charger offers fast charging with PPS support, ideal for Galaxy devices. It's within your budget and includes a cable, though it has only one port. Despite lower quality ratings, its brand familiarity might be reassuring."
5,phone_charger,1,charger_samsung_45w,0.17390968754798414,1,0.105,1,"The Samsung 45W charger offers PPS support for full-speed Galaxy charging, ensuring your phone charges as quickly and efficiently as possible. While it's a bit pricier than the Baseus option, its reliable build quality and brand recognition make it worth considering."
6,phone_charger,0,charger_baseus_65w,1.0880677700500039,0,0.15,1,"The Baseus 65W charger offers a balance of power, portability, and price for travel. Despite some quality concerns, it supports fast charging with GaN technology and includes PPS compatibility at an affordable cost."
6,phone_charger,1,charger_anker_nano_67w,2.2840912613234785,1,0.1563,1,"Opt for the Anker Nano 67W charger. It's compact, fast-charging, and ideal for travel despite being slightly pricey. Baseus offers a cheaper option but with lower quality, while Belkin is ultra-compact but lacks power for multiple devices or laptops."
7,phone_charger,0,charger_baseus_65w,1.253124090501757,0,0.15,0,"The Baseus 65W charger offers a good balance of power, portability, and price for travel. It supports PPS and GaN technology, providing fast charging at $25.99. While some users report issues with certain devices, its quality is adequate for the budget-conscious traveler."
7,phone_charger,1,charger_anker_nano_67w,1.555304123328813,1,0.15,1,"Choose the Anker Nano 67W charger for its compact design and fast charging capabilities. Despite running warm, it's a trusted brand with high quality and is within your budget."
8,phone_charger,0,charger_anker_nano_67w,2.584578408812568,1,0.2071,1,"Anker Nano 67W charger is ideal for travel with its compact, foldable design and high wattage. While slightly pricier than Baseus or Voltix options, it offers better build quality and reliability from a familiar brand."
8,phone_charger,1,charger_anker_nano_67w,2.584578408812568,1,0.243,1,"Opt for the Anker Nano 67W charger. It's compact, ideal for travel with its foldable design and GaN technology. While it gets warm under full load, its quality is unmatched in this price range. A solid choice given your brand preference and budget."
9,phone_charger,0,charger_voltix_65w,-0.6115891092685649,0,0.2056,0,"The Voltix 65W charger offers decent quality and wattage for its low price, ideal for multi-device charging. Though build quality is subpar, it supports PPS and includes a cable, making it convenient despite brand recognition issues."
9,phone_charger,1,charger_voltix_65w,-0.6115891092685649,0,0.1656,0,"Go with the Voltix 65W charger for its excellent value and fast-charging capabilities. Though it runs a bit hot, it's budget-friendly and includes a cable. Baseus is also an option but slightly pricier."
0,headphones,0,headphones_sennheiser_momentum4,-0.08612087578729005,1,0.1591,0,"The Sennheiser Momentum 4 offers the best sound quality and battery life at a premium price. If budget is tight, consider JBL Tune 770NC or Edifier STAX for solid value with good noise cancellation and battery life."
0,headphones,1,headphones_sony_ult_wear,0.9786860288426901,1,0.1988,1,"The Sony WH-CH510 is your best bet for a budget-friendly, comfortable over-ear wireless headphone. With 50 hours of battery life and solid noise cancellation, it offers great value without breaking the bank. Its mid-range price point balances quality and affordability perfectly."
1,headphones,0,headphones_jbl_tune770nc,0.7835517318403634,1,0.15,0,"For a budget-conscious consumer, the JBL Tune 770NC offers solid value with basic noise cancellation and a punchy sound signature. At $80, it balances affordability with decent battery life and multipoint connectivity, making it an appealing choice despite its plastic build."
1,headphones,1,headphones_edifier_stax,0.1965427972366566,0,0.2712,1,"The Edifier STAX headphones offer excellent value with solid noise cancellation and 38-hour battery life. Despite a basic build, they support LDAC for high-quality audio streaming at an unbeatable price point under $130."
2,headphones,0,headphones_sony_wh1000xm5,0.9112321977801576,1,0.2643,0,"Sony WH-1000XM5 offers top-tier noise cancellation, comfortable build, and excellent sound quality ideal for office work. Though not the cheapest option, it balances premium features with a competitive price point, maintaining brand recognition and reliability."
2,headphones,1,headphones_sony_wh1000xm5,0.9112321977801576,1,0.1959,0,"The Sony WH-1000XM5 offers industry-leading noise cancellation and exceptional sound quality, perfect for office work. Its 30-hour battery life ensures all-day use without recharging. Although it's non-foldable, its lightweight design makes it comfortable for long periods of wear. Sony's reputation guarantees reliability and quality."
3,headphones,0,headphones_sennheiser_momentum4,-0.594433674151376,1,0.06,0,"For a balanced approach between price and quality, the Sennheiser Momentum 4 offers premium sound quality with 60-hour battery life and strong noise cancellation. It's slightly over your budget but worth considering for its build quality and brand reputation."
3,headphones,1,headphones_sony_ult_wear,0.3218141977813598,1,0.3467,0,"The Sony ULTRA Wear is a great choice for budget-conscious buyers, offering solid noise cancellation and an impressive 50-hour battery life at a mid-range price point. Its familiarity and reliability make it stand out in the crowd."
4,headphones,0,headphones_sennheiser_momentum4,-0.18328651338927168,1,0.1526,0,"The Sennheiser Momentum 4 delivers top-tier sound quality and a remarkable 60-hour battery life. Though pricier, its strong noise cancellation, premium build, and audiophile-leaning performance justify the investment. Sony WH1000XM5 and Bose QC Ultra offer similar features but compromise on battery longevity."
4,headphones,1,headphones_sony_wh1000xm5,-0.2868763253781614,1,0.2026,0,"The Sony WH-1000XM5 offers premium sound and noise cancellation at a slightly higher price, delivering an unparalleled wireless experience. With 30 hours of battery life and excellent comfort, it's a solid choice for audiophiles on a budget-conscious journey."
5,headphones,0,headphones_sennheiser_momentum4,0.9762769634475998,1,0.2056,1,"The Sennheiser Momentum 4 offers top-tier sound quality and long battery life, ideal for audiophiles at home. Though slightly over budget, its build quality and brand reputation make it a worthwhile investment despite higher price sensitivity."
5,headphones,1,headphones_jbl_tune770nc,-1.1324582790549107,1,0.2553,0,"The JBL Tune 770NC offers exceptional value for audiophiles on a budget, with robust noise cancellation and balanced sound. It's an iconic brand known for its punchy audio signature and solid build quality, ideal for home listening sessions."
6,headphones,0,headphones_jbl_tune770nc,0.0335293721688689,1,0.3214,1,"The JBL Tune 750NC offers solid noise cancellation and a punchy sound signature ideal for gaming, at an affordable price point. Though not the best in class, its value is unmatched in this budget range."
6,headphones,1,headphones_jbl_tune770nc,0.0335293721688689,1,0.2476,1,"The JBL Tune 750NC is your best bet for gaming at a budget-friendly price. It offers solid noise cancellation, comfortable wear, and long battery life, perfect for extended gaming sessions. Plus, its familiarity with the brand ensures you won't be disappointed."
7,headphones,0,headphones_sennheiser_momentum4,-1.3107291182916043,1,0.1435,0,"The Sennheiser Momentum 4 offers top-tier sound quality and a sturdy build, though it exceeds your budget. The Sony WH-CH710N (Sony ULT Wear) is an excellent mid-range option with solid noise cancellation and battery life, while the JBL Tune 770NC BT provides basic ANC at an affordable price but lacks premium features."
7,headphones,1,headphones_sennheiser_momentum4,-1.3107291182916043,1,0.2553,0,"The Sennheiser Momentum 4 offers exceptional sound quality and a robust 60-hour battery life, making it an outstanding value despite the higher price point. Its premium build and versatile features justify its cost in terms of long-term satisfaction."
8,headphones,0,headphones_sony_wh1000xm5,0.6879921378351086,1,0.2777,1,"Sony WH-1000XM5 offers superior noise cancellation, excellent sound quality, and a comfortable fit, ideal for immersive gaming. Though not specifically designed for gaming, its wireless capabilities and 30-hour battery life align well with your needs. A strong Apple ecosystem integration is also available from the AirPods Max."
8,headphones,1,headphones_sony_wh1000xm5,0.6879921378351086,1,0.2056,1,"The Sony WH-1000XM5 headphones are the pinnacle of wireless audio, offering superb noise cancellation and sound quality that's perfect for immersive gaming. With a comfortable fit and extended battery life, these headphones deliver an unparalleled experience."
9,headphones,0,headphones_sennheiser_momentum4,1.2396681133108232,1,0.1691,1,"The Sennheiser Momentum 4 offers excellent noise cancellation and battery life, ideal for office work. While it exceeds your budget, its premium build quality and superior sound make it worth considering. JBL Tune 770NC is a strong alternative with basic ANC but better value, while Edifier STAX provides LDAC support at a lower price point."
9,headphones,1,headphones_sony_ult_wear,0.989125312221416,1,0.2452,1,"Sony's Ultimate Ear Wireless headphones deliver exceptional value for office work, with 50 hours of battery life and good noise cancellation. Though not top-tier in sound quality or build, it meets your budget while offering a familiar brand experience and solid performance."
0,laptop,0,laptop_asus_zenbook_14,0.7497760646293589,1,0.155,0,"The ASUS ZenBook 14 offers excellent value with a lightweight design, OLED display, and Windows 11 for office tasks. It meets your budget while balancing quality and affordability. Consider the Framework laptop for upgradability or LG Gram for extreme portability."
0,laptop,1,laptop_asus_zenbook_14,0.7497760646293589,1,0.2929,1,"The ASUS ZenBook 14 offers remarkable value with its OLED display and lightweight design, ideal for budget-conscious professionals. It delivers decent performance and a quality screen under $900."
1,laptop,0,laptop_macbook_pro_m4,1.8973305373908236,1,0.2088,1,"Select the Apple MacBook Pro M4, offering best-in-class performance for data analysis with 24GB RAM and an impressive battery. While pricey, its macOS ecosystem is ideal for professionals prioritizing brand familiarity over Windows compatibility."
1,laptop,1,laptop_macbook_pro_m4,1.8973305373908236,1,0.1515,1,"The MacBook Pro M4 is your top pick for data analysis, boasting the powerful Apple M4 Pro processor and 24GB RAM. Its stellar battery life and mini-LED XDR display ensure peak performance and portability. Although pricey, its quality aligns with your high standards."
2,laptop,0,laptop_acer_swift_go_14,1.8115498874335714,1,0.1538,1,"The Acer Swift Go 14 offers excellent value with a powerful AMD processor, ample RAM, and an IPS display. It meets budget constraints while providing solid performance for student needs. Although the build quality is average, it remains a reliable choice."
2,laptop,1,laptop_acer_swift_go_14,1.8115498874335714,1,0.2013,1,"The Acer Swift Go 14 is an excellent choice for budget-conscious students, offering a lightweight design and powerful AMD Ryzen processor at just $699. With a 512GB SSD and long battery life, it handles all your academic needs effortlessly."
3,laptop,0,laptop_acer_swift_go_14,1.066211351138334,1,0.2041,1,"The Acer Swift Go 14 is an excellent budget-friendly option for students, balancing affordability with decent performance and a usable professional experience. It offers 16GB RAM, a 512GB SSD, and a crisp IPS display for under $700."
3,laptop,1,laptop_acer_swift_go_14,1.066211351138334,1,0.2071,1,"The Acer Swift Go 14 is a fantastic choice for budget-conscious students, delivering impressive performance and battery life. With an AMD Ryzen 5 processor, it handles daily tasks seamlessly while staying under your price point."
4,laptop,0,laptop_acer_swift_go_14,0.7049795029850167,1,0.15,1,"The Acer Swift Go 14 is the optimal choice for business travel within your budget. It offers a reliable professional experience with an IPS display, long battery life, and lightweight design. While it's less premium than alternatives like the ZenBook or LG Gram in terms of brand recognition and screen quality, it still delivers solid performance at a more affordable price point."
4,laptop,1,laptop_acer_swift_go_14,0.7049795029850167,1,0.2041,0,"The Acer Swift Go 14 is the ideal companion for frequent business travelers on a budget, offering an IPS display, long battery life, and lightweight design at $699.00. Its familiarity with Windows 11 ensures ease of use."
5,laptop,0,laptop_asus_zenbook_14,-0.5216837914036917,1,0.15,0,"The ASUS ZenBook 14 offers decent performance for data analysis within your budget. Its OLED display and lightweight design are standout features, though it may not match higher-tier models in battery life or build quality."
5,laptop,1,laptop_asus_zenbook_14,-0.5216837914036917,1,0.2026,0,"The ASUS ZenBook 14 offers excellent value with an OLED display and solid performance for data analysis under $900. While it's not the lightest, its build quality and port selection make it a reliable choice despite minor compromises."
6,laptop,0,laptop_asus_zenbook_14,0.9423059678667473,1,0.2929,0,"The ASUS ZenBook 14 offers excellent value with an OLED display, lightweight design, and decent performance under $900. Ideal for students on a budget who prioritize screen quality."
6,laptop,1,laptop_asus_zenbook_14,0.9423059678667473,1,0.279,1,"The ASUS ZenBook 14 offers exceptional value with a stunning OLED display, lightweight design, and solid performance for under $900. Perfect for budget-conscious students who need a reliable screen for coursework."
7,laptop,0,laptop_acer_swift_go_14,0.4076065831332086,1,0.1965,1,"The Acer Swift Go 14 offers a balanced performance and screen quality at an affordable price, ideal for data analysis within your budget. Though it's on the lower end of brand familiarity, its AMD Ryzen processor ensures reliable daily use with Windows 11."
7,laptop,1,laptop_asus_zenbook_14,0.2665450698701711,1,0.2026,1,"The ASUS ZenBook 14 offers exceptional value for data analysis with its OLED display, lightweight design, and Intel Core Ultra 5 processor. Despite not being an Apple product, it provides a solid professional experience within your budget constraints."
8,laptop,0,laptop_dell_xps_14,0.6601829413406735,1,0.2389,1,"The Dell XPS 14 offers a stunning OLED touchscreen and sleek aluminum design, ideal for student use. Though pricey, its quality matches your high standards. The ZenBook 14 is a more budget-friendly OLED option, while the LG Gram provides exceptional portability at a mid-range price."
8,laptop,1,laptop_thinkpad_x1_carbon,0.8612909095737872,1,0.2076,1,"The ThinkPad X1 Carbon is your top pick for its premium build quality, exceptional OLED display, and Windows compatibility. It's slightly over budget but offers unparalleled value in a business ultrabook form factor. Plus, it's the lightest option available."
9,laptop,0,laptop_asus_zenbook_14,1.293053514358624,1,0.3038,1,"The ASUS ZenBook 14 offers excellent value with its OLED display, lightweight design, and decent performance under $900. Ideal for budget-conscious students seeking a quality screen."
9,laptop,1,laptop_asus_zenbook_14,1.293053514358624,1,0.3038,1,"The ASUS ZenBook 14 is your top pick, offering a stunning OLED display and lightweight design at an unbeatable price. It's perfect for students on a budget who need a quality screen and solid performance without breaking the bank."
