consumer_id,category,q,product_id,shortlist,rationale
0,phone_charger,0,charger_baseus_65w,"[""charger_baseus_65w"", ""charger_samsung_45w"", ""charger_apple_35w_duo""]","Baseus offers good value for fast charging within budget, despite some quality concerns."
0,phone_charger,1,charger_anker_nano_67w,"[""charger_anker_nano_67w"", ""charger_baseus_65w"", ""charger_voltix_65w""]","Anker's GaN charger offers best balance of price, quality and brand recognition for fast phone charging."
1,phone_charger,0,charger_voltix_65w,"[""charger_baseus_65w"", ""charger_belkin_25w"", ""charger_voltix_65w""]",Voltix 65W meets travel needs within budget despite lower quality concerns.
1,phone_charger,1,charger_anker_nano_67w,"[""charger_anker_nano_67w"", ""charger_baseus_65w"", ""charger_belkin_25w""]","Anker nano 67W is best balance of quality, price and brand recognition for travel."
2,phone_charger,0,charger_anker_nano_67w,"[""charger_anker_nano_67w"", ""charger_samsung_45w"", ""charger_apple_35w_duo""]","Anker Nano 67W is top for fast phone charging, within budget and a known brand."
2,phone_charger,1,charger_anker_nano_67w,"[""charger_anker_nano_67w"", ""charger_baseus_65w"", ""charger_apple_35w_duo""]",Anker Nano offers the best balance of fast charging and compact size.
3,phone_charger,0,charger_anker_prime_100w,"[""charger_anker_prime_100w"", ""charger_baseus_65w"", ""charger_apple_35w_duo""]","Anker Prime 100W offers the best balance of power, quality and brand recognition within budget."
3,phone_charger,1,charger_anker_prime_100w,"[""charger_anker_prime_100w"", ""charger_ugreen_100w"", ""charger_baseus_65w""]",Anker's 100W charger is high-quality and best fits the multi-device needs within budget.
4,phone_charger,0,charger_voltix_65w,"[""charger_baseus_65w"", ""charger_voltix_65w"", ""charger_belkin_25w""]","Voltix offers best price and wattage but note build quality issues. Baseus is a close second, Belkin for single-device low-watt needs."
4,phone_charger,1,charger_voltix_65w,"[""charger_voltix_65w"", ""charger_baseus_65w"", ""charger_samsung_45w""]","Voltix offers best price for 65W GaN, despite lower build quality."
5,phone_charger,0,charger_voltix_65w,"[""charger_samsung_45w"", ""charger_baseus_65w"", ""charger_belkin_25w""]","Voltix offers good power at low cost, though quality and brand reputation are concerns."
5,phone_charger,1,charger_baseus_65w,"[""charger_baseus_65w"", ""charger_voltix_65w"", ""charger_samsung_45w""]","Baseus 65W offers good balance of price, power, and brand recognition for fast phone charging."
6,phone_charger,0,charger_baseus_65w,"[""charger_baseus_65w"", ""charger_voltix_65w"", ""charger_apple_35w_duo""]","Baseus offers best balance of power and price for travel, despite some quality concerns."
6,phone_charger,1,charger_baseus_65w,"[""charger_baseus_65w"", ""charger_anker_nano_67w"", ""charger_belkin_25w""]","Baseus offers best balance of price and power, though Anker nano is a close second for brand recognition."
7,phone_charger,0,charger_voltix_65w,"[""charger_baseus_65w"", ""charger_samsung_45w"", ""charger_belkin_25w""]","Voltix offers best price-to-performance ratio for travel use, despite lower build quality."
7,phone_charger,1,charger_samsung_45w,"[""charger_samsung_45w"", ""charger_baseus_65w"", ""charger_belkin_25w""]","Samsung charger offers reliable PPS support and fits budget, though Baseus is cheaper with lower quality."
8,phone_charger,0,charger_baseus_65w,"[""charger_baseus_65w"", ""charger_voltix_65w"", ""charger_belkin_25w""]","Baseus offers good value with GaN tech, but build quality and inconsistent charging noted."
8,phone_charger,1,charger_baseus_65w,"[""charger_baseus_65w"", ""charger_anker_nano_67w"", ""charger_belkin_25w""]","Baseus offers best balance of power, price, and portability for travel needs."
9,phone_charger,0,charger_voltix_65w,"[""charger_baseus_65w"", ""charger_samsung_45w"", ""charger_belkin_25w""]","Voltix 65W offers good power for price, though build quality is low."
9,phone_charger,1,charger_voltix_65w,"[""charger_baseus_65w"", ""charger_voltix_65w"", ""charger_belkin_25w""]","Voltix offers best balance of power and price, despite quality concerns."
0,headphones,0,headphones_sennheiser_momentum4,"[""headphones_sennheiser_momentum4"", ""headphones_jbl_tune770nc"", ""headphones_soundcore_space_q45""]","Sennheiser Momentum 4 offers best sound quality and battery life within budget, despite higher price sensitivity."
0,headphones,1,headphones_sennheiser_momentum4,"[""headphones_sony_wh1000xm5"", ""headphones_sennheiser_momentum4"", ""headphones_jbl_tune770nc""]","Sennheiser Momentum 4 offers best sound quality but exceeds budget; Sony XM5 is pricey, JBL Tune 770NC is the closest fit."
1,headphones,0,headphones_jbl_tune770nc,"[""headphones_jbl_tune770nc"", ""headphones_edifier_stax"", ""headphones_soundcore_space_q45""]",JBL offers best value in noise cancellation and battery life within budget.
1,headphones,1,headphones_jbl_tune770nc,"[""headphones_jbl_tune770nc"", ""headphones_edifier_stax"", ""headphones_soundcore_space_q45""]",JBL offers best value with solid battery life and noise cancellation.
2,headphones,0,headphones_sony_wh1000xm5,"[""headphones_bose_qc_ultra"", ""headphones_apple_airpods_max""]","Sony WH-1000XM5 offers top-notch noise cancellation and sound quality for office work, within budget."
2,headphones,1,headphones_sony_wh1000xm5,"[""headphones_bose_qc_ultra"", ""headphones_sony_wh1000xm5""]",Sony WH-1000XM5 offers best noise cancellation and comfort for office work.
3,headphones,0,headphones_sennheiser_momentum4,"[""headphones_sennheiser_momentum4"", ""headphones_jbl_tune770nc"", ""headphones_edifier_stax""]","Sennheiser offers best balance of quality and price, with JBL as a strong budget alternative."
3,headphones,1,headphones_sennheiser_momentum4,"[""headphones_sennheiser_momentum4"", ""headphones_bose_qc_ultra"", ""headphones_jbl_tune770nc""]","Sennheiser offers balanced quality and features within budget, with brand recognition."
4,headphones,0,headphones_sennheiser_momentum4,"[""headphones_sennheiser_momentum4"", ""headphones_bose_qc_ultra"", ""headphones_apple_airpods_max""]","Sennheiser Momentum 4 offers top sound quality and battery life, balancing price sensitivity."
4,headphones,1,headphones_sennheiser_momentum4,"[""headphones_sennheiser_momentum4"", ""headphones_bose_qc_ultra"", ""headphones_sony_wh1000xm5""]","Sennheiser offers best sound quality, long battery life within budget; Sony and Bose close second."
5,headphones,0,headphones_sennheiser_momentum4,"[""headphones_sennheiser_momentum4"", ""headphones_jbl_tune770nc"", ""headphones_soundcore_space_q45""]","Sennheiser offers the best sound quality, though it exceeds budget; JBL and Soundcore offer good value within budget constraints."
5,headphones,1,headphones_jbl_tune770nc,"[""headphones_jbl_tune770nc"", ""headphones_sennheiser_momentum4"", ""headphones_sony_ult_wear""]","JBL offers best value with solid ANC and battery life, suitable for budget-conscious audiophiles."
6,headphones,0,headphones_jbl_tune770nc,"[""headphones_jbl_tune770nc"", ""headphones_sennheiser_momentum4"", ""headphones_marshall_monitor3""]","JBL Tune 770NC offers best value for gaming at budget price, with decent noise cancellation and brand recognition."
6,headphones,1,headphones_jbl_tune770nc,"[""headphones_jbl_tune770nc"", ""headphones_sennheiser_momentum4"", ""headphones_bose_qc_ultra""]",JBL Tune 750NC offers best value with solid ANC and budget-friendly price for gaming.
7,headphones,0,headphones_jbl_tune770nc,"[""headphones_jbl_tune770nc"", ""headphones_edifier_stax"", ""headphones_soundcore_space_q45""]",JBL offers best value with decent noise cancellation and battery life within budget.
7,headphones,1,headphones_jbl_tune770nc,"[""headphones_jbl_tune770nc"", ""headphones_sennheiser_momentum4"", ""headphones_bose_qc_ultra""]",JBL Tune 770NC offers best value with solid ANC and battery life for budget-conscious users.
8,headphones,0,headphones_sony_wh1000xm5,"[""headphones_sony_wh1000xm5"", ""headphones_bose_qc_ultra"", ""headphones_apple_airpods_max""]","Sony WH-1000XM5 offers top-tier quality and integration, best for gaming despite higher price."
8,headphones,1,headphones_sony_wh1000xm5,"[""headphones_sony_wh1000xm5"", ""headphones_bose_qc_ultra"", ""headphones_apple_airpods_max""]","Sony WH-1000XM5 offers top-tier sound and noise cancellation for gaming, aligning with brand preference."
9,headphones,0,headphones_sennheiser_momentum4,"[""headphones_sennheiser_momentum4"", ""headphones_bose_qc_ultra"", ""headphones_sony_wh1000xm5""]","Sennheiser Momentum 4 offers top sound quality, long battery life, and strong noise cancellation within budget."
9,headphones,1,headphones_sony_ult_wear,"[""headphones_sony_ult_wear"", ""headphones_jbl_tune770nc"", ""headphones_edifier_stax""]",Sony ULT-Wear offers good noise cancellation and long battery life within budget.
0,laptop,0,laptop_hp_elitebook_845,"[""laptop_hp_elitebook_845"", ""laptop_macbook_air_m4"", ""laptop_thinkpad_x1_carbon""]","HP EliteBook balances budget, quality, and brand familiarity."
0,laptop,1,laptop_hp_elitebook_845,"[""laptop_hp_elitebook_845"", ""laptop_macbook_air_m4"", ""laptop_dell_xps_14""]","EliteBook offers balanced performance, ports, and enterprise features within budget."
1,laptop,0,laptop_macbook_pro_m4,"[""laptop_macbook_air_m4"", ""laptop_thinkpad_x1_carbon"", ""laptop_dell_xps_14""]",MacBook Pro M4 offers best performance for data analysis and matches budget.
1,laptop,1,laptop_macbook_pro_m4,"[""laptop_macbook_air_m4"", ""laptop_thinkpad_x1_carbon"", ""laptop_hp_elitebook_845""]",MacBook Pro M4 excels in data analysis with top-tier performance and macOS ecosystem.
2,laptop,0,laptop_acer_swift_go_14,"[""laptop_acer_swift_go_14"", ""laptop_asus_zenbook_14"", ""laptop_lg_gram_14""]","Acer Swift Go offers best balance of price, quality, and brand recognition for a student."
2,laptop,1,laptop_acer_swift_go_14,"[""laptop_asus_zenbook_14"", ""laptop_lg_gram_14"", ""laptop_acer_swift_go_14""]","Acer Swift Go balances budget and quality, ideal for students on a tight budget."
3,laptop,0,laptop_acer_swift_go_14,"[""laptop_asus_zenbook_14"", ""laptop_lg_gram_14"", ""laptop_acer_swift_go_14""]",Acer Swift Go 14 offers good value for budget-conscious students with acceptable performance and brand recognition.
3,laptop,1,laptop_acer_swift_go_14,"[""laptop_asus_zenbook_14"", ""laptop_lg_gram_14"", ""laptop_acer_swift_go_14""]",Acer Swift Go balances budget and quality for basic student needs.
4,laptop,0,laptop_acer_swift_go_14,"[""laptop_asus_zenbook_14"", ""laptop_lg_gram_14"", ""laptop_acer_swift_go_14""]",Acer Swift Go 14 offers good value for frequent travelers within budget constraints.
4,laptop,1,laptop_asus_zenbook_14,"[""laptop_asus_zenbook_14"", ""laptop_lg_gram_14"", ""laptop_macbook_air_m4""]","Asus ZenBook offers best balance of quality, portability, and affordability for frequent travelers."
5,laptop,0,laptop_asus_zenbook_14,"[""laptop_asus_zenbook_14"", ""laptop_dell_xps_14"", ""laptop_thinkpad_x1_carbon""]",ASUS ZenBook offers good value with OLED display and decent performance for data analysis.
5,laptop,1,laptop_asus_zenbook_14,"[""laptop_asus_zenbook_14"", ""laptop_macbook_air_m4"", ""laptop_acer_swift_go_14""]",ASUS ZenBook offers best value with OLED display and decent performance for data analysis.
6,laptop,0,laptop_asus_zenbook_14,"[""laptop_asus_zenbook_14"", ""laptop_macbook_air_m4"", ""laptop_hp_elitebook_845""]",Asus ZenBook offers best OLED display and performance for budget.
6,laptop,1,laptop_asus_zenbook_14,"[""laptop_macbook_air_m4"", ""laptop_asus_zenbook_14"", ""laptop_lg_gram_14""]","Asus ZenBook offers best balance of budget, quality, and OLED display for students."
7,laptop,0,laptop_asus_zenbook_14,"[""laptop_asus_zenbook_14"", ""laptop_lg_gram_14"", ""laptop_macbook_air_m4""]","Asus ZenBook offers best balance of price, quality, and OLED display for data analysis."
7,laptop,1,laptop_acer_swift_go_14,"[""laptop_acer_swift_go_14"", ""laptop_asus_zenbook_14"", ""laptop_lg_gram_14""]",Acer Swift Go balances budget and performance for data analysis tasks.
8,laptop,0,laptop_thinkpad_x1_carbon,"[""laptop_thinkpad_x1_carbon"", ""laptop_lg_gram_14"", ""laptop_macbook_air_m4""]","ThinkPad X1 Carbon offers best balance of quality, brand reputation and portability within budget."
8,laptop,1,laptop_macbook_air_m4,"[""laptop_macbook_air_m4"", ""laptop_hp_elitebook_845"", ""laptop_thinkpad_x1_carbon""]","MacBook Air offers a balanced mix of quality, brand familiarity, and value within budget."
9,laptop,0,laptop_asus_zenbook_14,"[""laptop_lg_gram_14"", ""laptop_dell_xps_14"", ""laptop_asus_zenbook_14""]","ZenBook offers best balance of budget, quality, and OLED display for students."
9,laptop,1,laptop_macbook_air_m4,"[""laptop_macbook_air_m4"", ""laptop_hp_elitebook_845"", ""laptop_lg_gram_14""]","MacBook Air offers best balance of quality, price, and brand recognition for a student."
