row_id,architecture,policy,category,consumer_id,selected_product_id,shortlist,recommendation_text,selection_rationale,Q_std,price,quality_score,brand_name,incumbent,focal,text_length,word_count,parse_success,seed
unified_p0_headphones_000,unified,p0,headphones,0,headphones_sony_ult_wear,"[""headphones_sony_ult_wear"", ""headphones_jbl_tune770nc"", ""headphones_edifier_stax""]","For a budget-conscious user prioritizing quality, the Sony WH-CH710N offers an excellent balance of features and performance. With good noise cancellation, impressive battery life, and a mid-range price point, it stands out for its durability and sound quality. While not as premium as higher-end models, it delivers solid value with LDAC support and a comfortable design. JBL Tune 750NC and Edifier W82BT are also strong contenders but fall short in build quality and noise cancellation.",Offers best balance of features and price for budget-conscious users.,0.9786860288426901,198.0,80,Sony,1,1,488,75,True,20260514
twostage_p0_headphones_000,two_stage,p0,headphones,0,headphones_sennheiser_momentum4,"[""headphones_sony_ult_wear"", ""headphones_jbl_tune770nc"", ""headphones_sennheiser_momentum4""]","Given your quality sensitivity and brand familiarity with Sennheiser, the Sennheiser Momentum 4 Wireless headphones are a great choice despite being slightly above your budget. They offer exceptional sound quality, robust noise cancellation, and an impressive 60-hour battery life. While touch controls may have a learning curve, their wireless performance and audio fidelity make them worth considering for casual use.",Balances quality and budget with strong sound and ANC.,-0.08612087578729005,299.95,87,Sennheiser,1,0,419,60,True,20260524
unified_p0_headphones_001,unified,p0,headphones,1,headphones_jbl_tune770nc,"[""headphones_jbl_tune770nc"", ""headphones_edifier_stax"", ""headphones_soundcore_space_q45""]","For a budget-conscious user, the JBL Tune 770NC offers excellent value with solid noise cancellation and battery life. It's affordable at $80, has good build quality, and supports AAC/SBC codecs. While its ANC is basic compared to premium models, it still provides decent isolation for casual use. The punchy sound signature suits those who enjoy bass-heavy tunes.","Best balance of price, features, and brand familiarity.",0.7835517318403634,79.95,72,JBL,1,0,364,57,True,20261514
twostage_p0_headphones_001,two_stage,p0,headphones,1,headphones_jbl_tune770nc,"[""headphones_jbl_tune770nc"", ""headphones_edifier_stax"", ""headphones_soundcore_space_q45""]","Given your price sensitivity and budget constraints, the JBL Tune 770NC is an excellent choice. It offers solid value with its over-ear wireless design, decent noise cancellation, and a generous battery life of 44 hours. The punchy sound signature is well-suited for casual listening, and its foldable construction makes it easy to carry around. While the build quality is mostly plastic and lacks high-res codec support, it still delivers good performance within your budget constraints.",Best value with solid ANC and battery life.,0.7835517318403634,79.95,72,JBL,1,0,488,75,True,20261524
twostage_p0_headphones_002,two_stage,p0,headphones,2,headphones_sony_wh1000xm5,"[""headphones_sony_wh1000xm5"", ""headphones_apple_airpods_max"", ""headphones_bose_qc_ultra""]","Given your quality sensitivity and brand familiarity with Sony, the WH-1000XM5 headphones are an excellent choice for office work. They offer industry-leading noise cancellation and a comfortable fit, ideal for long hours at your desk. With a battery life of up to 30 hours, you won't need frequent recharges. Though they are on the pricier side, their sound quality and wireless features justify the cost.","Balances quality and brand familiarity well, despite higher price.",0.9112321977801576,348.0,90,Sony,1,1,406,65,True,20262524
unified_p0_headphones_003,unified,p0,headphones,3,headphones_jbl_tune770nc,"[""headphones_sony_ult_wear"", ""headphones_jbl_tune770nc"", ""headphones_soundcore_space_q45""]","Given the budget and price sensitivity, JBL Tune 770NC offers excellent value with solid noise cancellation, decent battery life, and a balanced sound signature. It's an affordable option that doesn't compromise too much on quality or features compared to higher-priced alternatives like Sony WH-CH710N. The all-plastic build is less premium but still comfortable for daily use.",Best value with solid noise cancellation and battery life.,0.4527067509146076,79.95,72,JBL,1,0,378,56,True,20263514
twostage_p0_headphones_003,two_stage,p0,headphones,3,headphones_jbl_tune770nc,"[""headphones_jbl_tune770nc"", ""headphones_edifier_stax"", ""headphones_soundcore_space_q45""]","Given your price sensitivity and budget constraints, the JBL Tune 770NC is an excellent choice. It offers solid value with its over-ear wireless design, decent noise cancellation, and a generous battery life of 44 hours. The punchy sound signature is well-suited for casual listening, though it may lack detail at higher volumes. While the build quality is primarily plastic, the headphones are foldable and support multipoint connections, making them convenient for travel and daily use.",Best value with solid ANC and battery life.,0.4527067509146076,79.95,72,JBL,1,0,488,75,True,20263524
unified_p0_headphones_004,unified,p0,headphones,4,headphones_sony_ult_wear,"[""headphones_sony_wh1000xm5"", ""headphones_bose_qc_ultra"", ""headphones_sennheiser_momentum4""]","Given the budget and quality sensitivity, the Sony WH-1000XM5 is a top choice but exceeds your budget. The Bose QC Ultra offers premium noise cancellation but at a higher price point. Sennheiser Momentum 4 provides audiophile sound but lacks LDAC support. Considering brand familiarity and value for money, the Sony Ultimate Ear Wireless headphones offer impressive battery life, good noise cancellation, and are within budget. They provide a mid-range experience with a balanced tuning and comfortable design.",Balances quality and price effectively.,0.6679165928760219,198.0,80,Sony,1,1,510,77,True,20264514
twostage_p0_headphones_004,two_stage,p0,headphones,4,headphones_sennheiser_momentum4,"[""headphones_sony_wh1000xm5"", ""headphones_sennheiser_momentum4"", ""headphones_jbl_tune770nc""]","Given your quality sensitivity and brand familiarity with Sennheiser, the Sennheiser Momentum 4 Wireless headphones are an excellent choice. They offer top-tier sound quality and a remarkable 60-hour battery life. While touch controls may have a slight learning curve, their strong noise cancellation and aptX Adaptive codec support make them stand out. These headphones balance your budget constraints while delivering premium audio performance.","Balances quality and budget, offers best sound with long battery life.",-0.18328651338927168,299.95,87,Sennheiser,1,0,446,63,True,20264524
unified_p0_headphones_005,unified,p0,headphones,5,headphones_sennheiser_momentum4,"[""headphones_sony_wh1000xm5"", ""headphones_bose_qc_ultra"", ""headphones_sennheiser_momentum4""]","For an audiophile prioritizing sound quality and battery life, the Sennheiser Momentum 4 stands out. It offers exceptional audio fidelity with a balanced tuning that appeals to discerning listeners. The 60-hour battery life ensures extended listening sessions without recharging. While it lacks some comfort compared to Sony's XM5, its audiophile-leaning sound signature makes up for any minor drawbacks.",Sennheiser Momentum 4 offers the best audio quality and longest battery life.,0.9762769634475998,299.95,87,Sennheiser,1,0,404,58,True,20265514
twostage_p0_headphones_005,two_stage,p0,headphones,5,headphones_sennheiser_momentum4,"[""headphones_sennheiser_momentum4"", ""headphones_apple_airpods_max"", ""headphones_bose_qc_ultra""]","Given your audiophile leanings and preference for high-quality sound, the Sennheiser Momentum 4 Wireless headphones are an excellent choice. With a remarkable 60-hour battery life and top-tier audio codecs like aptX Adaptive, these over-ear headphones deliver exceptional sound quality. While touch controls may have a slight learning curve, their strong noise cancellation and comfortable design make them ideal for home use. Plus, your familiarity with Sennheiser enhances the appeal of this premium product.",Best sound quality; long battery life; high brand familiarity.,0.9762769634475998,299.95,87,Sennheiser,1,0,510,73,True,20265524
unified_p0_headphones_006,unified,p0,headphones,6,headphones_jbl_tune770nc,"[""headphones_jbl_tune770nc"", ""headphones_edifier_stax"", ""headphones_soundcore_space_q45""]","For gaming, the JBL Tune 770NC offers a solid balance of features and affordability. With basic noise cancellation, it helps block out distractions during intense gaming sessions. Its 44-hour battery life ensures long playtimes without needing frequent recharges. The punchy sound signature is well-suited for dynamic game audio, enhancing immersion. While the build quality is plastic-heavy, its $79.95 price point makes it an excellent value proposition.",Best balance of features and affordability.,0.0335293721688689,79.95,72,JBL,1,0,456,66,True,20266514
twostage_p0_headphones_006,two_stage,p0,headphones,6,headphones_jbl_tune770nc,"[""headphones_jbl_tune770nc"", ""headphones_edifier_stax""]","Given your price sensitivity and budget constraints, the JBL Tune 770NC is a great value option for gaming. It offers solid battery life and multipoint connectivity, allowing you to switch between devices easily. The punchy sound signature enhances gaming audio, though noise cancellation is basic. While it may not be the most premium choice, its affordability and portability make it a practical pick within your budget.",JBL offers best value with decent ANC and battery life within budget.,0.0335293721688689,79.95,72,JBL,1,0,422,66,True,20266524
unified_p0_headphones_007,unified,p0,headphones,7,headphones_jbl_tune770nc,"[""headphones_jbl_tune770nc"", ""headphones_edifier_stax"", ""headphones_soundcore_space_q45""]","Given the budget constraints and price sensitivity, the JBL Tune 770NC offers excellent value with solid noise cancellation, decent battery life, and a balanced sound signature. It's an affordable option that meets basic needs without breaking the bank. The build quality is plastic-heavy but durable for casual use. While it lacks premium features like high-res codec support, its affordability makes it a practical choice.",Best value with solid noise cancellation and battery life.,0.5065092114049614,79.95,72,JBL,1,0,424,64,True,20267514
twostage_p0_headphones_007,two_stage,p0,headphones,7,headphones_jbl_tune770nc,"[""headphones_jbl_tune770nc"", ""headphones_edifier_stax"", ""headphones_soundcore_space_q45""]","Given your price sensitivity and budget constraints, the JBL Tune 770NC is an excellent choice. It offers solid value with its over-ear wireless design, decent noise cancellation, and a generous battery life of 44 hours. The punchy sound signature is well-suited for casual listening, though it may lack detail at higher volumes. While the build quality is primarily plastic, the headphones are foldable and support multipoint connections, making them convenient for travel or daily use.",Best value with solid ANC and battery life.,0.5065092114049614,79.95,72,JBL,1,0,487,75,True,20267524
unified_p0_headphones_008,unified,p0,headphones,8,headphones_sony_wh1000xm5,"[""headphones_sony_wh1000xm5"", ""headphones_bose_qc_ultra"", ""headphones_apple_airpods_max""]","For gaming, the Sony WH-1000XM5 offers unparalleled noise cancellation and comfort, essential for immersive gameplay. Its wireless connectivity ensures no cable tangling during marathon sessions. Though pricey at $348, its quality justifies the cost, especially with Sony's strong brand reputation. The XM5's multipoint connection allows simultaneous use of multiple devices, ideal for gaming setups. While it lacks foldability and has average call mic quality, these minor drawbacks are outweighed by its stellar performance in gaming scenarios.",Best noise cancellation and comfort for gaming.,0.6879921378351086,348.0,90,Sony,1,1,546,76,True,20268514
twostage_p0_headphones_008,two_stage,p0,headphones,8,headphones_sony_wh1000xm5,"[""headphones_sony_wh1000xm5"", ""headphones_bose_qc_ultra"", ""headphones_apple_airpods_max""]","Given your high quality sensitivity and moderate brand familiarity with Sony, the WH-1000XM5 headphones are an excellent choice for gaming. They offer industry-leading noise cancellation, ensuring you're fully immersed in game audio without distractions. With a battery life of up to 30 hours, you can play uninterrupted for long sessions. Though they aren't foldable and have average call microphone quality, their sound clarity and wireless connectivity make them ideal for gaming.","Sony XM5 offers best balance of quality, brand familiarity and gaming suitability.",0.6879921378351086,348.0,90,Sony,1,1,483,71,True,20268524
unified_p0_headphones_009,unified,p0,headphones,9,headphones_sony_ult_wear,"[""headphones_sony_wh1000xm5"", ""headphones_bose_qc_ultra"", ""headphones_sennheiser_momentum4""]","For office work, the Sony WH-CH710N offers a balanced approach with good noise cancellation and an impressive 50-hour battery life. Its mid-range price point makes it accessible while still delivering quality sound and comfort. The bass-heavy tuning might not suit all tastes but provides robust audio performance for daily use.","Balances cost, brand familiarity, and office suitability.",0.989125312221416,198.0,80,Sony,1,1,328,50,True,20269514
twostage_p0_headphones_009,two_stage,p0,headphones,9,headphones_sony_ult_wear,"[""headphones_sony_ult_wear"", ""headphones_marshall_monitor3"", ""headphones_jbl_tune770nc""]","Given your budget and quality preferences, the Sony over-ear wireless headphones are a great choice for office work. They offer good noise cancellation and an impressive 50-hour battery life, making them convenient for long days at the desk. Though they have heavy bass tuning that might not suit everyone, their LDAC codec support ensures high-quality audio when you switch to clearer sound settings. The foldable design also makes them easy to store in your office drawer or bag.","Balances price, quality, and brand recognition.",0.989125312221416,198.0,80,Sony,1,1,481,78,True,20269524
twostage_p0_headphones_010,two_stage,p0,headphones,10,headphones_sony_wh1000xm5,"[""headphones_sony_wh1000xm5"", ""headphones_bose_qc_ultra"", ""headphones_sennheiser_momentum4""]","Given your high quality sensitivity and brand familiarity with Sony, the Sony WH-1000XM5 headphones are an excellent choice for commuting. They offer industry-leading noise cancellation and a comfortable lightweight design, ensuring you can enjoy clear sound even in noisy environments. With a battery life of 30 hours, these headphones will last through long commutes without needing a recharge. Although they are slightly above your budget at $348, their premium features make them worth the investment for someone who prioritizes quality over cost.","Best noise cancellation and quality, within budget.",2.511654641918583,348.0,90,Sony,1,1,551,82,True,20270524
unified_p0_headphones_011,unified,p0,headphones,11,headphones_jbl_tune770nc,"[""headphones_jbl_tune770nc"", ""headphones_edifier_stax"", ""headphones_soundcore_space_q45""]","For office work, the JBL Tune 770NC offers a solid balance of features and affordability. With basic noise cancellation, it's suitable for reducing ambient noise in an office setting. Its 44-hour battery life ensures all-day use without needing to recharge. The punchy sound signature is well-suited for long hours of work, providing clear audio for calls and meetings. At $79.95, it fits within the budget while offering a comfortable over-ear design with multipoint connectivity.",Best value for office use; affordable price point.,0.5322059089525928,79.95,72,JBL,1,0,481,74,True,20271514
twostage_p0_headphones_011,two_stage,p0,headphones,11,headphones_jbl_tune770nc,"[""headphones_jbl_tune770nc"", ""headphones_edifier_stax""]","Given your price sensitivity and brand familiarity with JBL, the JBL Tune 770NC is an excellent choice for office work. It offers solid noise cancellation and a generous battery life of 44 hours, making it convenient for long workdays. The headphones are foldable and lightweight at 225 grams, ensuring portability without compromising comfort. While the build quality is mostly plastic, JBL's signature punchy sound complements office environments well. At $79.95, these headphones provide good value for your budget constraints.",Best value with solid ANC and battery life.,0.5322059089525928,79.95,72,JBL,1,0,530,79,True,20271524
unified_p0_headphones_012,unified,p0,headphones,12,headphones_jbl_tune770nc,"[""headphones_jbl_tune770nc"", ""headphones_edifier_stax"", ""headphones_soundcore_space_q45""]","For commuting, the JBL Tune 770NC offers a solid balance of features and value. With basic noise cancellation, it still provides decent isolation for your commute at an affordable price point. The battery life is commendable at 44 hours, ensuring you won't need to recharge frequently during daily use. While the build quality is plastic-heavy, this keeps the weight down to a comfortable 225 grams. Despite lacking high-res codec support and detailed sound at higher volumes, it remains an excellent choice for budget-conscious commuters.",Best value with decent noise cancellation and long battery life.,-0.18971068777617975,79.95,72,JBL,1,0,539,84,True,20272514
twostage_p0_headphones_012,two_stage,p0,headphones,12,headphones_jbl_tune770nc,"[""headphones_jbl_tune770nc"", ""headphones_edifier_stax""]","Given your price sensitivity and budget, the JBL Tune 770NC is an excellent choice for commuting. It offers solid noise cancellation and a generous battery life of 44 hours, making it convenient for long trips. The headphones are foldable and lightweight at just 225 grams, ensuring comfort during extended use. While the build quality is mostly plastic, the JBL sound signature delivers punchy audio that many enjoy. At $79.95, these headphones provide great value without breaking your budget.",Best value for price-sensitive commuter.,-0.18971068777617975,79.95,72,JBL,1,0,495,78,True,20272524
unified_p0_headphones_013,unified,p0,headphones,13,headphones_sony_ult_wear,"[""headphones_sony_wh1000xm5"", ""headphones_bose_qc_ultra"", ""headphones_sennheiser_momentum4""]","For commuting, the Sony WH-CH710N offers a solid balance of features and value. With good noise cancellation, a comfortable over-ear design, and an impressive 50-hour battery life, it's ideal for long commutes without breaking the budget. The mid-range price point aligns well with your sensitivity to cost while still delivering Sony quality. Its multipoint connectivity ensures seamless switching between devices, enhancing usability during busy commutes.",Balances features and value; good noise cancellation; longest battery life.,1.1842596092237427,198.0,80,Sony,1,1,457,65,True,20273514
twostage_p0_headphones_013,two_stage,p0,headphones,13,headphones_sony_ult_wear,"[""headphones_sony_wh1000xm5"", ""headphones_bose_qc_ultra"", ""headphones_sennheiser_momentum4""]","The Sony over-ear wireless headphones offer excellent value for your budget and commuting needs. With a mid-range price point and impressive 50-hour battery life, they provide reliable performance on the go. Good noise cancellation helps block out distractions during commutes, while LDAC codec support ensures high-quality audio. Though not class-leading in build quality or ANC, these headphones are still comfortable and foldable for easy storage.",Balances price and quality well for commuting.,1.1842596092237427,198.0,80,Sony,1,1,450,65,True,20273524
unified_p0_headphones_014,unified,p0,headphones,14,headphones_sony_wh1000xm5,"[""headphones_sony_wh1000xm5"", ""headphones_bose_qc_ultra"", ""headphones_apple_airpods_max""]","For gym and running, the Sony WH-1000XM5 excels with its excellent noise cancellation, comfortable build, and long battery life. Despite a premium price, it offers superior sound quality and wireless features compared to competitors like Bose QC Ultra and Apple AirPods Max. The XM5's lightweight design makes it ideal for active use.","Offers best balance of comfort, performance, and brand familiarity.",-0.3013307177487043,348.0,90,Sony,1,1,334,52,True,20274514
twostage_p0_headphones_014,two_stage,p0,headphones,14,headphones_bose_qc_ultra,"[""headphones_sony_wh1000xm5"", ""headphones_bose_qc_ultra"", ""headphones_apple_airpods_max""]","Given your quality sensitivity and brand familiarity with Bose, the Bose QuietComfort Ultra headphones are an excellent choice for gym running. They offer outstanding noise cancellation and a comfortable over-ear design that stays secure during workouts. With a battery life of up to 24 hours, you won't need frequent recharges. Though they are pricey, their immersive audio and luxurious comfort make them worth the investment.","Bose QC Ultra offers best noise cancellation for gym/running, balanced by price and brand familiarity.",-0.07568159240856501,379.0,89,Bose,1,0,428,65,True,20274524
unified_p0_headphones_015,unified,p0,headphones,15,headphones_sony_wh1000xm5,"[""headphones_sony_ult_wear"", ""headphones_bose_qc_ultra"", ""headphones_apple_airpods_max""]","For office work, the Sony WH-1000XM5 offers top-tier noise cancellation and sound quality at a premium price. Its lightweight build ensures comfort during long hours of use, making it ideal for an office setting. While its non-foldable design is less travel-friendly, the XM5's superior audio performance and noise isolation make it stand out in this category.",Best noise cancellation and sound quality; comfortable for extended wear.,2.631304889874742,348.0,90,Sony,1,1,360,56,True,20275514
twostage_p0_headphones_015,two_stage,p0,headphones,15,headphones_sony_wh1000xm5,"[""headphones_sony_ult_wear"", ""headphones_bose_qc_ultra""]","The Sony WH-1000XM5 headphones are an excellent choice for office work due to their industry-leading noise cancellation and comfortable over-ear design. With a battery life of up to 30 hours, you won't need frequent recharges during long workdays. The LDAC codec ensures high-quality sound, enhancing your audio experience. Although they are slightly more expensive, the superior quality justifies the price for those who value top-tier performance and comfort in their headphones.",Best balance of quality and brand familiarity within budget.,2.631304889874742,348.0,90,Sony,1,1,481,71,True,20275524
unified_p0_headphones_016,unified,p0,headphones,16,headphones_jbl_tune770nc,"[""headphones_jbl_tune770nc"", ""headphones_edifier_stax"", ""headphones_soundcore_space_q45""]","For commuting, the JBL Tune 770NC offers a solid balance of features and value. With basic noise cancellation, it provides decent sound isolation for your daily commute at an affordable price point. The 44-hour battery life ensures you won't need to recharge frequently during long commutes. While its build quality is plastic-heavy, the punchy JBL sound signature can be enjoyable on the go. Given your budget constraints and brand familiarity preferences, this model stands out as a practical choice.",Affordable price point with decent noise cancellation for commuting.,0.19734581903502,79.95,72,JBL,1,0,502,79,True,20276514
twostage_p0_headphones_016,two_stage,p0,headphones,16,headphones_jbl_tune770nc,"[""headphones_jbl_tune770nc"", ""headphones_edifier_stax""]","Given your price sensitivity and budget constraints, the JBL Tune 770NC is a great choice for commuting. It offers solid noise cancellation and up to 44 hours of battery life at an affordable price point. The over-ear design provides comfort during long commutes, and its multipoint connection lets you switch between devices easily. While it may not match premium brands in build quality or sound detail, the JBL Tune 770NC delivers good value for your budget.",Best value with decent ANC and battery life.,0.19734581903502,79.95,72,JBL,1,0,461,76,True,20276524
unified_p0_headphones_017,unified,p0,headphones,17,headphones_sony_ult_wear,"[""headphones_sony_ult_wear"", ""headphones_jbl_tune770nc"", ""headphones_edifier_stax""]","For a budget-conscious user who values quality but is sensitive to price, the Sony WH-CH710N offers an excellent balance. It provides good noise cancellation and impressive battery life at $198, making it more affordable than premium options while still offering solid performance. The JBL Tune 750NC BT and Edifier W82BT are also strong contenders but lack the brand recognition and codec support of Sony's model.",Offers good value with Sony's reliability.,0.8228997999601743,198.0,80,Sony,1,1,414,65,True,20277514
twostage_p0_headphones_017,two_stage,p0,headphones,17,headphones_sony_ult_wear,"[""headphones_sony_ult_wear"", ""headphones_jbl_tune770nc"", ""headphones_edifier_stax""]","Given your budget and price sensitivity, the Sony over-ear wireless headphones offer excellent value at $198. They provide good noise cancellation and a generous 50-hour battery life, making them ideal for casual use. Though they have heavy bass tuning that might not suit everyone, their LDAC codec support ensures high-quality audio. The foldable design adds convenience, and while the build quality is slightly less premium than Sony's top models like the XM5, it still meets your brand familiarity preference for Sony.",Balances price and quality well; known brand with good reviews.,0.8228997999601743,198.0,80,Sony,1,1,522,81,True,20277524
unified_p0_headphones_018,unified,p0,headphones,18,headphones_jbl_tune770nc,"[""headphones_jbl_tune770nc"", ""headphones_edifier_stax"", ""headphones_soundcore_space_q45""]","For commuting, the JBL Tune 770NC offers a solid balance of features and value. With basic noise cancellation, it's not as effective as premium options but still provides some relief from ambient sounds. Its lightweight build (225g) ensures comfort during long commutes. The battery life is decent at 44 hours, making it suitable for multiple daily uses without needing a recharge. JBL’s punchy sound signature complements the bass-heavy nature of many commuters' music preferences. Given your budget constraints and brand familiarity with JBL, this model stands out as an affordable yet reliable choice.",Balances affordability and basic noise cancellation for commuting.,-0.20737716734017625,79.95,72,JBL,1,0,604,93,True,20278514
twostage_p0_headphones_018,two_stage,p0,headphones,18,headphones_jbl_tune770nc,"[""headphones_jbl_tune770nc"", ""headphones_edifier_stax"", ""headphones_soundcore_space_q45""]","Given your price sensitivity and budget, the JBL Tune 770NC is a great value for commuting. It offers solid noise cancellation, long battery life (up to 44 hours), and the signature punchy JBL sound. The headphones are foldable and lightweight, making them convenient for daily use. While the build quality is mostly plastic and lacks high-res codec support, they provide good performance at an affordable price point within your budget.",Best value with solid ANC and battery life.,-0.20737716734017625,79.95,72,JBL,1,0,437,70,True,20278524
unified_p0_headphones_019,unified,p0,headphones,19,headphones_sennheiser_momentum4,"[""headphones_sennheiser_momentum4"", ""headphones_jbl_tune770nc"", ""headphones_edifier_stax""]","For an audiophile at home, the Sennheiser Momentum 4 offers exceptional sound quality and a remarkable 60-hour battery life. It supports high-quality codecs like aptX Adaptive for superior audio fidelity. While it's slightly over budget, its audiophile-leaning tuning and build quality make it worth considering. The JBL Tune 770NC is an excellent value with punchy sound but lacks the premium feel of Sennheiser. Edifier STAX offers LDAC support at a lower price point but may lack brand trust.",Sennheiser's superior audio quality and long battery life make it stand out.,0.6229473721676664,299.95,87,Sennheiser,1,0,495,78,True,20279514
twostage_p0_headphones_019,two_stage,p0,headphones,19,headphones_sennheiser_momentum4,"[""headphones_sennheiser_momentum4"", ""headphones_jbl_tune770nc"", ""headphones_edifier_stax""]","While your budget is $130.99 and you're price-sensitive, the Sennheiser Momentum 4 headphones offer exceptional value for audiophiles at $299.95. They boast top-tier sound quality, strong noise cancellation, and a remarkable 60-hour battery life. Though slightly pricier, their aptX Adaptive codec ensures pristine audio fidelity, making them worth the investment for those prioritizing sound quality over cost.","Balanced sound, long battery life; beats JBL and Edifier in build quality.",0.6229473721676664,299.95,87,Sennheiser,1,0,411,57,True,20279524
unified_p0_laptop_000,unified,p0,laptop,0,laptop_asus_zenbook_14,"[""laptop_asus_zenbook_14"", ""laptop_macbook_air_m4"", ""laptop_hp_elitebook_845""]","The ASUS ZenBook 14 offers remarkable value for budget-conscious buyers, delivering an OLED display and lightweight design under $900. It's a solid choice for documents, spreadsheets, and web browsing with decent performance. The Intel Core Ultra 5 processor is less powerful than competitors' Core Ultra 7 or Ryzen 7 but still handles basic office tasks well. However, the speakers are weak, and there's no upgrade path for RAM beyond the included 16GB.",Balances budget and quality with familiar ASUS brand.,0.7497760646293589,849.0,79,ASUS,1,0,454,72,True,20260514
twostage_p0_laptop_000,two_stage,p0,laptop,0,laptop_asus_zenbook_14,"[""laptop_asus_zenbook_14"", ""laptop_hp_elitebook_845"", ""laptop_dell_xps_14""]","The ASUS ZenBook 14 is an excellent choice for budget-conscious office use. With a remarkable OLED display and lightweight design, it offers great value under $900. Its Intel Core Ultra 5 processor provides decent performance, though it's less powerful than higher-tier options. The laptop includes 16GB RAM and has a long battery life of up to 13 hours, making it ideal for daily office tasks without breaking the bank.","Balances budget, quality, and brand familiarity well.",0.7497760646293589,849.0,79,ASUS,1,0,420,69,True,20260524
unified_p0_laptop_001,unified,p0,laptop,1,laptop_macbook_pro_m4,"[""laptop_macbook_air_m4"", ""laptop_thinkpad_x1_carbon"", ""laptop_hp_elitebook_845""]","For data analysis, the MacBook Pro M4 is unparalleled. Its Apple M4 Pro processor and 24GB RAM ensure lightning-fast performance for complex calculations and large datasets. The laptop's macOS system offers robust security features and seamless integration with Apple's ecosystem of tools designed for professionals. With a stunning mini-LED XDR display and an impressive battery life, the MacBook Pro M4 provides both visual clarity and portability essential for data analysts on-the-go. Although it is pricey and lacks Windows compatibility for some enterprise software, its overall quality and performance make it a top choice.",Best processor and RAM for data analysis; excellent display and battery life.,1.8973305373908236,1999.0,93,Apple,1,1,630,93,True,20261514
twostage_p0_laptop_001,two_stage,p0,laptop,1,laptop_macbook_pro_m4,"[""laptop_macbook_pro_m4"", ""laptop_thinkpad_x1_carbon"", ""laptop_hp_elitebook_845""]","The MacBook Pro with the M4 Pro processor is an excellent choice for data analysis due to its powerful performance and long battery life. With 24GB of RAM and a stunning mini-LED XDR display, it excels in handling complex datasets and running demanding software smoothly. The macOS operating system offers robust security and integration with Apple's ecosystem, which can be beneficial for users familiar with the brand. Although the base storage is limited to 512GB and some enterprise tools may not be compatible, the overall quality and performance justify the higher price point.","Best performance for data analysis, despite high cost.",1.8973305373908236,1999.0,93,Apple,1,1,583,93,True,20261524
unified_p0_laptop_002,unified,p0,laptop,2,laptop_acer_swift_go_14,"[""laptop_acer_swift_go_14"", ""laptop_asus_zenbook_14"", ""laptop_lg_gram_14""]","The Acer Swift Go 14 is the best value for a student within budget constraints. It offers an IPS display, lightweight design, and decent performance at $699. While it lacks the premium features of higher-end models like OLED displays or longer battery life, its price point makes it highly accessible. The Intel Core Ultra 5 processor may be less powerful than competitors' CPUs but is sufficient for basic tasks such as document editing, web browsing, and light multimedia use.",Balances quality and budget; suitable for student needs.,1.8115498874335714,699.0,73,Acer,1,0,478,79,True,20262514
twostage_p0_laptop_002,two_stage,p0,laptop,2,laptop_acer_swift_go_14,"[""laptop_asus_zenbook_14"", ""laptop_lg_gram_14"", ""laptop_acer_swift_go_14""]","The Acer Swift Go 14 is a budget-friendly option for students who need a reliable laptop for basic tasks like document editing and web browsing. Despite its lower price point, it offers decent performance with an AMD Ryzen 5 processor and 16GB of RAM. The 14-inch IPS display provides clear visuals, though it's somewhat dim. With a lightweight design and up to 11 hours of battery life, this laptop is portable and convenient for daily use on the go.",Balances price and quality; meets basic student needs.,1.8115498874335714,699.0,73,Acer,1,0,451,79,True,20262524
unified_p0_laptop_003,unified,p0,laptop,3,laptop_acer_swift_go_14,"[""laptop_acer_swift_go_14"", ""laptop_asus_zenbook_14"", ""laptop_hp_elitebook_845""]","The Acer Swift Go 14 is the best value for a student within budget constraints. It offers an IPS display, lightweight design, and decent performance at $699. While it lacks the premium features of higher-end models like OLED displays or better processors, its price point makes it highly attractive for students who prioritize affordability over top-tier specs.",Balances quality and budget; meets student needs without breaking the bank.,1.066211351138334,699.0,73,Acer,1,0,361,57,True,20263514
twostage_p0_laptop_003,two_stage,p0,laptop,3,laptop_acer_swift_go_14,"[""laptop_asus_zenbook_14"", ""laptop_lg_gram_14"", ""laptop_system76_lemur""]","The Acer Swift Go 14 is a budget-friendly option for students looking to balance cost and performance. At $699, it fits your price range comfortably. It offers a solid 14-inch IPS display, 16GB RAM, and a powerful AMD Ryzen 5 processor, making it suitable for handling documents, spreadsheets, and web browsing. While the display is somewhat dim and it flexes under pressure, its lightweight design and long battery life make it portable and convenient for daily use.",Balances price and quality; meets student needs.,1.066211351138334,699.0,73,Acer,1,0,467,77,True,20263524
unified_p0_laptop_004,unified,p0,laptop,4,laptop_macbook_air_m4,"[""laptop_macbook_air_m4"", ""laptop_thinkpad_x1_carbon"", ""laptop_lg_gram_14""]","For business travel, the MacBook Air M4 is an excellent choice. It offers ultralight weight and all-day battery life, ideal for frequent flyers. Despite its lower price point of $1099, it maintains high quality with a Liquid Retina display and macOS ecosystem. The ThinkPad X1 Carbon and LG Gram 14 are also strong contenders but the MacBook Air's balance of portability, performance, and brand familiarity makes it stand out.","Balances price, quality, and brand preference.",1.8048780591035625,1099.0,87,Apple,1,1,426,69,True,20264514
twostage_p0_laptop_004,two_stage,p0,laptop,4,laptop_macbook_air_m4,"[""laptop_macbook_air_m4"", ""laptop_thinkpad_x1_carbon"", ""laptop_lg_gram_14""]","Given your high brand familiarity with Apple and moderate price sensitivity, the MacBook Air M1 is an excellent choice for business travel. It offers a lightweight design, all-day battery life, and powerful performance for everyday tasks and light creativity. With 16GB RAM and macOS, it ensures smooth multitasking and productivity on the go. Although the base storage of 256GB might be limiting, its integrated GPU and Thunderbolt ports provide versatile connectivity options.","Balances price, quality, and brand preference for frequent travelers.",1.8048780591035625,1099.0,87,Apple,1,1,478,72,True,20264524
unified_p0_laptop_005,unified,p0,laptop,5,laptop_asus_zenbook_14,"[""laptop_asus_zenbook_14"", ""laptop_acer_swift_go_14"", ""laptop_lg_gram_14""]","The ASUS ZenBook 14 offers the best balance of performance and value for data analysis within your budget. Its OLED display provides excellent visual clarity, and it's lightweight at just over a kilogram. Despite its lower price point, it still delivers decent performance with an Intel Core Ultra 5 processor and 16GB RAM. The ZenBook also includes a full range of ports, including Thunderbolt 4, HDMI, USB-A, and USB-C for versatile connectivity options. While the processor is less powerful than some competitors', its OLED display and overall build quality make it a strong choice.",Best value with OLED display and adequate performance.,-0.5216837914036917,849.0,79,ASUS,1,0,585,94,True,20265514
twostage_p0_laptop_005,two_stage,p0,laptop,5,laptop_asus_zenbook_14,"[""laptop_asus_zenbook_14"", ""laptop_acer_swift_go_14""]","Given your high quality sensitivity and moderate price sensitivity, the ASUS ZenBook 14 offers excellent value with its OLED display and lightweight design, ideal for data analysis tasks. Though it falls slightly above your budget at $849, its Intel Core Ultra 5 processor, 16GB RAM, and Windows 11 OS provide solid performance. The integrated GPU and ample battery life also support extended use.",Balances cost and quality; best screen for budget.,-0.5216837914036917,849.0,79,ASUS,1,0,397,63,True,20265524
unified_p0_laptop_006,unified,p0,laptop,6,laptop_asus_zenbook_14,"[""laptop_asus_zenbook_14"", ""laptop_acer_swift_go_14"", ""laptop_hp_elitebook_845""]","The ASUS ZenBook 14 offers the best balance of quality and affordability for a student. Its OLED display provides vibrant visuals, and it's lightweight at just 1.28 kg. With 16GB RAM and a decent battery life of 13 hours, it handles everyday tasks like web browsing, document editing, and light multimedia with ease. The ZenBook also includes Windows 11 Home for broad software compatibility. While the Intel Core Ultra 5 processor is less powerful than some alternatives, its price point makes it an excellent value.",Balances quality and affordability; OLED display offers vibrant visuals.,0.9423059678667473,849.0,79,ASUS,1,0,517,85,True,20266514
twostage_p0_laptop_006,two_stage,p0,laptop,6,laptop_acer_swift_go_14,"[""laptop_asus_zenbook_14"", ""laptop_lg_gram_14"", ""laptop_system76_lemur""]","The Acer Swift Go 14 is a great choice for budget-conscious students. It offers a balance of affordability and functionality with its AMD Ryzen 5 processor, 16GB RAM, and 512GB storage. The laptop's lightweight design (1.32 kg) makes it easy to carry around campus, and the 11-hour battery life ensures you can work all day without needing to recharge. While the display is somewhat dim and performance may lag under heavy use, its Windows 11 Home OS provides a familiar interface for managing documents, spreadsheets, and web browsing tasks efficiently.",Balances price and quality well for a student.,0.45907497310755957,699.0,73,Acer,1,0,554,90,True,20266524
unified_p0_laptop_007,unified,p0,laptop,7,laptop_asus_zenbook_14,"[""laptop_asus_zenbook_14"", ""laptop_macbook_air_m4"", ""laptop_hp_elitebook_845""]","The ASUS ZenBook 14 offers a balance of performance and affordability for data analysis tasks. With an OLED display, it provides excellent visual clarity and is lightweight at 1.28 kg. Despite its lower price point, it still delivers decent performance with 16GB RAM and a powerful AMD Ryzen processor. The battery life of up to 13 hours ensures you can work throughout the day without needing to recharge. Although the Intel Arc integrated GPU may not be ideal for heavy creative tasks, it is sufficient for data analysis and general productivity.",Balances price and performance well; suitable for data analysis.,0.2665450698701711,849.0,79,ASUS,1,0,548,91,True,20267514
twostage_p0_laptop_007,two_stage,p0,laptop,7,laptop_asus_zenbook_14,"[""laptop_asus_zenbook_14"", ""laptop_acer_swift_go_14""]","Given your price sensitivity and budget constraints, the ASUS ZenBook 14 offers remarkable value for under $900. Its OLED display provides excellent visual quality, ideal for data analysis tasks. Despite its less powerful Intel Core Ultra 5 processor compared to competitors, it still delivers decent performance. The laptop's lightweight design and long battery life make it portable and convenient for daily use. While the speakers are weak and RAM is fixed at 16GB without upgrade options, this model remains a solid choice within your budget constraints.",Balances price and quality best for data analysis.,0.2665450698701711,849.0,79,ASUS,1,0,558,86,True,20267524
unified_p0_laptop_008,unified,p0,laptop,8,laptop_macbook_air_m4,"[""laptop_macbook_air_m4"", ""laptop_thinkpad_x1_carbon"", ""laptop_dell_xps_14""]","The MacBook Air M4 is an excellent choice for a student due to its ultralight design, all-day battery life, and macOS ecosystem. It offers robust performance for everyday tasks like coding, document editing, and web browsing. The Liquid Retina display provides clear visuals, and the fanless design ensures quiet operation. Although it has limited storage (256GB) and lacks some ports compared to competitors, its lightweight form factor makes it ideal for carrying around campus. The MacBook Air's high brand familiarity score and macOS ecosystem make it a strong choice despite the price sensitivity.","Balances quality, portability, and brand recognition.",1.762940852457795,1099.0,87,Apple,1,1,602,93,True,20268514
twostage_p0_laptop_008,two_stage,p0,laptop,8,laptop_macbook_air_m4,"[""laptop_macbook_air_m4"", ""laptop_thinkpad_x1_carbon"", ""laptop_hp_elitebook_845""]","The MacBook Air M4 is an excellent choice for a student due to its lightweight design and long battery life, making it perfect for daily tasks like studying and light creative work. With 16GB of RAM and an integrated GPU, it handles basic software efficiently. The macOS ensures a smooth user experience, and the MagSafe charging adds convenience. While the base storage is limited at 256GB, it's still a strong option given your budget and brand preference for Apple.","Balances price, quality, and brand familiarity for a student.",1.762940852457795,1099.0,87,Apple,1,1,468,79,True,20268524
unified_p0_laptop_009,unified,p0,laptop,9,laptop_asus_zenbook_14,"[""laptop_asus_zenbook_14"", ""laptop_hp_elitebook_845"", ""laptop_dell_xps_14""]","The ASUS ZenBook 14 offers remarkable value for a student, combining an OLED display with lightweight design and decent performance under $900. Despite its less powerful processor compared to competitors, it delivers a quality screen experience that is ideal for budget-conscious students who prioritize visual clarity over raw power. The laptop's port selection includes HDMI and USB-A, ensuring compatibility with various peripherals. While the speakers are tinny, this model provides an excellent balance of features and affordability.",Balances price and quality well; OLED display is a standout feature.,1.293053514358624,849.0,79,ASUS,1,0,538,77,True,20269514
twostage_p0_laptop_009,two_stage,p0,laptop,9,laptop_asus_zenbook_14,"[""laptop_asus_zenbook_14"", ""laptop_hp_elitebook_845"", ""laptop_lg_gram_14""]","The ASUS ZenBook 14 is an excellent choice for a budget-conscious student who values quality and portability. With its OLED display, lightweight design, and decent performance, it offers remarkable value under $900. The Intel Core Ultra 5 processor provides adequate power for daily tasks, while the 16GB RAM ensures smooth multitasking. Although the speakers are weak and there's no upgrade path for RAM, this laptop remains a solid option given your price sensitivity and brand familiarity with ASUS.",Balances quality and budget; OLED screen adds value.,1.293053514358624,849.0,79,ASUS,1,0,502,78,True,20269524
unified_p0_laptop_010,unified,p0,laptop,10,laptop_asus_zenbook_14,"[""laptop_asus_zenbook_14"", ""laptop_hp_elitebook_845"", ""laptop_dell_xps_14""]","The ASUS ZenBook 14 offers a compelling balance of performance, portability, and affordability for software development. Its OLED display provides vibrant visuals, while the Intel Core Ultra 5 processor ensures smooth multitasking. With 16GB RAM and ample storage, it handles coding and debugging efficiently. The lightweight design makes it easy to carry around, and its Windows 11 Home OS supports a wide range of development tools. Although the battery life is average at 13 hours, the ZenBook's overall value proposition is hard to beat within your budget.","Balances performance, portability, and cost effectively.",0.6668547696706822,849.0,79,ASUS,1,0,560,87,True,20270514
twostage_p0_laptop_010,two_stage,p0,laptop,10,laptop_asus_zenbook_14,"[""laptop_asus_zenbook_14"", ""laptop_hp_elitebook_845"", ""laptop_dell_xps_14""]","The ASUS ZenBook 14 is an excellent choice for software development within your budget. It offers a powerful Intel Core Ultra 5 processor and 16GB of RAM, suitable for running multiple applications smoothly. The OLED display provides vibrant visuals, enhancing coding experiences. Though the speakers are weak and there's no upgrade path for RAM, its lightweight design and long battery life make it portable and convenient for daily use.",Balances cost and quality for software development.,0.6668547696706822,849.0,79,ASUS,1,0,438,69,True,20270524
unified_p0_laptop_011,unified,p0,laptop,11,laptop_thinkpad_x1_carbon,"[""laptop_macbook_air_m4"", ""laptop_hp_elitebook_845"", ""laptop_lg_gram_14""]","For business travel, the Lenovo ThinkPad X1 Carbon excels with its lightweight design (1.09 kg), long battery life, and robust Windows compatibility. It features a stunning OLED display, ample RAM, and full port selection, making it ideal for productivity on-the-go. While its battery life is slightly shorter than Apple's offerings, the ThinkPad compensates with superior GPU performance and enterprise-grade security features.","Balances weight, ports, and Windows compatibility.",1.6180668658633246,1549.0,88,Lenovo,1,0,428,61,True,20271514
twostage_p0_laptop_011,two_stage,p0,laptop,11,laptop_thinkpad_x1_carbon,"[""laptop_macbook_pro_m4"", ""laptop_lg_gram_14"", ""laptop_thinkpad_x1_carbon""]","The Lenovo ThinkPad X1 Carbon is an excellent choice for business travel due to its lightweight design (1.09 kg) and impressive battery life of up to 12 hours. It features a high-quality OLED display and a robust Intel Core Ultra processor, making it ideal for productivity on the go. Although slightly over your budget at $1549, its durability and Windows Pro OS offer significant value for business use.","Balances quality, brand familiarity, and business travel needs.",1.6180668658633246,1549.0,88,Lenovo,1,0,405,68,True,20271524
unified_p0_laptop_012,unified,p0,laptop,12,laptop_asus_zenbook_14,"[""laptop_asus_zenbook_14"", ""laptop_dell_xps_14"", ""laptop_thinkpad_x1_carbon""]","The ASUS ZenBook 14 offers remarkable value with an OLED display, lightweight design, and decent performance for under $900. It's ideal for budget-conscious students who need a quality screen for documents, spreadsheets, and web browsing. The Intel Core Ultra 5 processor is less powerful than competitors' Core Ultra 7 or Ryzen 7 but still delivers solid performance.",Balances price and quality well; OLED display adds value.,0.5248401380747865,849.0,79,ASUS,1,0,368,57,True,20272514
twostage_p0_laptop_012,two_stage,p0,laptop,12,laptop_asus_zenbook_14,"[""laptop_asus_zenbook_14"", ""laptop_hp_elitebook_845"", ""laptop_dell_xps_14""]","The ASUS ZenBook 14 is an excellent choice for a budget-conscious student. It offers a remarkable OLED display and lightweight design at under $900, making it highly cost-effective. With 16GB RAM and a decent Intel Core Ultra 5 processor, it handles everyday tasks smoothly. Though the speakers are weak and there's no upgrade path for RAM, its battery life of up to 13 hours is impressive.",Balances cost and quality; OLED screen adds value.,0.5248401380747865,849.0,79,ASUS,1,0,390,66,True,20272524
unified_p0_laptop_013,unified,p0,laptop,13,laptop_macbook_pro_m4,"[""laptop_macbook_air_m4"", ""laptop_thinkpad_x1_carbon"", ""laptop_dell_xps_14""]","For creative media work, the MacBook Pro M4 is unparalleled. Its Apple M4 Pro processor and 24GB RAM ensure smooth performance for data analysis, video editing, and development tasks. The mini-LED XDR display offers stunning visuals with exceptional color accuracy and contrast. With a battery life of up to 17 hours, it provides all-day productivity without needing frequent recharges. Although the macOS limits some enterprise software compatibility and the RAM is non-upgradeable, its overall quality and performance make it an excellent choice for creative professionals.",Best display and processor for creative tasks.,1.564692239223256,1999.0,93,Apple,1,1,575,85,True,20273514
twostage_p0_laptop_013,two_stage,p0,laptop,13,laptop_macbook_pro_m4,"[""laptop_macbook_air_m4"", ""laptop_thinkpad_x1_carbon""]","The MacBook Pro with M4 Pro is an excellent choice for your creative media needs. Its powerful 24GB RAM and Apple M4 Pro processor ensure smooth performance in data analysis, video editing, and development tasks. The mini-LED XDR display offers stunning visuals, while the long battery life supports extended work sessions. Although it's pricey and macOS may limit some enterprise software compatibility, its high quality score and superior performance make it a worthwhile investment for your creative workflow.","Best performance and display for creative work, despite higher cost.",1.564692239223256,1999.0,93,Apple,1,1,512,78,True,20273524
unified_p0_laptop_014,unified,p0,laptop,14,laptop_asus_zenbook_14,"[""laptop_macbook_air_m4"", ""laptop_asus_zenbook_14"", ""laptop_acer_swift_go_14""]","The ASUS ZenBook 14 offers remarkable value with an OLED display, lightweight design, and decent performance for under $900. It's ideal for budget-conscious students who want a quality screen for documents, spreadsheets, and web browsing. The Intel Core Ultra 5 processor is less powerful than competitors' Core Ultra 7 or Ryzen 7 but still delivers solid performance.",Balances price and quality well; OLED display adds value.,1.1882104977442043,849.0,79,ASUS,1,0,368,57,True,20274514
twostage_p0_laptop_014,two_stage,p0,laptop,14,laptop_asus_zenbook_14,"[""laptop_asus_zenbook_14"", ""laptop_macbook_air_m4"", ""laptop_lg_gram_14""]","The ASUS ZenBook 14 is an excellent choice for a budget-conscious student who values quality and portability. With its OLED display, lightweight design, and decent performance, it offers remarkable value under $900. The Intel Core Ultra 5 processor provides adequate power for daily tasks, while the 16GB RAM ensures smooth multitasking. Although the speakers are weak and there's no upgrade path for RAM, this laptop remains a top pick for its screen quality and affordability.",Balances quality and affordability; OLED screen stands out.,1.1882104977442043,849.0,79,ASUS,1,0,478,75,True,20274524
unified_p0_laptop_015,unified,p0,laptop,15,laptop_asus_zenbook_14,"[""laptop_asus_zenbook_14"", ""laptop_hp_elitebook_845"", ""laptop_dell_xps_14""]","The ASUS ZenBook 14 offers excellent value for budget-conscious buyers, delivering a high-quality OLED display and lightweight design under $900. Despite its less powerful processor compared to competitors, it excels in everyday office tasks like document editing and web browsing. The 512GB SSD ensures ample storage space, while the Windows 11 Home OS provides universal software compatibility.",Balances budget constraints with quality display and performance.,1.546582990898947,849.0,79,ASUS,1,0,396,57,True,20275514
twostage_p0_laptop_015,two_stage,p0,laptop,15,laptop_hp_elitebook_845,"[""laptop_hp_elitebook_845"", ""laptop_thinkpad_x1_carbon"", ""laptop_asus_zenbook_14""]","The HP EliteBook 845 is an excellent choice for your budget office needs. With its powerful AMD Ryzen 7 PRO processor and 32GB of RAM, it excels in enterprise workloads. The laptop offers a full range of ports, including USB-C and HDMI, ensuring versatile connectivity. Its Windows 11 Pro OS and integrated Radeon GPU support both productivity and light creative tasks. While the IPS display is adequate but not exceptional, its security features and robust build make it a reliable office companion within your budget constraints.","Balances cost, quality, and brand recognition well.",1.1948823260742132,1249.0,83,HP,1,0,531,86,True,20275524
unified_p0_laptop_016,unified,p0,laptop,16,laptop_macbook_air_m4,"[""laptop_macbook_air_m4"", ""laptop_thinkpad_x1_carbon"", ""laptop_hp_elitebook_845""]","The MacBook Air M4 is the best choice for a student due to its ultralight design, all-day battery life, and macOS ecosystem. It offers excellent performance for everyday tasks and light creative work, making it ideal for coursework and projects. The 13.6-inch Liquid Retina display provides sharp visuals, while the fanless design ensures quiet operation. Although the base storage is limited to 256GB, expandable options are available. With a quality score of 87/100 and a price point under $1100, it offers great value for its performance.","Balances quality, portability, and affordability.",1.293053514358624,1099.0,87,Apple,1,1,541,86,True,20276514
twostage_p0_laptop_016,two_stage,p0,laptop,16,laptop_macbook_air_m4,"[""laptop_macbook_air_m4"", ""laptop_thinkpad_x1_carbon"", ""laptop_hp_elitebook_845""]","The MacBook Air M4 is an excellent choice for a student due to its lightweight design and long battery life, making it perfect for daily tasks like studying and light creative work. With 16GB of RAM and an integrated GPU, it handles basic software efficiently. Although the base storage is limited at 256GB, it's still a solid option given your budget and brand familiarity with Apple.","Balances quality, brand familiarity, and budget for a student.",1.293053514358624,1099.0,87,Apple,1,1,385,66,True,20276524
unified_p0_laptop_017,unified,p0,laptop,17,laptop_macbook_pro_m4,"[""laptop_macbook_air_m4"", ""laptop_thinkpad_x1_carbon"", ""laptop_hp_elitebook_845""]","For data analysis, the MacBook Pro M4 is an excellent choice. It boasts a powerful Apple M4 Pro processor with 24GB RAM and a stunning mini-LED XDR display for visualizing complex datasets. The laptop's exceptional battery life of 17 hours ensures uninterrupted work sessions, while its macOS operating system offers robust security features and seamless integration with Apple’s ecosystem. Although the base storage is limited to 512GB, it can be expanded via external drives or cloud services. Despite a higher price point, the MacBook Pro M4 delivers unparalleled performance-per-watt, making it ideal for demanding data analysis tasks.",Best processor and RAM for heavy workloads; excellent battery life; macOS ecosystem integration.,0.2913261465244889,1999.0,93,Apple,1,1,639,97,True,20277514
twostage_p0_laptop_017,two_stage,p0,laptop,17,laptop_macbook_pro_m4,"[""laptop_macbook_pro_m4"", ""laptop_thinkpad_x1_carbon"", ""laptop_hp_elitebook_845""]","The MacBook Pro with M4 Pro is an excellent choice for data analysis due to its powerful 24GB RAM and robust Apple M4 Pro processor, ensuring smooth performance even with complex datasets. Its 14.2-inch mini-LED XDR display offers stunning visuals, while the 17-hour battery life supports long work sessions. Although it's pricey at $1999, your quality sensitivity is low, making this high-performance laptop a worthwhile investment despite its limitations in macOS compatibility and non-upgradeable RAM.","Best performance for data analysis, despite high cost.",0.2913261465244889,1999.0,93,Apple,1,1,504,75,True,20277524
twostage_p0_laptop_018,two_stage,p0,laptop,18,laptop_macbook_pro_m4,"[""laptop_macbook_pro_m4"", ""laptop_thinkpad_x1_carbon"", ""laptop_dell_xps_14""]","The MacBook Pro with the M4 Pro processor is an excellent choice for your creative media needs. Its powerful performance and long battery life make it ideal for demanding tasks like video editing and graphic design. The mini-LED XDR display offers stunning visuals, enhancing your workflow. While the price is high and macOS may limit some enterprise software compatibility, the quality and features justify the cost given your budget and low price sensitivity.","Best display and performance for creative work, despite high price.",1.6733477291691086,1999.0,93,Apple,1,1,461,73,True,20278524
unified_p0_laptop_019,unified,p0,laptop,19,laptop_acer_swift_go_14,"[""laptop_asus_zenbook_14"", ""laptop_lg_gram_14"", ""laptop_acer_swift_go_14""]","The Acer Swift Go 14 is the best value for budget-conscious buyers seeking a professional-grade laptop. At $699, it offers an IPS display, lightweight design, and decent performance suitable for documents, spreadsheets, and web browsing. While its Intel Core Ultra 5 processor is less powerful than competitors' Core Ultra 7 or Ryzen 7 chips, the Swift Go remains a solid choice within your budget constraints.",Balances price with adequate performance and features.,1.568504712554689,699.0,73,Acer,1,0,410,65,True,20279514
twostage_p0_laptop_019,two_stage,p0,laptop,19,laptop_acer_swift_go_14,"[""laptop_asus_zenbook_14"", ""laptop_lg_gram_14"", ""laptop_system76_lemur""]","The Acer Swift Go 14 is an excellent budget-friendly option for office tasks like document editing and web browsing. At $699, it fits your price range comfortably while offering a solid 14-inch IPS display and 16GB of RAM. Though the display could be brighter and performance dips under heavy loads, its lightweight design and long battery life make it portable and convenient for daily use in an office setting.",Cheapest option meeting basic office needs.,1.568504712554689,699.0,73,Acer,1,0,412,69,True,20279524
unified_p0_phone_charger_000,unified,p0,phone_charger,0,charger_anker_nano_67w,"[""charger_anker_nano_67w"", ""charger_belkin_25w"", ""charger_samsung_45w""]","For fast phone charging, the Anker Nano 67W charger is highly recommended. It offers dual USB-C ports for simultaneous charging and supports GaN technology for compactness and efficiency. Despite warming up under full load, its fast-charging capabilities make it a top choice. The Belkin charger is also an option due to its ultra-compact size and PPS support, but the single port limits its utility. Samsung's 45W charger provides reliable charging with PPS support but lacks dual ports.","Anker Nano 67W offers best balance of power, efficiency, and brand recognition.",1.4071766562567267,35.99,88,Anker,1,1,488,77,True,20260514
twostage_p0_phone_charger_000,two_stage,p0,phone_charger,0,charger_belkin_25w,"[""charger_belkin_25w"", ""charger_apple_35w_duo""]","Given your preference for a fast phone charger and moderate price sensitivity, the Belkin ultra-compact USB-C charger is an excellent choice. It offers PPS support for efficient charging and its small size makes it easy to carry or use bedside. While it lacks GaN technology and has only 25W output, which limits its versatility for larger devices, it fits well within your budget and aligns with your brand familiarity preference for Belkin.",Belkin offers best price and fast charging for phones.,1.1676333809344386,19.99,75,Belkin,1,0,442,72,True,20260524
unified_p0_phone_charger_001,unified,p0,phone_charger,1,charger_anker_nano_67w,"[""charger_anker_nano_67w"", ""charger_belkin_25w"", ""charger_voltix_65w""]","For travel, the Anker Nano 67W charger is highly recommended. It offers fast charging and a compact form factor ideal for on-the-go use. Despite warming up under full load, its GaN technology ensures efficiency and portability. The Belkin charger is too limited in wattage, while the Voltix model runs hot and has lower build quality.",Anker brand familiarity and high-quality rating make it the best choice.,1.444420133691994,35.99,88,Anker,1,1,334,55,True,20261514
twostage_p0_phone_charger_001,two_stage,p0,phone_charger,1,charger_anker_nano_67w,"[""charger_anker_nano_67w"", ""charger_belkin_25w"", ""charger_voltix_65w""]","Given your travel needs and high quality sensitivity, the Anker Nano 67W charger is an excellent choice. Its compact foldable design makes it ideal for carrying in a pocket or bag, while its GaN technology ensures fast charging without taking up much space. Despite being slightly pricier than your budget allows, you're not very price-sensitive and value quality, making this Anker charger worth the investment. Plus, your familiarity with Anker adds confidence in its performance.","Anker balance quality, brand recognition, and travel suitability.",1.444420133691994,35.99,88,Anker,1,1,482,75,True,20261524
unified_p0_phone_charger_002,unified,p0,phone_charger,2,charger_anker_nano_67w,"[""charger_anker_nano_67w"", ""charger_belkin_25w"", ""charger_samsung_45w""]","For fast phone charging, the Anker Nano 67W charger is highly recommended. It offers dual USB-C ports for simultaneous charging and supports GaN technology for compactness and efficiency. Despite warming up under full load, its fast-charging capabilities make it a top choice. The Belkin charger is too small at only 25W, while the Samsung charger lacks multiple ports.","Anker Nano 67W offers best balance of speed, compactness, and brand recognition.",-0.24677231893674095,35.99,88,Anker,1,1,369,58,True,20262514
twostage_p0_phone_charger_002,two_stage,p0,phone_charger,2,charger_apple_35w_duo,"[""charger_apple_35w_duo"", ""charger_samsung_45w"", ""charger_belkin_25w""]","Given your preference for the Apple brand and moderate price sensitivity, the Apple 35W Dual USB-C Charger is a suitable choice. It offers a sleek, compact design that fits well with other Apple devices. Although it lacks PPS support and has limited wattage compared to its competitors, its minimalist aesthetic and compatibility with Apple products make it worthwhile for users who prioritize brand consistency over cost efficiency.",Apple brand preference; adequate for phone charging despite lower wattage.,-0.7207802135674174,59.0,78,Apple,1,0,433,67,True,20262524
unified_p0_phone_charger_003,unified,p0,phone_charger,3,charger_anker_prime_100w,"[""charger_anker_nano_67w"", ""charger_apple_35w_duo"", ""charger_belkin_25w""]","For multi-device charging, the Anker Prime 100W charger is highly recommended. It offers dual USB-C ports and a USB-A port for versatile connectivity, making it ideal for simultaneous laptop and phone charging. Despite its premium price, it excels in build quality and efficiency due to GaN technology. The compact brick form factor ensures portability while delivering robust performance. Although slightly heavier than alternatives, the 100W output justifies the cost for power users needing fast, reliable charging.",Balances multi-device needs with high-quality Anker brand.,1.3563900961177258,59.99,91,Anker,1,1,518,76,True,20263514
twostage_p0_phone_charger_003,two_stage,p0,phone_charger,3,charger_anker_prime_100w,"[""charger_anker_prime_100w"", ""charger_baseus_65w"", ""charger_voltix_65w""]","Given your preference for multi-device charging and the need to power both a laptop and smartphone simultaneously, the Anker Prime 100W charger is an excellent choice despite its higher price point. Its GaN technology ensures compactness while delivering high wattage efficiently. Although it's heavier than some alternatives, its build quality and versatility make it worth considering over less powerful options from more familiar brands like Apple or Belkin.","Balances power, brand recognition, and multi-device support.",1.3563900961177258,59.99,91,Anker,1,1,461,68,True,20263524
unified_p0_phone_charger_004,unified,p0,phone_charger,4,charger_voltix_65w,"[""charger_baseus_65w"", ""charger_voltix_65w"", ""charger_belkin_25w""]","For a multi-device setup within the budget, Voltix's 65W charger is an excellent choice. It offers two USB-C ports and one USB-A port for simultaneous charging of various devices at a low price point. Despite its lower brand recognition, it includes a cable and supports PPS for fast-charging Android phones. While some users report coil whine issues, the overall value proposition makes it a strong contender.",Balances multi-device needs with budget constraints.,-0.8799114353362872,22.99,72,Voltix,0,0,410,66,True,20264514
twostage_p0_phone_charger_004,two_stage,p0,phone_charger,4,charger_voltix_65w,"[""charger_baseus_65w"", ""charger_voltix_65w""]","Given your price sensitivity and budget constraints, the Voltix 65W charger is a cost-effective choice. It offers good wattage with both USB-C and USB-A ports for multi-device charging. The included cable adds convenience, though its plasticky build and tendency to run hot are drawbacks. While it's from a lesser-known brand, the GaN technology ensures efficient power delivery at an unbeatable price point within your budget.",Balances price and multi-device support; acceptable quality despite brand unfamiliarity.,-0.8799114353362872,22.99,72,Voltix,0,0,427,65,True,20264524
unified_p0_phone_charger_005,unified,p0,phone_charger,5,charger_anker_nano_67w,"[""charger_anker_nano_67w"", ""charger_voltix_65w"", ""charger_belkin_25w""]","For fast phone charging, the Anker Nano 67W charger is highly recommended. It offers dual USB-C ports for simultaneous fast charging and supports PPS protocol for optimal Android device performance. Despite warming up under full load, its compact design makes it travel-friendly. The Voltix 65W charger is a budget option but has build quality concerns. The Belkin 25W charger, while ultra-compact, lacks the wattage needed for efficient phone charging.",Anker Nano's fast-charging capability and brand recognition outweigh its warmth issue.,-0.4499185594927449,35.99,88,Anker,1,1,453,69,True,20265514
twostage_p0_phone_charger_005,two_stage,p0,phone_charger,5,charger_voltix_65w,"[""charger_voltix_65w"", ""charger_baseus_65w""]","Given your budget constraints and low price sensitivity, the Voltix 65W charger is an excellent choice. It offers fast charging with GaN technology and PPS support at a competitive price of $22.99. The included cable adds convenience, though its plasticky build and tendency to run hot are drawbacks. While it's not from a well-known brand like Anker or Belkin, the charger meets your needs for rapid phone charging without breaking the bank.",Lowest price with GaN tech; meets fast phone charging needs.,-0.4406076901339281,22.99,72,Voltix,0,0,442,72,True,20265524
unified_p0_phone_charger_006,unified,p0,phone_charger,6,charger_anker_nano_67w,"[""charger_anker_nano_67w"", ""charger_samsung_45w"", ""charger_belkin_25w""]","For travel, the Anker Nano 67W charger is highly recommended. It offers fast charging and a compact form factor ideal for on-the-go use. Despite warming up under full load, its GaN technology ensures efficiency and portability. The included PPS support enhances compatibility with various devices. While it's slightly pricey, its quality justifies the cost, making it a reliable choice for frequent travelers.","Balances price, quality, brand recognition, and travel suitability.",2.2840912613234785,35.99,88,Anker,1,1,409,62,True,20266514
twostage_p0_phone_charger_006,two_stage,p0,phone_charger,6,charger_anker_nano_67w,"[""charger_anker_nano_67w"", ""charger_samsung_45w"", ""charger_belkin_25w""]","The Anker Nano 67W charger is an excellent choice for your travel needs due to its compact and foldable design, making it easy to carry in a pocket or bag. Despite being price-sensitive, you can appreciate the high-quality GaN technology that supports fast charging across two USB-C ports and one slower USB-A port. While it may get warm under full load and doesn't include a cable, its $35.99 price point is within your budget and aligns well with your quality sensitivity.","Balances quality, brand recognition, and travel-friendliness.",2.2840912613234785,35.99,88,Anker,1,1,474,81,True,20266524
twostage_p0_phone_charger_007,two_stage,p0,phone_charger,7,charger_apple_35w_duo,"[""charger_baseus_65w"", ""charger_samsung_45w""]","Given your high brand familiarity with Apple and moderate price sensitivity, the Apple 35W Dual USB-C Charger is a suitable choice for travel. Its compact foldable design makes it easy to carry in luggage, and its minimalist style fits well with other Apple devices. Although it lacks PPS support and has limited wattage, its compatibility with Apple products and sleek form factor make it a reliable option despite the higher price point.",Apple brand preference; compact size for travel despite lower wattage.,0.6352209421439112,59.0,78,Apple,1,0,439,72,True,20267524
unified_p0_phone_charger_008,unified,p0,phone_charger,8,charger_anker_nano_67w,"[""charger_anker_nano_67w"", ""charger_samsung_45w"", ""charger_belkin_25w""]","For travel, the Anker Nano 67W charger is highly recommended. It offers fast charging and a compact form factor ideal for on-the-go use. Despite warming up under full load, its GaN technology ensures efficiency and portability. The included PPS support enhances compatibility with various devices. While it's slightly above your budget, the quality justifies the price given your sensitivity to it.",Balances quality and brand recognition well for travel.,2.584578408812568,35.99,88,Anker,1,1,398,61,True,20268514
twostage_p0_phone_charger_008,two_stage,p0,phone_charger,8,charger_anker_nano_67w,"[""charger_anker_nano_67w"", ""charger_baseus_65w"", ""charger_belkin_25w""]","The Anker Nano 67W charger is an excellent choice for your travel needs due to its compact and foldable design, making it easy to carry in a pocket or bag. With GaN technology and PPS support, it offers fast charging speeds for both USB-C devices. Although it gets warm under full load and doesn't include cables, the high-quality build and brand familiarity make it worth the investment within your budget.","Balances quality, brand recognition, and travel suitability.",2.584578408812568,35.99,88,Anker,1,1,407,70,True,20268524
unified_p0_phone_charger_009,unified,p0,phone_charger,9,charger_anker_nano_67w,"[""charger_anker_nano_67w"", ""charger_baseus_65w"", ""charger_voltix_65w""]","For multi-device charging, the Anker Nano 67W charger is highly recommended. It offers two USB-C ports and one USB-A port for versatile connectivity, making it ideal for various devices. Despite its compact size, it supports GaN technology and PPS, ensuring fast charging efficiency. Although it gets warm under full load and lacks a cable, its quality and brand reputation make it the best choice within your budget.","Balances quality, brand recognition, and multi-device compatibility.",1.2150341703975056,35.99,88,Anker,1,1,417,67,True,20269514
twostage_p0_phone_charger_009,two_stage,p0,phone_charger,9,charger_baseus_65w,"[""charger_baseus_65w"", ""charger_voltix_65w""]","Given your high quality sensitivity and moderate price sensitivity, the Baseus 65W charger is a strong choice. It offers robust performance with GaN technology for compact size and efficiency, supporting both USB-C and USB-A ports. Though it lacks an included cable, its PPS support ensures reliable fast charging for compatible devices. While some users report minor issues with certain laptops, the overall value and reliability make it a worthwhile investment despite your low brand familiarity with Baseus.",Balances price and quality well; meets multi-device needs.,0.5116403124723415,25.99,79,Baseus,0,0,510,77,True,20269524
unified_p0_phone_charger_010,unified,p0,phone_charger,10,charger_anker_prime_100w,"[""charger_anker_nano_67w"", ""charger_apple_35w_duo"", ""charger_belkin_25w""]","For multi-device charging, the Anker Prime 100W charger is highly recommended. It offers dual USB-C ports and a USB-A port for versatile connectivity, making it ideal for simultaneous laptop and phone charging. Despite its premium price, it excels in build quality and efficiency due to GaN technology. The compact brick form factor ensures portability while delivering robust performance. Although slightly heavier than alternatives, the 100W output justifies the cost for power users needing fast, reliable charging.","Offers best balance of wattage, ports, and brand familiarity.",0.6792359609310453,59.99,91,Anker,1,1,518,76,True,20270514
twostage_p0_phone_charger_010,two_stage,p0,phone_charger,10,charger_anker_prime_100w,"[""charger_anker_prime_100w"", ""charger_baseus_65w"", ""charger_voltix_65w""]","Given your preference for Anker and need for a high-quality charger that can handle multiple devices, the Anker Prime 100W GaN charger is an excellent choice. It offers robust charging capabilities with two USB-C ports and one USB-A port, making it ideal for simultaneously powering laptops and smartphones. Despite its premium price, its compact form factor and superior build quality make it a worthwhile investment for those who value performance over cost concerns.",Best brand fit and quality for multi-device use.,0.6792359609310453,59.99,91,Anker,1,1,469,73,True,20270524
unified_p0_phone_charger_011,unified,p0,phone_charger,11,charger_anker_prime_100w,"[""charger_apple_35w_duo"", ""charger_samsung_45w"", ""charger_anker_prime_100w""]","For an office desk setup, the Anker Prime 100W charger stands out due to its high wattage and compact form factor. It can simultaneously charge a laptop and smartphone efficiently, making it ideal for multi-device users. Despite being slightly heavier than alternatives, its build quality is excellent and it supports PPS for fast charging. The premium price is justified by the superior performance and reliability, aligning well with your brand familiarity preference.","Balances high wattage, compact form factor, and reliable brand reputation.",0.9924197484548845,59.99,91,Anker,1,1,470,72,True,20271514
twostage_p0_phone_charger_011,two_stage,p0,phone_charger,11,charger_anker_prime_100w,"[""charger_apple_35w_duo"", ""charger_samsung_45w""]","Given your preference for Anker and moderate quality sensitivity, the Anker Prime 100W charger is an excellent choice for your office desk setup. Its high wattage supports simultaneous charging of a laptop and phone, making it highly efficient. Despite being slightly heavier and more expensive than alternatives, its compact form factor and superior build quality justify the premium price. The GaN technology ensures fast, reliable performance, ideal for power-hungry devices.","Balances power, quality, and brand recognition for desk use.",0.9924197484548845,59.99,91,Anker,1,1,478,70,True,20271524
unified_p0_phone_charger_012,unified,p0,phone_charger,12,charger_baseus_65w,"[""charger_baseus_65w"", ""charger_apple_35w_duo"", ""charger_belkin_25w""]","For an office desk setup, the Baseus 65W charger offers a balanced mix of power and portability. It supports two USB-C ports with GaN technology for efficient charging, making it ideal for multiple devices. Despite some minor issues like inconsistent fast-charging handshake with laptops and coil whine, its budget-friendly price point makes it an attractive option. The Apple 35W charger is sleek but underpowered at this price range, while the Belkin 25W charger lacks necessary wattage.","Balances power output, port count, and cost effectively.",0.7130936676903794,25.99,79,Baseus,0,0,489,76,True,20272514
twostage_p0_phone_charger_012,two_stage,p0,phone_charger,12,charger_baseus_65w,"[""charger_baseus_65w"", ""charger_apple_35w_duo"", ""charger_belkin_25w""]","The Baseus 65W charger is a great value for your office desk setup due to its compact foldable design and high wattage output. It supports both USB-C and USB-A ports with PPS technology, making it versatile for various devices. While some users report minor issues like inconsistent fast-charging with certain laptops and a faint coil whine, the overall satisfaction is high given the budget-friendly price of $25.99. This charger offers good quality at an affordable rate, aligning well with your price sensitivity preferences.",Balances price and quality well; meets wattage needs for desk use.,0.7130936676903794,25.99,79,Baseus,0,0,528,83,True,20272524
unified_p0_phone_charger_013,unified,p0,phone_charger,13,charger_belkin_25w,"[""charger_belkin_25w"", ""charger_apple_35w_duo""]","For a bedside charger, the Belkin 25W is an excellent choice. It's ultra-compact and lightweight at just 58 grams, making it perfect for minimalistic setups. Despite its small size, it supports PPS for fast charging of compatible devices. The single USB-C port ensures simplicity without sacrificing functionality. At $19.99, it fits within your budget while offering a reliable performance that aligns with your quality and brand familiarity preferences.",Compact design; affordable price; Belkin's strong brand recognition.,0.3982169948285728,19.99,75,Belkin,1,0,455,68,True,20273514
twostage_p0_phone_charger_013,two_stage,p0,phone_charger,13,charger_belkin_25w,"[""charger_belkin_25w"", ""charger_apple_35w_duo""]","The Belkin ultra-compact charger is an excellent choice for your bedside setup due to its small size and lightweight design. It fits perfectly on a nightstand without taking up much space. Although it lacks GaN technology and supports only one device at 25W, its affordability within your budget makes it a practical option despite your moderate price sensitivity.",Smallest size fits bedside; price and quality sensitivity favor Belkin over Apple.,0.3982169948285728,19.99,75,Belkin,1,0,364,58,True,20273524
unified_p0_phone_charger_014,unified,p0,phone_charger,14,charger_anker_prime_100w,"[""charger_anker_prime_100w"", ""charger_baseus_65w"", ""charger_voltix_65w""]","For an office desk setup, the Anker Prime 100W charger stands out due to its high wattage and compact form factor. It can charge multiple devices simultaneously, making it ideal for a busy workspace. Despite being slightly heavier than alternatives, its build quality is excellent and it supports PPS for fast charging. The inclusion of GaN technology ensures efficient power delivery without compromising on size. While the price is higher, the premium features justify the cost for those who value performance over budget constraints.","Offers best balance of wattage, form factor, and brand recognition.",0.7232509797181794,59.99,91,Anker,1,1,536,84,True,20274514
twostage_p0_phone_charger_014,two_stage,p0,phone_charger,14,charger_anker_prime_100w,"[""charger_anker_prime_100w"", ""charger_baseus_65w"", ""charger_voltix_65w""]","Given your preference for Anker and moderate quality sensitivity, the Anker Prime 100W charger is an excellent choice. It offers high-speed charging with GaN technology, supporting both laptops and smartphones simultaneously. Though it's slightly pricier than other options, its robust build and compact form factor make it ideal for a desk setup. The premium features justify the cost, especially considering your brand familiarity and quality considerations.",Balances quality and brand recognition within budget.,0.7232509797181794,59.99,91,Anker,1,1,460,66,True,20274524
twostage_p0_phone_charger_015,two_stage,p0,phone_charger,15,charger_baseus_65w,"[""charger_baseus_65w"", ""charger_voltix_65w""]","Given your price sensitivity and budget constraints, the Baseus 65W charger is an excellent value choice. It offers two USB-C ports and one USB-A port for versatile charging needs across multiple devices. Its compact foldable design makes it travel-friendly, and its GaN technology ensures efficient power delivery despite some users reporting minor issues with fast-charging compatibility on certain laptops. This charger balances affordability and functionality well within your budget.",Balances price and quality; meets multi-device needs.,1.670420326310549,25.99,79,Baseus,0,0,488,69,True,20275524
unified_p0_phone_charger_016,unified,p0,phone_charger,16,charger_baseus_65w,"[""charger_anker_nano_67w"", ""charger_apple_35w_duo"", ""charger_baseus_65w""]","For travel, the Baseus 65W charger offers a great balance of portability and power. At $25.99, it's within your budget and includes GaN technology for efficient charging. Despite some minor issues with laptop compatibility, its dual ports and compact form factor make it ideal for on-the-go use. The included cable is an added convenience.",Offers good value and meets travel needs.,-0.6784580801182498,25.99,79,Baseus,0,0,339,54,True,20276514
twostage_p0_phone_charger_016,two_stage,p0,phone_charger,16,charger_anker_nano_67w,"[""charger_anker_nano_67w"", ""charger_baseus_65w"", ""charger_belkin_25w""]","The Anker Nano 67W charger is an excellent choice for your travel needs due to its compact and foldable design, making it easy to carry in a pocket or bag. Despite being price-sensitive, you can still appreciate the high-quality build with GaN technology for fast charging. Although it doesn't include cables and gets warm under full load, its dual USB-C ports offer versatile charging options for multiple devices simultaneously.","Balances quality, brand recognition, and travel suitability.",0.14513063680255056,35.99,88,Anker,1,1,430,69,True,20276524
unified_p0_phone_charger_017,unified,p0,phone_charger,17,charger_voltix_65w,"[""charger_baseus_65w"", ""charger_voltix_65w"", ""charger_belkin_25w""]","For an office desk setup, the Voltix 65W charger offers a balance of power and affordability. It supports both USB-C and USB-A ports with GaN technology for efficient charging. Though it runs slightly warm, its compact form factor makes it ideal for desktop use. The included cable is a plus, but be aware that build quality may feel plasticky compared to higher-end brands.",Offers good power at low cost; includes cable; suitable for desk use.,-0.2425401055918242,22.99,72,Voltix,0,0,374,63,True,20277514
twostage_p0_phone_charger_017,two_stage,p0,phone_charger,17,charger_voltix_65w,"[""charger_baseus_65w"", ""charger_voltix_65w""]","Given your price sensitivity and budget constraints, the Voltix 65W charger is a cost-effective choice. It offers good wattage with GaN technology and PPS support for efficient charging. The included cable adds convenience, though its plasticky build and tendency to run hot are drawbacks. While it's from a lesser-known brand, the price point makes it worthwhile if you prioritize budget over brand familiarity or warranty support.",Balances price and quality; adequate for desk use despite brand unfamiliarity.,-0.2425401055918242,22.99,72,Voltix,0,0,432,66,True,20277524
unified_p0_phone_charger_018,unified,p0,phone_charger,18,charger_anker_prime_100w,"[""charger_apple_35w_duo"", ""charger_samsung_45w"", ""charger_anker_nano_67w""]","For an office desk setup, the Anker Prime 100W charger offers excellent quality and high wattage for simultaneous device charging. Despite its higher price, it is compact enough to fit on a desk and supports fast-charging with GaN technology. The build quality is top-notch, making it a reliable choice despite being heavier than alternatives. While the lack of included cables adds cost, the premium features justify the expense for those prioritizing performance over budget.","Offers best balance of power, quality, and brand recognition.",1.555304123328813,59.99,91,Anker,1,1,477,74,True,20278514
twostage_p0_phone_charger_018,two_stage,p0,phone_charger,18,charger_anker_prime_100w,"[""charger_anker_prime_100w"", ""charger_apple_35w_duo"", ""charger_belkin_25w""]","Given your quality sensitivity and brand familiarity with Anker, the Anker Prime 100W charger is an excellent choice for your office desk setup. Despite its premium price, it offers high build quality and advanced GaN technology, making it compact yet powerful enough to charge both a laptop and phone simultaneously. Its PPS support ensures compatibility with various devices, enhancing convenience at your workspace.",Best quality and brand recognition within budget.,1.555304123328813,59.99,91,Anker,1,1,418,63,True,20278524
unified_p0_phone_charger_019,unified,p0,phone_charger,19,charger_anker_nano_67w,"[""charger_anker_nano_67w"", ""charger_baseus_65w"", ""charger_belkin_25w""]","For travel, the Anker Nano 67W charger is highly recommended. It offers fast charging and a compact form factor ideal for on-the-go use. Despite warming up under full load, its GaN technology ensures efficiency and portability. The Baseus 65W is cheaper but has reported issues with laptop compatibility and build quality. The Belkin 25W is too small in wattage for most travel needs.","Balances price, quality, brand recognition, and performance.",0.9458654016608007,35.99,88,Anker,1,1,384,63,True,20279514
twostage_p0_phone_charger_019,two_stage,p0,phone_charger,19,charger_anker_nano_67w,"[""charger_anker_nano_67w"", ""charger_baseus_65w"", ""charger_belkin_25w""]","The Anker Nano 67W charger is an excellent choice for your travel needs. With a quality score of 88/100 and a price just under your budget, it offers great value. Its compact foldable design makes it easy to carry in your pocket or bag. It supports both USB-C and USB-A ports, providing versatile charging options. Despite getting warm during full load, its GaN technology ensures fast charging efficiency. While no cable is included, the charger's portability and performance make it a worthwhile investment for travel.","Balances quality, brand recognition, and travel suitability.",0.9458654016608007,35.99,88,Anker,1,1,520,85,True,20279524
