persona_id,category,age_range,purchase_context,budget,technical_knowledge,primary_use_case,secondary_use_case,brand_preference,price_sensitivity,quality_sensitivity,risk_aversion,must_have_features,features_to_avoid,prior_experience,one_paragraph_description
headphones_001,headphones,35-44,Their child's cheap headphones broke right before a long road trip.,$20-$50,low,Kid entertainment during travel,Occasional tablet use at home,no preference,high,medium,high,"['durable build', 'volume limiting']",['complex controls'],Has bought several low-cost kids headphones that broke quickly,"A parent focused on keeping their child entertained and safe during long trips. They want something affordable but sturdier than past purchases, with built-in volume limits to protect hearing. They are wary of wasting money again on flimsy products."
headphones_002,headphones,25-34,Needs a last-minute birthday gift for a partner who listens to music daily.,$80-$150,medium,Gift for casual music listening,Phone calls,prefers recognizable brands,medium,medium,medium,"['good packaging', 'wireless connectivity']",['overly niche audiophile features'],Has owned basic wireless earbuds but not deeply researched audio gear,A busy professional picking out a thoughtful but safe gift. They want something that looks premium and works reliably without needing deep research. Brand familiarity and presentation matter almost as much as sound quality.
headphones_003,headphones,45-54,Replacing old wired headphones that stopped working with their TV setup.,$60-$120,low,Watching TV at night without disturbing others,None,no preference,medium,medium,high,"['comfortable for long wear', 'easy TV connectivity']",['complicated pairing processes'],Used simple wired over-ear headphones for years,A home user who values simplicity and comfort over cutting-edge features. They want something easy to set up with their television and comfortable for extended viewing sessions. They are cautious about anything that seems overly technical.
headphones_004,headphones,18-24,Starting college and needs headphones for studying in shared spaces.,$50-$100,medium,Studying in noisy environments,Casual music listening,no preference,high,medium,medium,"['noise isolation', 'portable design']",['bulky form factor'],Previously used cheap earbuds that lacked noise control,"A student trying to stay focused in dorms and libraries. They want effective noise reduction without spending too much, and something easy to carry in a backpack. They're balancing tight finances with the need for better concentration."
headphones_005,headphones,65+,Looking for headphones to better hear audio during video calls with family.,$40-$90,low,Video calls,Watching online videos,no preference,medium,high,high,"['clear voice audio', 'simple controls']",['tiny buttons'],Limited experience with modern wireless devices,"An older adult focused on staying connected with family. They prioritize clarity and ease of use, and may struggle with small controls or complex setup. Reliability and comfort matter more than style or advanced features."
headphones_006,headphones,35-44,Outfitting a small office with headphones for employees to take calls.,$30-$70,medium,Office call handling,Occasional music,prefers business-oriented brands,high,medium,high,"['built-in microphone', 'durability']",['flashy aesthetics'],Has purchased bulk office equipment before,"An office manager balancing cost and functionality for multiple employees. They need dependable, no-frills headsets that can handle daily use and basic communication needs. Consistency and value matter more than premium features."
headphones_007,headphones,25-34,Training for a marathon and needs secure headphones for daily runs.,$70-$160,medium,Running and workouts,Podcasts during commutes,leans toward fitness brands,medium,high,medium,"['sweat resistance', 'secure fit']",['heavy over-ear designs'],Has used earbuds that frequently fell out during exercise,An active user who needs reliable audio gear that stays in place during intense workouts. They’re willing to spend more for comfort and durability but want proof it will hold up under sweat and motion. Past frustrations with fit make them cautious.
headphones_008,headphones,55-64,Taking frequent flights and wants a more comfortable travel experience.,$150-$300,low,Air travel comfort,Hotel TV listening,recognizes major brands,low,high,high,"['active noise cancellation', 'long battery life']",['poor padding'],Has used airline-provided headphones but found them uncomfortable,A frequent traveler prioritizing comfort and quiet during flights. They are willing to invest in a premium product but want it to be straightforward and reliable. Comfort over long periods is their main concern.
headphones_009,headphones,18-24,Buying their first personal headphones after relying on shared devices.,$25-$60,low,Everyday phone use,Streaming videos,no preference,high,low,medium,"['easy Bluetooth pairing', 'affordable price']",['premium add-ons that increase cost'],Little to no ownership of personal audio gear,"A first-time buyer looking for something simple and affordable. They care more about convenience and price than audio fidelity, and want a hassle-free experience. This purchase is about independence and everyday practicality."
headphones_010,headphones,45-54,Needs headphones for late-night gaming without disturbing family.,$90-$180,medium,Console gaming,Voice chat,avoids unknown brands,medium,high,medium,"['low audio latency', 'clear microphone']",['short battery life'],Previously used TV speakers and basic earbuds,A casual gamer who wants an immersive but practical setup for evening play. They need reliable audio performance and clear communication without diving into complex gear. Balancing performance with ease of use is key.
headphones_011,headphones,35-44,Needs a durable pair for a 10-year-old after the previous headphones snapped.,$30-$60,low,Child's online classes and tablet use,Travel entertainment,no preference,high,medium,high,"['durable build', 'volume limiting']",['complicated controls'],Has bought multiple low-cost kids headphones that broke quickly,"A parent focused on practicality, they want something that will survive daily wear and tear without being too expensive. Safety features like volume limiting matter, but they also don’t want to replace them every few months. They are wary of gimmicks and prefer simple, sturdy designs."
headphones_012,headphones,25-34,Buying a last-minute birthday gift for a partner who commutes daily.,$100-$180,medium,Commuting on public transit,Casual music listening at home,Sony,medium,high,medium,"['noise cancellation', 'comfortable fit']",['cheap plastic feel'],Owns basic earbuds but hasn’t bought premium headphones before,This buyer wants a gift that feels thoughtful and useful without needing deep research. They’ve heard good things about noise cancellation and want something reliable for daily commuting. They lean toward recognizable brands to reduce the risk of disappointment.
headphones_013,headphones,55-64,Looking for a first pair of wireless headphones after getting a new smartphone.,$50-$120,low,Listening to audiobooks and podcasts,Phone calls,no preference,medium,medium,high,"['easy Bluetooth pairing', 'long battery life']",['touch-only controls'],Used wired headphones for years,A first-time wireless user who values simplicity over cutting-edge features. They want something intuitive to operate without fiddling with apps or gestures. Reliability and ease of use matter more than sound nuance.
headphones_014,headphones,18-24,Replacing lost earbuds before returning to campus.,$20-$50,medium,Casual music listening between classes,Watching videos on phone,no preference,high,low,low,"['wireless convenience', 'compact case']",['bulky designs'],Frequently buys budget wireless earbuds and replaces them often,"A student who prioritizes convenience and price over longevity. Losing or damaging earbuds is common, so they don’t want to invest much. They care more about portability and quick replacement than premium sound."
headphones_015,headphones,45-54,Outfitting a small office with shared headphones for virtual meetings.,$40-$90,medium,Office video calls,Occasional training videos,Logitech,medium,medium,high,"['built-in microphone', 'durability for shared use']",['wireless-only models'],Has purchased office peripherals in bulk before,"An office manager balancing cost and reliability across multiple employees. They prefer straightforward, wired solutions that minimize troubleshooting. Consistency and durability matter more than individual comfort or premium features."
headphones_016,headphones,65+,Needs headphones that work well with a TV for late-night viewing.,$70-$150,low,Watching television without disturbing others,None,no preference,medium,high,high,"['comfortable over-ear design', 'simple setup with TV']",['tiny earbuds'],Has struggled with poorly fitting earbuds before,"An older buyer prioritizing comfort and clarity, especially for dialogue-heavy shows. They want something easy to set up with minimal ongoing adjustments. Physical comfort over long sessions is just as important as sound quality."
headphones_017,headphones,25-34,Training for a marathon and needs reliable workout headphones.,$80-$160,medium,Running and workouts,Commuting,Jabra,medium,high,medium,"['sweat resistance', 'secure fit']",['loose-fitting earbuds'],Had earbuds fall out during runs,A fitness-focused buyer who needs headphones that stay put during intense movement. Durability against sweat and weather is critical. They’re willing to spend more if it solves recurring frustrations.
headphones_018,headphones,35-44,Upgrading after years of using airline-provided headphones during frequent travel.,$200-$350,medium,Frequent air travel,Work calls on laptop,Bose,low,high,medium,"['strong noise cancellation', 'long battery life']",['short battery life'],Has used basic or borrowed headphones during flights,A frequent traveler ready to invest in comfort and quiet during long flights. They value proven performance and brand reputation over experimentation. The purchase is driven by accumulated frustration with subpar travel audio.
headphones_019,headphones,45-54,Needs a replacement after their old wired headphones stopped working.,$60-$110,low,Listening to music at home,Occasional phone calls,avoids unknown brands,medium,medium,high,"['wired option', 'clear sound']",['complex apps'],Used the same pair for many years,"A practical buyer who prefers familiar, no-frills products. They are hesitant about fully wireless setups and prefer something dependable with minimal learning curve. Longevity and straightforward use are key concerns."
headphones_020,headphones,18-24,Buying headphones for shared dorm living to block out noise.,$90-$170,medium,Studying in noisy environments,Gaming,no preference,medium,high,medium,"['noise isolation', 'comfortable for long sessions']",['heavy clamping force'],Used cheap earbuds that didn’t block noise effectively,A student dealing with constant background noise who needs a more immersive listening experience. Comfort over long study sessions is just as important as sound isolation. They’re willing to spend a bit more to improve focus and reduce distractions.
headphones_021,headphones,35-44,Needs a durable pair after their child broke the previous headphones during a flight.,$30-$70,low,Child entertainment during travel,Occasional tablet use at home,no preference,high,medium,high,"['volume limiting', 'durable build']",['complex controls'],Has bought inexpensive kids headphones before that broke quickly,A parent of a young child who frequently travels and needs something that can survive rough handling. They prioritize safety features like volume limiting and want something simple enough for a child to use independently. They are cautious about spending too much after previous breakage.
headphones_022,headphones,55-64,Looking for a comfortable way to listen to TV audio without disturbing their spouse.,$80-$150,low,Wireless TV listening,Phone calls occasionally,no preference,medium,medium,high,"['easy setup', 'comfortable fit for long use']",['tiny earbuds'],Mostly used wired headphones years ago,An older adult who wants a straightforward solution for watching TV at higher volumes without bothering others. They value comfort and simplicity over cutting-edge features and may need clear instructions to get started. Reliability and ease of use matter more than brand prestige.
headphones_023,headphones,25-34,Buying a last-minute birthday gift for a partner who listens to music daily.,$150-$250,medium,Gift for daily music listening,Work calls,Sony,medium,high,medium,"['good sound quality', 'active noise cancellation']",['cheap plastic feel'],Has owned mid-range earbuds personally,A gift buyer trying to balance impressiveness with practicality. They want something recognizable and high-quality but aren’t deeply knowledgeable about specs. Reviews and brand reputation play a big role in narrowing down options quickly.
headphones_024,headphones,18-24,Replacing lost earbuds before returning to college campus.,$40-$90,medium,Listening to music while walking around campus,Casual gaming,no preference,high,medium,low,"['wireless connectivity', 'portable case']",['bulky over-ear design'],Previously owned budget wireless earbuds,"A student who needs a quick, affordable replacement after losing their last pair. They care about portability and decent sound but are willing to compromise on premium features. Convenience and price matter more than long-term durability."
headphones_025,headphones,45-54,Outfitting a small office with shared headphones for virtual meetings.,$20-$50,low,Office video calls,Training videos,avoids unknown brands,high,medium,high,"['built-in microphone', 'easy cleaning']",['wireless models that need charging'],Has purchased basic office equipment in bulk,"An office manager responsible for equipping staff with reliable but inexpensive tools. They prioritize consistency, ease of maintenance, and minimal troubleshooting. Bulk purchasing and dependable brands are more important than advanced features."
headphones_026,headphones,65+,Trying headphones for the first time to listen to audiobooks on a tablet.,$25-$60,low,Audiobook listening at home,Phone calls,no preference,medium,low,high,"['simple controls', 'clear voice audio']",['touch-sensitive controls'],No prior headphone ownership,An elderly first-time buyer who wants a simple way to enjoy audiobooks without disturbing others. They need intuitive controls and clear sound rather than advanced features. Complexity or confusing interfaces could easily discourage continued use.
headphones_027,headphones,25-34,Replacing gym headphones that stopped holding a charge.,$70-$140,medium,Workouts and running,Commuting,JBL,medium,medium,medium,"['sweat resistance', 'secure fit']",['loose-fitting earbuds'],Used sports earbuds regularly,A fitness-focused buyer who needs headphones that can keep up with intense workouts. They’ve experienced battery degradation before and want something more reliable. Comfort during movement is just as important as sound quality.
headphones_028,headphones,35-44,Seeking noise-blocking headphones to focus while working from a busy home.,$200-$350,medium,Remote work focus,Occasional travel,Bose,low,high,medium,"['strong noise cancellation', 'long battery life']",['poor microphone quality'],Previously owned mid-tier wired headphones,A remote worker dealing with household noise and distractions throughout the day. They’re willing to invest in premium features if it significantly improves concentration and call clarity. Comfort over long work sessions is a key consideration.
headphones_029,headphones,18-24,Buying their first pair of headphones for online classes and shared living spaces.,$25-$80,low,Online classes and lectures,Music streaming,no preference,high,medium,medium,"['clear microphone', 'affordable price']",['complicated setup'],Has only used phone speakers or borrowed headphones,A first-time buyer who needs an affordable and functional solution for schoolwork. They prioritize clear audio and a working microphone for virtual classes but don’t want to overspend. Ease of use is essential since they lack experience with audio gear.
headphones_030,headphones,45-54,Upgrading after years of using cheap earbuds that frequently fail.,$100-$180,low,Daily commuting on public transit,Podcasts at home,avoids unknown brands,medium,high,high,"['durability', 'good battery life']",['fragile cables'],Repeatedly bought low-cost earbuds that broke,A commuter frustrated with constantly replacing cheap headphones and ready to invest in something more reliable. They want a noticeable step up in durability and convenience without diving into overly complex features. Brand trust and proven longevity matter a lot.
headphones_031,headphones,35-44,"Her 9-year-old keeps breaking cheap headphones during online classes, so she wants a sturdier replacement.",$30-$70,low,Child's remote learning and schoolwork,Watching cartoons,no preference,high,medium,high,"['durable build', 'volume limiting']",['complex controls'],Has bought several low-cost kids headphones that broke within months,"A busy parent juggling work and childcare, she prioritizes durability and safety over sound quality. She is tired of replacing flimsy headphones and wants something that will last at least a school year. She doesn’t follow brands and prefers something simple and reliable."
headphones_032,headphones,55-64,He wants headphones to better hear TV dialogue without increasing volume for others.,$80-$150,low,Watching television with enhanced clarity,Listening to radio programs,no preference,medium,medium,high,"['comfortable fit', 'easy connectivity to TV']",['tiny buttons'],Has only used basic wired earbuds occasionally,"Recently retired, he values comfort and simplicity over cutting-edge features. He struggles with small controls and wants something easy to set up with his television. He is willing to spend a bit more if it clearly improves speech clarity."
headphones_033,headphones,25-34,Her current earbuds stopped working right before a long international flight.,$150-$300,medium,Air travel and long-haul flights,Occasional work calls,Bose or Sony,medium,high,medium,"['strong noise cancellation', 'long battery life']",['bulky design'],Previously owned mid-range wireless earbuds,"A frequent traveler who values peace and quiet on flights, she sees this purchase as urgent and important. She has some awareness of premium brands but isn’t deeply technical. Comfort and effective noise cancellation matter more than niche features."
headphones_034,headphones,18-24,He wants a pair of headphones as a birthday gift for his girlfriend.,$50-$120,low,Gift giving,Casual music listening (recipient),Apple or trendy brands,medium,medium,medium,"['stylish design', 'good packaging']",['complicated setup'],Has bought inexpensive earbuds for himself,A college student focused on finding something that looks good and feels like a thoughtful gift. He is not deeply concerned with audio specs but wants a recognizable or aesthetically pleasing option. Reviews and appearance influence him more than technical details.
headphones_035,headphones,45-54,She needs to equip a small office with several headphones for shared use.,$20-$50,medium,Office equipment for shared desks,Virtual meetings,avoids unknown brands,high,medium,high,"['easy cleaning', 'reliable wired connection']",['wireless-only models'],Has purchased office peripherals in bulk before,"An office manager responsible for keeping costs down while ensuring functionality, she prioritizes practicality and durability. She prefers simple wired options that won’t require troubleshooting or charging. Bulk purchasing and consistency matter more than premium features."
headphones_036,headphones,65+,He is buying his first pair of headphones to listen to audiobooks privately.,$40-$90,low,Listening to audiobooks at home,Phone calls,no preference,medium,medium,high,"['simple controls', 'comfortable ear padding']",['touch controls'],No prior headphone ownership,"An older adult new to personal audio devices, he values ease of use above all else. He is wary of complicated features and prefers something intuitive and comfortable for extended listening. Clear instructions and minimal setup are important to him."
headphones_037,headphones,25-34,"His gym banned loudspeakers, so he needs headphones for workouts.",$70-$180,medium,Gym workouts and running,Commuting,JBL or Beats,medium,medium,low,"['sweat resistance', 'secure fit']",['over-ear bulky models'],Has used cheap earbuds that fell out frequently,"An active user frustrated by poorly fitting earbuds, he wants something reliable during intense workouts. He cares more about fit and durability than perfect sound. Brand recognition gives him some confidence, but he is open to alternatives."
headphones_038,headphones,35-44,She needs better audio quality for remote therapy sessions with clients.,$120-$250,medium,Professional video calls and therapy sessions,Music for relaxation,no preference,medium,high,high,"['clear microphone', 'all-day comfort']",['audio leakage'],Has used basic headsets with inconsistent audio quality,"A therapist working from home, she needs reliable and clear audio to maintain professionalism with clients. Comfort for long sessions is critical, and she is cautious about trying unfamiliar products. She is willing to invest in something dependable."
headphones_039,headphones,18-24,He just started college and needs affordable headphones for studying in noisy dorms.,$25-$60,low,Studying in shared living spaces,Watching lectures,no preference,high,medium,medium,"['basic noise isolation', 'lightweight']",['expensive premium features'],Has used bundled earbuds from phones,"A budget-conscious student navigating dorm life, he needs something functional without overspending. He values comfort and some level of noise blocking but doesn’t expect premium performance. Simplicity and affordability drive his decision."
headphones_040,headphones,45-54,"His old wired headphones finally broke after years of use, and he needs a replacement quickly.",$60-$140,low,Daily commuting on public transport,Listening to podcasts at home,avoids unfamiliar brands,medium,medium,high,"['durability', 'reliable connectivity']",['fragile hinges'],Owned a long-lasting pair of wired headphones,"A routine-driven commuter, he values reliability and familiarity over new features. His previous headphones lasted years, so he expects similar durability from a replacement. He prefers trusted brands and straightforward functionality."
headphones_041,headphones,35-44,Buying a durable pair for a 9-year-old after the previous headphones broke within a month.,$20-$40,low,Child's tablet use for games and videos,Car travel entertainment,no preference,high,medium,high,"['volume limiting', 'durable build']",['complex controls'],Has bought several cheap kids' headphones that broke quickly,"A parent focused on value and durability, frustrated by repeatedly replacing fragile headphones. They want something safe for hearing and sturdy enough to survive rough handling. Brand matters less than reliability and simplicity."
headphones_042,headphones,25-34,Needs a last-minute gift for a partner who listens to music daily.,$80-$150,low,Gift giving,Occasional personal use,recognizable brands,medium,medium,medium,"['good packaging', 'positive reviews']",['unknown brands'],Rarely buys audio gear and relies on reviews and ratings,"This buyer is more concerned with making a safe, well-received gift than technical specs. They gravitate toward familiar brands and products with strong social proof. Convenience and perceived quality matter more than deep research."
headphones_043,headphones,55-64,Replacing an old wired pair that no longer works with their newer phone.,$50-$100,low,Phone calls and occasional music,Watching TV on a tablet,no preference,medium,medium,high,"['easy Bluetooth pairing', 'clear call quality']",['tiny earbuds'],"Used wired headphones for years, new to wireless",An older adult transitioning to wireless audio who values simplicity and clarity over advanced features. They are cautious about new technology and want something easy to set up and comfortable. Reliability and straightforward controls are key.
headphones_044,headphones,18-24,Buying first personal headphones for studying in shared dorm spaces.,$30-$70,medium,Studying in noisy environments,Casual music listening,no preference,high,medium,medium,"['passive noise isolation', 'comfortable fit']",['bulky designs'],Has only used cheap earbuds bundled with phones,A student looking for an affordable upgrade from basic earbuds to something more effective for focus. They want decent comfort for long sessions and enough noise reduction to handle dorm noise. Budget constraints limit premium options.
headphones_045,headphones,45-54,Outfitting a small office with multiple headphones for shared use.,$15-$30,medium,Office workstation use,Video calls,bulk-friendly brands,high,low,medium,"['durability', 'easy cleaning']",['wireless models'],Has purchased office equipment in bulk before,An office manager focused on cost efficiency and practicality when buying multiple units. They prioritize durability and ease of maintenance over sound quality. Simplicity and consistency across units are more important than brand prestige.
headphones_046,headphones,25-34,Replacing lost earbuds needed for daily commuting.,$60-$120,medium,Public transit listening,Phone calls,no preference,medium,medium,low,"['compact size', 'stable Bluetooth connection']",['over-ear designs'],Previously owned mid-range wireless earbuds,"A commuter who values portability and convenience, needing a quick replacement after losing a previous pair. They are comfortable with wireless tech and prioritize ease of use in crowded environments. They're willing to compromise slightly on sound for practicality."
headphones_047,headphones,65+,Looking for headphones to better hear TV audio without raising volume.,$70-$140,low,TV listening,Radio or audiobooks,no preference,medium,high,high,"['comfortable over-ear fit', 'long battery life']",['in-ear designs'],Limited experience with modern audio devices,"An older user seeking clearer audio for TV without disturbing others. Comfort and ease of use are critical, especially for extended listening sessions. They prefer straightforward controls and reliable performance over advanced features."
headphones_048,headphones,35-44,Needs headphones for remote work calls after complaints about background noise.,$90-$180,medium,Work video conferencing,Light music listening,known work-focused brands,medium,high,high,"['noise-canceling microphone', 'all-day comfort']",['flashy aesthetics'],Previously used basic earbuds for calls,"A remote worker upgrading to improve call quality and professionalism. They are motivated by feedback from colleagues and want a reliable, comfortable solution for long meetings. Performance and clarity outweigh style."
headphones_049,headphones,18-24,Buying headphones for gym workouts after earbuds kept falling out.,$40-$90,medium,Exercise and workouts,Casual daily use,no preference,medium,medium,low,"['secure fit', 'sweat resistance']",['heavy over-ear models'],Has tried multiple cheap earbuds with poor fit,A fitness-focused user frustrated by earbuds that don't stay in place during workouts. They want something reliable and comfortable for movement without spending too much. Durability and fit are more important than premium sound.
headphones_050,headphones,45-54,Upgrading from very old headphones to enjoy audiobooks during evening relaxation.,$100-$200,low,Audiobook listening at home,Occasional music,no preference,low,high,medium,"['clear voice reproduction', 'comfortable padding']",['overly bass-heavy sound'],Used the same wired headphones for over a decade,A home listener seeking a noticeable upgrade in comfort and clarity for spoken-word content. They value a relaxed listening experience and are willing to spend more for quality. Simplicity and comfort matter more than advanced tech features.
headphones_051,headphones,35-44,Buying durable headphones after their child broke the last two pairs during school use.,$40-$80,low,Child's online learning and homework,Watching cartoons,no preference,high,medium,high,"['durable build', 'volume limiting']",['fragile hinges'],Previously bought cheap headphones that broke quickly,"A parent focused on practicality, they need something that can survive daily use by a young child. They are not interested in premium audio, but reliability and safety features matter. They prefer something affordable but not disposable."
headphones_052,headphones,25-34,Looking for a last-minute birthday gift for a partner who commutes daily.,$100-$200,medium,Gift for commuting partner,Occasional personal use,Sony,medium,medium,medium,"['noise cancellation', 'comfortable fit']",['complicated controls'],Has owned mid-range earbuds but not over-ear headphones,"They want something thoughtful but not overly technical, relying on recognizable brands for confidence. The goal is a safe, appreciated gift that improves a daily commute. They are balancing time pressure with the desire to pick something reliable."
headphones_053,headphones,55-64,Replacing old wired headphones that stopped working with their TV.,$60-$120,low,Watching television without disturbing others,Listening to radio or podcasts,no preference,medium,medium,high,"['easy setup', 'clear dialogue audio']",['touch controls'],Used basic wired headphones for years,"They prioritize simplicity and clarity over modern features. Complicated pairing or controls are a concern, and they want something that just works with minimal setup. Comfort for longer listening sessions is also important."
headphones_054,headphones,18-24,Buying first pair of headphones for college dorm life.,$30-$70,low,Listening to music in shared living spaces,Online classes,no preference,high,medium,medium,"['affordable', 'decent sound isolation']",['bulky design'],Has only used basic earbuds bundled with phones,"A first-time buyer navigating limited funds, they want an upgrade from cheap earbuds without overspending. They need something versatile for both entertainment and school. Style matters a bit, but cost is the deciding factor."
headphones_055,headphones,45-54,Office manager ordering multiple headphones for a shared workspace.,$20-$50,medium,Office use for video calls,Training sessions,avoids unknown brands,high,medium,high,"['built-in microphone', 'bulk pricing availability']",['wireless only'],Has purchased office equipment in bulk before,"They are focused on consistency, cost control, and ease of deployment across a team. Reliability and compatibility matter more than audio quality. They prefer known brands that minimize support issues."
headphones_056,headphones,65+,Trying headphones for the first time to listen to audiobooks without disturbing a spouse.,$50-$100,low,Audiobook listening at home,Phone calls,no preference,medium,medium,high,"['simple controls', 'lightweight design']",['small buttons'],No prior headphone ownership,They are cautious about new technology and want something intuitive. Comfort and ease of use are more important than advanced features. Clear instructions and minimal setup are key to a successful purchase.
headphones_057,headphones,25-34,Replacing lost earbuds before an upcoming international trip.,$150-$300,medium,Travel and flights,Work calls on the go,Bose,low,high,medium,"['strong noise cancellation', 'long battery life']",['short battery life'],Previously owned premium earbuds,They value comfort and quiet during long flights and are willing to pay for it. Brand familiarity helps them make a quick decision under time pressure. They expect reliable performance across different environments.
headphones_058,headphones,35-44,Seeking headphones to use while doing yard work and home projects.,$80-$150,low,Listening to music while doing outdoor chores,Podcasts during DIY projects,no preference,medium,medium,medium,"['sweat resistance', 'secure fit']",['easily slipping earbuds'],Used basic wired headphones that got damaged outdoors,"They need something rugged enough for active, sometimes messy environments. Audio quality is secondary to durability and staying in place during movement. They are wary of products that might fail under outdoor conditions."
headphones_059,headphones,18-24,Buying headphones for gaming after moving into a shared apartment.,$70-$140,medium,Console gaming with voice chat,Streaming videos,HyperX,medium,high,low,"['clear microphone', 'comfortable for long sessions']",['poor mic quality'],Has used entry-level gaming headsets,They want an immersive experience without disturbing roommates. Communication clarity is just as important as sound quality. They are comfortable comparing options but still guided by known gaming brands.
headphones_060,headphones,45-54,Buying headphones to help focus in a noisy open office environment.,$200-$400,medium,Noise isolation for office work,Occasional travel,Apple,low,high,high,"['top-tier noise cancellation', 'seamless device switching']",['poor integration with existing devices'],Uses Apple ecosystem products regularly,"They are investing in productivity and expect a premium, hassle-free experience. Integration with their existing devices is a major factor in decision-making. They are willing to pay more to avoid friction and distractions."
phone_chargers_001,phone_chargers,35-44,Her child's school requested a dedicated charger to stay in their backpack.,$10-$20,low,Backup charger for a child's school bag,Occasional home use,no preference,high,medium,high,"['durable cable', 'basic safety certification']",['fast charging claims that seem exaggerated'],Has bought cheap chargers before that frayed quickly,A parent of a middle schooler who needs a reliable but affordable charger to leave in a backpack. She’s wary of very cheap options after past breakages but doesn’t want to overspend since kids tend to lose things. She values durability and safety over speed or brand name.
phone_chargers_002,phone_chargers,25-34,He forgot to pack a charger while traveling for a wedding and needs one immediately.,$15-$35,medium,Emergency travel replacement charger,Future travel backup,recognizes Anker but open,medium,medium,medium,"['fast charging support', 'USB-C compatibility']",['bulky wall adapters'],Uses mid-range accessories but doesn’t research deeply,"A young professional caught without a charger during a busy travel weekend. He needs something quickly from a nearby store that works reliably with his phone and charges reasonably fast. Convenience matters more than perfect specs, but he avoids anything that looks flimsy."
phone_chargers_003,phone_chargers,65+,Her old charger stopped working and she needs a simple replacement.,$20-$40,low,Daily bedside charging,None,prefers well-known brands like Apple or Samsung,medium,high,high,"['easy-to-plug cable', 'reliable connection']",['multi-port complexity'],Has only used the charger that came with her phone,"An older adult who wants a straightforward, dependable charger without confusing features. She values ease of use and trusts recognizable brands, even if they cost more. She is cautious about compatibility and prefers something that just works every time."
phone_chargers_004,phone_chargers,45-54,He is outfitting a small office with shared charging stations.,$50-$100,medium,Multi-device charging station for employees,Charging tablets occasionally,no preference,medium,high,high,"['multiple ports', 'overcurrent protection']",['cheap unbranded bulk packs'],Has purchased office electronics but not chargers in bulk,An office manager responsible for keeping shared spaces functional and safe. He needs chargers that can handle multiple devices without causing clutter or safety concerns. Reliability and durability matter more than cutting costs to the lowest possible level.
phone_chargers_005,phone_chargers,18-24,Her dorm room needs a longer charger to reach from bed to outlet.,$12-$25,low,Long cable for dorm room convenience,Light travel use,no preference,high,medium,medium,"['extra-long cable', 'tangle resistance']",['short cables'],Mostly uses whatever is cheapest online,A college student who prioritizes convenience and affordability. She mainly wants a charger that reaches comfortably while using her phone in bed. She’s willing to take some risk on lesser-known brands if the price is right.
phone_chargers_006,phone_chargers,55-64,He recently bought his first smartphone and needs a compatible charger for work and home.,$25-$50,low,Primary charger for first-time smartphone use,Backup for car,relies on store recommendations,medium,high,high,"['clear compatibility labeling', 'reliable charging']",['wireless charging (confusing)'],No prior experience with smartphone accessories,A late adopter to smartphones who wants something simple and dependable. He is unsure about technical specs and prefers guidance from sales staff or packaging. He is willing to pay a bit more to avoid making a mistake.
phone_chargers_007,phone_chargers,25-34,She is buying a small add-on gift to accompany a new phone for her partner.,$30-$60,medium,Gift-worthy premium charger,None,prefers stylish brands or Apple/Samsung,low,high,medium,"['sleek design', 'fast charging']",['plain generic look'],Occasionally buys tech accessories as gifts,A thoughtful gift buyer who wants something that feels a bit more premium than a standard charger. She cares about aesthetics and presentation as well as performance. Price matters less than giving something that looks intentional and useful.
phone_chargers_008,phone_chargers,35-44,His car charger stopped working and he relies on his phone for navigation daily.,$15-$30,medium,In-car charging during commuting,Occasional passenger use,no preference,medium,high,medium,"['fast car charging', 'secure fit in socket']",['loose adapters'],Has replaced car chargers multiple times due to wear,A daily commuter who depends on GPS and streaming during drives. He needs a charger that won’t disconnect or charge slowly while in use. He’s experienced enough to recognize poor build quality and wants something dependable without overspending.
phone_chargers_009,phone_chargers,45-54,She is preparing for a long international flight and wants a compact travel charger.,$40-$80,medium,Compact multi-port travel charging,Hotel room use,open but avoids unknown brands,low,high,high,"['compact size', 'multiple device support']",['heavy or bulky units'],Has used travel adapters but wants a cleaner solution,A frequent traveler who wants to minimize clutter while keeping devices powered abroad. She’s willing to invest in a well-designed charger that handles multiple devices efficiently. Reliability and portability are top priorities.
phone_chargers_010,phone_chargers,18-24,His previous charger overheated and he is concerned about safety.,$20-$45,low,Safe everyday charging at home,Occasional overnight charging,avoids unknown brands,medium,high,high,"['certified safety standards', 'temperature control']",['very cheap chargers'],Had a negative experience with a low-cost charger overheating,A cautious buyer who became concerned after a bad experience with a cheap charger. He now prioritizes safety certifications and build quality over price. He is still budget-conscious but unwilling to risk another unsafe product.
phone_chargers_011,phone_chargers,35-44,Her child lost their charger at school and needs a replacement by tomorrow.,$10-$18,low,Basic home charging for a child's phone,Backup charger for travel,no preference,high,medium,medium,"['durable cable', ""compatible with child's phone model""]",['expensive fast-charging claims'],"Has bought cheap chargers before, some broke quickly",A busy parent trying to quickly replace a lost charger without spending much. She wants something that won't break in a week but isn't interested in premium features. Convenience and availability matter more than performance specs.
phone_chargers_012,phone_chargers,65+,His old charger stopped working and he needs a simple replacement.,$15-$25,low,Charging a smartphone overnight at home,None,avoids unknown brands,medium,high,high,"['easy-to-plug connector', 'reliable brand']",['complex multi-port chargers'],Relies on family recommendations and has used the same charger for years,An older adult who values simplicity and reliability over everything else. He prefers a recognizable brand and avoids anything that looks complicated or unfamiliar. He wants a charger that just works without any fuss.
phone_chargers_013,phone_chargers,25-34,She needs multiple chargers to stock a small office for employees.,$60-$120,medium,Shared office charging stations for various devices,Backup chargers for meeting rooms,no preference,medium,high,medium,"['multi-port hubs', 'universal compatibility']",['single-port chargers'],Has previously purchased bulk office electronics,"An office manager tasked with keeping shared spaces functional. She needs chargers that can handle multiple devices and reduce clutter, while still staying within a reasonable budget. Reliability matters because employees depend on them daily."
phone_chargers_014,phone_chargers,18-24,His charger cable frayed and stopped working during finals week.,$12-$20,medium,Dorm room daily charging,Charging while using phone in bed,no preference,high,medium,low,"['long cable', 'fast charging support']",['short cables'],Frequently replaces worn-out cables,"A college student who relies heavily on his phone and tends to wear out chargers quickly. He wants something affordable but slightly better than the cheapest option, especially a longer cable for convenience. Speed matters, but price still dominates his decision."
phone_chargers_015,phone_chargers,45-54,She is buying a charger as part of a birthday gift bundle.,$20-$35,low,Gift for a friend with a new phone,None,recognizable brands,medium,high,high,"['attractive packaging', 'reliable brand']",['generic-looking products'],Occasionally buys tech gifts but doesn’t follow specs closely,A casual gift buyer who wants something that feels thoughtful and dependable. She leans toward known brands to avoid giving something that might fail. Presentation and perceived quality matter more than technical details.
phone_chargers_016,phone_chargers,55-64,He just bought his first smartphone and needs a compatible charger.,$18-$30,low,Daily home charging for a new smartphone,Occasional travel use,no preference,medium,medium,high,"['clear compatibility labeling', 'simple setup']",['multi-device complexity'],Very limited experience with smartphone accessories,A first-time smartphone owner who finds accessories confusing and wants something straightforward. He is cautious about buying the wrong product and values clear labeling and ease of use. He’s willing to spend a bit more for peace of mind.
phone_chargers_017,phone_chargers,25-34,Her car charger stopped working and she relies on navigation daily.,$15-$28,medium,Charging phone in the car during commutes,Emergency backup charging,no preference,medium,high,medium,"['fast car charging', 'compact design']",['bulky adapters'],Has used a few car chargers with inconsistent performance,A daily commuter who depends on her phone for navigation and music. She needs a reliable car charger that keeps up with heavy usage and doesn't clutter her dashboard. Past frustrations make her more selective about quality.
phone_chargers_018,phone_chargers,35-44,He needs a rugged charger for frequent outdoor work trips.,$25-$45,medium,Durable charging during outdoor or field work,Travel backup,no preference,low,high,medium,"['reinforced cable', 'weather-resistant build']",['fragile cables'],Has broken multiple chargers in rough conditions,A field worker who needs gear that can withstand tough environments. He’s willing to pay more for durability after going through several flimsy chargers. Reliability in unpredictable conditions is his top priority.
phone_chargers_019,phone_chargers,18-24,She wants a stylish charger to match her room aesthetic.,$18-$40,low,Aesthetic bedside charging setup,Occasional travel,no preference,medium,medium,low,"['color or design options', 'compact form']",['plain industrial designs'],"Has bought trendy accessories before, sometimes sacrificing durability","A style-conscious student who treats accessories as part of her personal space. She cares about how the charger looks as much as how it works. While not deeply technical, she still expects decent performance."
phone_chargers_020,phone_chargers,45-54,He needs a reliable fast charger for business travel after forgetting his last one at a hotel.,$30-$60,medium,Fast charging during business trips,Charging multiple devices in hotel rooms,recognizable brands,low,high,high,"['fast charging capability', 'multi-device support']",['cheap unbranded chargers'],Frequently buys replacements due to travel mishaps,"A frequent business traveler who depends on quick, reliable charging between meetings. He prefers trusted brands and values performance over cost. Losing chargers often has made him prioritize dependable replacements he can grab quickly."
phone_chargers_021,phone_chargers,35-44,"Their child just got their first smartphone and needs a safe, durable charger.",$15-25,low,Charging a child's phone safely at home,Travel backup,Anker,medium,high,high,"['overcharge protection', 'durable cable']",['cheap unbranded products'],Has bought chargers that frayed quickly and stopped working,"A cautious parent who prioritizes safety and durability over price, especially for their child’s first device. They’ve had bad experiences with flimsy cables and want something reliable that won’t overheat or break easily. They are not tech-savvy but rely on recognizable brands and simple product descriptions."
phone_chargers_022,phone_chargers,65+,Their old charger stopped working and they need a simple replacement.,$10-18,low,Basic home charging,None,no preference,high,medium,high,"['easy-to-plug connector', 'clear labeling']",['complex multi-port chargers'],Uses whatever came with the phone and rarely upgrades accessories,"An older adult who wants something straightforward and familiar, without confusing features or setup. They value simplicity and reliability and tend to stick with what works, often buying in-store rather than online. Price matters, but avoiding frustration matters more."
phone_chargers_023,phone_chargers,25-34,They need a last-minute gift for a friend who travels frequently.,$20-40,medium,Gift for frequent traveler,None,Belkin,medium,high,medium,"['compact design', 'dual voltage support']",['bulky chargers'],Has bought small tech gifts before but doesn’t research deeply,"A young professional picking out a practical but thoughtful gift, aiming for something compact and reliable. They want it to feel like a quality purchase without overspending. They rely on recognizable brands and positive packaging cues rather than deep technical specs."
phone_chargers_024,phone_chargers,45-54,Their office needs replacement chargers for shared workspaces.,$50-100,medium,Multi-device charging in an office,Conference room use,Anker,medium,high,high,"['multiple ports', 'fast charging']",['single-port chargers'],Has managed office supply purchases including electronics,"An office manager responsible for practical, durable equipment that multiple people will use daily. They prioritize reliability and versatility, aiming to reduce clutter and complaints from staff. They are willing to spend more upfront to avoid frequent replacements."
phone_chargers_025,phone_chargers,18-24,"They lost their charger during a move and need a quick, cheap replacement.",$8-15,low,Emergency replacement,Dorm use,no preference,high,low,low,"['immediate availability', 'low cost']",['expensive bundles'],Frequently buys low-cost accessories and replaces them often,A college student focused on convenience and price over longevity. They’re used to replacing chargers periodically and don’t want to overthink the purchase. Speed and affordability matter more than brand or long-term durability.
phone_chargers_026,phone_chargers,55-64,They just upgraded to a new phone that requires a different charging cable.,$25-45,medium,Compatible charging for new phone,Backup charger for car,Apple,medium,high,high,"['official compatibility', 'reliable connector']",['third-party uncertified cables'],Prefers manufacturer-approved accessories after past compatibility issues,"A cautious buyer adjusting to a new device ecosystem and wary of incompatibility issues. They prefer official or certified accessories to avoid frustration. While not highly technical, they pay attention to packaging and compatibility labels."
phone_chargers_027,phone_chargers,25-34,They need a charger that can handle both their phone and tablet while commuting.,$30-60,medium,Charging multiple devices on the go,Travel use,no preference,medium,high,medium,"['fast charging', 'dual ports']",['slow charging outputs'],Has used basic chargers but is upgrading for convenience,A commuter who juggles multiple devices and wants to minimize downtime. They’re willing to invest in something more capable if it simplifies their daily routine. They compare features but don’t dive deeply into technical specs.
phone_chargers_028,phone_chargers,35-44,They need a rugged charger for outdoor and camping trips.,$40-80,low,Outdoor and travel charging,Emergency backup,avoids unknown brands,low,high,high,"['durability', 'weather resistance']",['fragile cables'],"Has had chargers fail during trips, causing inconvenience","An outdoor enthusiast who values reliability in unpredictable conditions. They prioritize durability and are willing to pay more for something that won’t fail during a trip. They prefer trusted brands and simple, rugged designs."
phone_chargers_029,phone_chargers,45-54,They want a charger for their car after realizing their battery often runs low on long drives.,$12-25,low,In-car charging,None,no preference,medium,medium,medium,"['car compatibility', 'stable connection']",['loose-fitting adapters'],Has used outdated car chargers with inconsistent performance,"A driver who spends significant time on the road and wants a dependable charging solution in their vehicle. They are frustrated by unreliable past purchases and want something that just works. They’re not interested in premium features, just consistency."
phone_chargers_030,phone_chargers,18-24,They are buying their first smartphone and need all essential accessories.,$20-35,low,First-time phone charging setup,None,no preference,medium,medium,medium,"['complete set (cable + adapter)', 'simple instructions']",['separate component purchases'],No prior experience buying phone accessories independently,"A first-time buyer navigating phone accessories without much prior knowledge. They prefer bundled solutions that are easy to understand and use. Their decision is influenced by clarity, packaging, and perceived completeness rather than technical details."
phone_chargers_031,phone_chargers,35-44,Needs a durable charger after their child repeatedly broke previous ones.,$15-$30,low,Daily home charging for a child's phone,Travel backup,no preference,medium,high,high,"['reinforced cable', 'fast charging support']",['detachable magnetic tips'],Has gone through several cheap chargers that frayed or stopped working,"A parent focused on practicality, they are tired of replacing flimsy chargers every few months. They want something sturdy that can survive rough handling and still charge quickly. They are willing to pay a bit more if it means fewer replacements."
phone_chargers_032,phone_chargers,25-34,Buying a charger as part of a last-minute birthday gift bundle.,$10-$25,medium,Gift item bundled with a phone accessory set,Occasional personal backup use,recognizable brands,medium,medium,medium,"['universal compatibility', 'clean packaging']",['off-brand packaging'],Occasionally buys accessories as gifts but not deeply knowledgeable,This buyer wants something that looks presentable and reliable enough not to embarrass them as a gift. They aren't deeply technical but recognize a few trusted brands and avoid anything that looks cheap. Convenience and appearance matter as much as function.
phone_chargers_033,phone_chargers,55-64,Replacing a lost charger while traveling.,$20-$40,low,Hotel and travel charging,Emergency use at home,no preference,low,medium,high,"['simple plug-and-play', 'clear labeling for compatibility']",['multi-port complexity'],Relies on whatever charger came with the phone originally,"An older traveler who prioritizes simplicity and reliability, they want a charger that just works without confusion. They are wary of complicated multi-port devices and prefer something straightforward. Price matters less than avoiding frustration during a trip."
phone_chargers_034,phone_chargers,18-24,Needs an extra charger for dorm life after constantly forgetting theirs.,$8-$18,medium,Dorm room and campus charging,Sharing with roommates,no preference,high,medium,low,"['long cable', 'affordable price']",['short cables'],Frequently buys low-cost chargers and replaces them often,"A college student juggling classes and social life, they mainly want something cheap and convenient. Durability is nice but not essential since chargers tend to get lost or borrowed. They prioritize length and price over brand or advanced features."
phone_chargers_035,phone_chargers,45-54,Outfitting a small office with shared charging stations.,$50-$100,medium,Multi-device office charging hub,Visitor convenience,trusted office supply brands,medium,high,high,"['multiple ports', 'surge protection']",['single-port chargers'],Has purchased bulk office electronics before with mixed reliability,"An office manager looking for a tidy, reliable charging solution for employees and guests. They want to minimize clutter and ensure safety, especially with multiple devices plugged in. They are willing to invest in something durable that reduces complaints."
phone_chargers_036,phone_chargers,65+,First time buying a replacement charger after their original stopped working.,$15-$25,low,Simple home phone charging,None,prefers same phone brand,medium,high,high,"['exact compatibility with phone', 'clear instructions']",['fast charging jargon'],Has only used the charger that came with their phone,"An elderly buyer who values clarity and reassurance, they want a charger that matches their phone exactly. Technical specifications are confusing, so they look for familiar branding or explicit compatibility. Reliability and ease of use are top priorities."
phone_chargers_037,phone_chargers,25-34,Needs a fast charger after starting a job with long commuting hours.,$25-$60,medium,Quick top-ups during short breaks,Car charging,known fast-charging brands,low,high,medium,"['fast charging (PD or equivalent)', 'compact design']",['bulky adapters'],Previously used standard chargers and found them too slow,"A busy professional who depends heavily on their phone throughout the day, they need rapid charging in limited time windows. They are willing to spend more for noticeable speed improvements. Portability also matters due to commuting."
phone_chargers_038,phone_chargers,35-44,Replacing a charger after a minor electrical scare at home.,$30-$70,low,Safe overnight charging,Family shared use,avoids unknown brands,low,high,high,"['certified safety standards', 'temperature control']",['cheap unbranded units'],Had a charger overheat or spark previously,"This buyer is highly cautious after a negative experience with a faulty charger. Safety certifications and build quality are their main concerns, even over price. They prefer established brands and clear safety assurances."
phone_chargers_039,phone_chargers,18-24,Buying a stylish charger to match their aesthetic desk setup.,$20-$45,medium,Desk and aesthetic workspace charging,Social media content setup,design-focused brands,medium,medium,low,"['sleek design', 'color options']",['plain bulky designs'],Has bought accessories based on appearance before,"A style-conscious student or creator who cares about how their setup looks on camera or in photos. Function matters, but visual appeal is a major factor in their decision. They are open to newer brands if the design stands out."
phone_chargers_040,phone_chargers,45-54,Needs a backup charger to keep in an emergency kit.,$12-$20,low,Emergency preparedness kit,Occasional travel use,no preference,high,medium,medium,"['reliable basic charging', 'durable cable']",['high-end unnecessary features'],Rarely buys chargers unless needed,"A practical planner who wants a dependable charger stored for emergencies like power outages or travel disruptions. They don't need advanced features, just something that works when needed. Affordability and basic durability are enough."
phone_chargers_041,phone_chargers,35-44,Needs durable chargers after her kids keep breaking theirs,$10-$20,low,Replacing kids' frequently damaged chargers,Keeping extras in the car,no preference,high,medium,medium,"['reinforced cable', 'affordable multipack']",['expensive premium branding'],Has bought cheap chargers that fray within weeks,"A busy parent managing multiple devices in the household, she prioritizes affordability but is tired of constantly replacing broken cables. She wants something sturdier than the cheapest options but still cost-effective enough to buy in bulk. Convenience and durability matter more than brand names."
phone_chargers_042,phone_chargers,65+,Lost his only charger while traveling and needs a simple replacement,$15-$30,low,Charging phone at home overnight,Occasional travel use,prefers well-known brands,medium,high,high,"['easy plug-and-play', 'clear labeling']",['complex multi-port hubs'],"Limited understanding of charger specs, relies on store staff recommendations","A retired individual who uses his phone mainly for calls and photos, he wants a straightforward, reliable charger without confusing options. He prefers recognizable brands and clear packaging to avoid making a mistake. Simplicity and trustworthiness outweigh any advanced features."
phone_chargers_043,phone_chargers,25-34,Buying a small gift for a coworker’s birthday,$20-$40,medium,Gift giving,None,recognizable mid-tier brands,medium,medium,medium,"['attractive packaging', 'universal compatibility']",['off-brand unknown labels'],Has purchased accessories as gifts before but not deeply researched,This buyer wants a practical yet thoughtful gift that won’t feel too generic. They’re looking for something that appears high quality and works across devices without requiring deep technical knowledge. Presentation and perceived value matter almost as much as functionality.
phone_chargers_044,phone_chargers,45-54,Outfitting a small office with shared charging stations,$50-$100,medium,Charging multiple employee devices in a shared workspace,Visitor charging access,no preference,medium,high,high,"['multi-port capability', 'safety certifications']",['cheap unverified products'],Has dealt with unreliable office equipment purchases in the past,"An office manager responsible for practical purchasing decisions, they need chargers that can handle daily shared use without becoming a safety risk. Reliability and certification matter more than cutting costs. They aim to avoid future complaints from staff by choosing dependable equipment."
phone_chargers_045,phone_chargers,18-24,Dorm room setup after moving into college housing,$15-$35,medium,Charging phone in a dorm with limited outlets,Charging earbuds or small devices,no preference,high,medium,low,"['multiple ports', 'compact size']",['bulky wall adapters'],Used basic chargers but now needs something more versatile,"A college student dealing with limited outlet space, they want a compact charger that can power multiple devices at once. Budget constraints are real, but they still want something that won’t fail during busy school days. Convenience and space-saving design are key."
phone_chargers_046,phone_chargers,55-64,Replacing a charger that stopped working after years of use,$20-$45,low,Daily home charging,Backup charger for travel,prefers trusted electronics brands,medium,high,high,"['durability', 'warranty']",['unknown brands'],Had one long-lasting charger and wants similar reliability,"This buyer values longevity and dependability over trendy features. After having a charger that lasted years, they want a replacement that offers similar peace of mind. They are cautious about trying unfamiliar brands and prefer something with a warranty."
phone_chargers_047,phone_chargers,25-34,Needs a fast charger for frequent rideshare driving shifts,$25-$60,medium,Keeping phone charged continuously during long driving hours,Charging passenger devices occasionally,no preference,medium,high,medium,"['fast charging', 'car compatibility']",['slow charging outputs'],Has used basic car chargers that couldn’t keep up with usage,"A rideshare driver who depends on their phone for income, they need a charger that can keep up with constant GPS and app usage. Slow charging is not acceptable, as downtime affects earnings. Reliability and speed are critical for their daily work routine."
phone_chargers_048,phone_chargers,35-44,Buying a first charger for a newly purchased smartphone,$10-$25,low,Basic phone charging at home,None,no preference,high,medium,medium,"['compatibility with device', 'simple setup']",['overly advanced features'],First-time smartphone owner with minimal accessory experience,"New to smartphones, this buyer is navigating accessories for the first time and wants something straightforward and affordable. They are unsure about technical specs and rely on clear compatibility information. Their goal is simply to get a reliable charger without overthinking the purchase."
phone_chargers_049,phone_chargers,45-54,Preparing for an upcoming international trip,$30-$70,medium,Charging devices across different countries,Charging multiple devices in hotel rooms,no preference,medium,high,high,"['universal voltage support', 'interchangeable plugs']",['region-locked chargers'],Previously struggled with incompatible chargers abroad,"A traveler who has learned from past inconveniences, they want a charger that works seamlessly across countries. Avoiding compatibility issues is a top priority, even if it costs more. They value versatility and reliability during travel."
phone_chargers_050,phone_chargers,18-24,Replacing a charger lost during a music festival,$15-$30,low,Portable daily charging,Occasional outdoor events,no preference,high,low,low,"['quick availability', 'basic reliability']",['expensive premium options'],Frequently loses or misplaces accessories,"This buyer prioritizes convenience and speed of purchase over long-term durability. After losing a charger at an event, they just need a quick and affordable replacement to get back up and running. They are not concerned with premium features or brand reputation."
phone_chargers_051,phone_chargers,35-44,Her child's charger stopped working before a school trip.,$10-20,low,Durable home charger for a child,Travel backup,no preference,high,medium,high,"['reinforced cable', 'basic safety certification']",['expensive fast charging claims'],Has bought several cheap chargers that frayed quickly,"A parent focused on reliability and safety rather than performance. She wants something that won't break easily in a kid's backpack and won't overheat, but she's not interested in premium pricing or technical specs."
phone_chargers_052,phone_chargers,25-34,Needs a last-minute birthday gift for a friend who just got a new phone.,$20-40,medium,Giftable stylish charger,None,Anker,medium,high,medium,"['attractive design', 'fast charging support']",['generic unbranded items'],Has purchased accessories before but not deeply researched,"This buyer wants something that feels like a thoughtful, useful gift rather than a cheap add-on. They care about brand reputation and presentation, but aren't diving deep into specs beyond knowing it should work well with newer phones."
phone_chargers_053,phone_chargers,45-54,Replacing a charger that suddenly stopped working during a business trip.,$15-30,low,Reliable hotel/travel charger,Office backup,no preference,medium,high,high,"['universal compatibility', 'compact design']",['bulky multi-port hubs'],Typically buys whatever is available at airports or hotels,"Often traveling for work, this buyer just wants something dependable and easy to pack. They’ve had chargers fail at inconvenient times, so they lean toward safer, well-built options without needing advanced features."
phone_chargers_054,phone_chargers,18-24,Buying their first charger separately after getting a hand-me-down phone.,$8-15,low,Basic daily charging in a dorm,None,no preference,high,medium,medium,"['compatible connector', 'long cable']",['premium-priced brands'],No prior independent purchases of phone accessories,"A student on a tight budget who just needs something that works. They aren’t familiar with charging speeds or brands, but want a cable long enough to reach from awkward dorm outlets to their bed."
phone_chargers_055,phone_chargers,65+,Needs a replacement after misplacing their only charger.,$15-25,low,Simple bedside charging,None,avoids unfamiliar brands,medium,high,high,"['easy-to-plug connector', 'clear labeling']",['complex multi-device chargers'],Relies on family recommendations for tech purchases,"An older adult who values simplicity and clarity over features. They want something easy to use without confusion, and are cautious about buying products that might not be safe or compatible."
phone_chargers_056,phone_chargers,35-44,Outfitting a small office with shared charging stations.,$40-80,medium,Multi-device office charging hub,Conference room use,Belkin,medium,high,high,"['multiple ports', 'overload protection']",['cheap plastic builds'],Has purchased office equipment and accessories before,"An office manager trying to reduce clutter and complaints about dead phones. They need something reliable that can handle multiple devices safely, and prefer established brands to avoid workplace issues."
phone_chargers_057,phone_chargers,25-34,Looking for a charger to use during long daily commutes.,$15-35,medium,Car charging,Occasional travel use,no preference,medium,medium,medium,"['fast car charging', 'compact adapter']",['loose-fitting connectors'],Has used low-cost car chargers that disconnected easily,"A commuter who depends on their phone for navigation and music. They need a charger that works reliably in the car without constant reconnecting, but don’t want to overspend."
phone_chargers_058,phone_chargers,45-54,Buying a backup charger to keep at a vacation home.,$20-50,low,Occasional-use backup charger,Guest use,no preference,low,medium,medium,"['universal compatibility', 'durability over time']",['overly specialized connectors'],Has lost or forgotten chargers during trips before,"This buyer is planning ahead to avoid inconvenience during trips. They want something that will just be there and work when needed, even if it sits unused for long periods."
phone_chargers_059,phone_chargers,18-24,Needs a charger that works in shared campus spaces without being stolen easily.,$10-25,medium,Public/shared space charging,Dorm use,no preference,high,medium,low,"['distinctive color', 'affordable replaceability']",['expensive premium chargers'],Has had chargers taken or mixed up in shared areas,"A college student dealing with crowded libraries and shared outlets. They prioritize affordability and easy identification over longevity, expecting that chargers may get lost or borrowed indefinitely."
phone_chargers_060,phone_chargers,55-64,Upgrading to match a new phone that supports faster charging.,$25-60,medium,Faster home charging,Tablet charging,Samsung,medium,high,high,"['official compatibility', 'fast charging support']",['off-brand accessories'],Previously used basic chargers without fast charging,Recently upgraded their phone and wants to take advantage of improved charging speeds. They prefer sticking with known brands to ensure compatibility and avoid damaging an expensive device.
