row_id,category,consumer_id,cell,selector_type,writer_type,selected_product_id,shortlist,selection_rationale,recommendation_text,word_count,retrieval_changed
headphones_000_00,headphones,0,00,generic,generic,headphones_sennheiser_momentum4,"[""headphones_sony_ult_wear"", ""headphones_jbl_tune770nc""]",Balances quality and budget with strong sound and ANC.,"The Sennheiser Momentum 4 Wireless headphones offer excellent sound quality and a remarkable 60-hour battery life, making them a top choice for casual use. Though slightly pricier than your budget, they provide superior noise cancellation and support multiple codecs for versatile connectivity. While touch controls may have a learning curve, their overall performance justifies the investment for those prioritizing audio fidelity over cost.",63,1
headphones_000_10,headphones,0,10,history,generic,headphones_sony_ult_wear,"[""headphones_sony_ult_wear"", ""headphones_jbl_tune770nc"", ""headphones_soundcore_space_q45""]","Balances price and quality well, with high conversion and satisfaction.","The Sony over-ear wireless headphones offer a great balance of features and value for your budget. With a mid-range price point and an impressive 50-hour battery life, these headphones provide good noise cancellation and support multiple codecs for high-quality audio. Though the bass-heavy tuning might not suit everyone, their foldable design and multipoint connectivity make them versatile options. The build quality is solid but slightly less premium than Sony's top-tier models like the XM5.",74,1
headphones_000_01,headphones,0,01,generic,history,headphones_sennheiser_momentum4,"[""headphones_sony_ult_wear"", ""headphones_jbl_tune770nc""]",Balances quality and budget with strong sound and ANC.,"The Sennheiser Momentum 4 Wireless headphones offer excellent sound quality and a remarkable 60-hour battery life, making them a top choice in their price range. Despite being slightly pricier than your budget allows, they have a high conversion rate (47.1%) and solid buyer satisfaction (3.63/5). Their strong noise cancellation and multipoint connectivity make them stand out, even if touch controls can be finicky. Given your quality sensitivity, these headphones are worth considering for their superior audio performance.",77,1
headphones_000_11,headphones,0,11,history,history,headphones_sony_ult_wear,"[""headphones_sony_ult_wear"", ""headphones_jbl_tune770nc"", ""headphones_soundcore_space_q45""]","Balances price and quality well, with high conversion and satisfaction.","The Sony over-ear wireless headphones offer a solid balance of features and value for your budget. With good noise cancellation, a robust 50-hour battery life, and support for high-quality codecs like LDAC, they cater well to casual listeners on a moderate budget. Although the bass-heavy tuning might not suit everyone, these headphones have a strong conversion rate among similar buyers (65.8%) and an average satisfaction score of 3.62/5, indicating good overall performance and reliability.",74,1
headphones_001_00,headphones,1,00,generic,generic,headphones_jbl_tune770nc,"[""headphones_jbl_tune770nc"", ""headphones_edifier_stax"", ""headphones_soundcore_space_q45""]",Best value with solid ANC and battery life.,"The JBL Tune 770NC is an excellent choice for budget-conscious consumers who prioritize affordability over premium features. With a solid battery life of up to 44 hours and basic noise cancellation, these headphones offer good value for money. The punchy sound signature and foldable design make them convenient for daily use. While the build quality is primarily plastic, it aligns well with your price sensitivity and brand familiarity preferences for JBL.",71,0
headphones_001_10,headphones,1,10,history,generic,headphones_jbl_tune770nc,"[""headphones_jbl_tune770nc"", ""headphones_sony_ult_wear"", ""headphones_soundcore_space_q45""]","Balances price and quality well, high conversion rate in budget segment.","The JBL Tune 770NC is an excellent choice for budget-conscious consumers who prioritize affordability over premium features. With a solid battery life of up to 44 hours and basic noise cancellation, these headphones offer good value for money. The punchy sound signature and foldable design make them convenient for daily use. While the build quality is primarily plastic, it aligns well with your price sensitivity and brand familiarity preferences for JBL.",71,0
headphones_001_01,headphones,1,01,generic,history,headphones_jbl_tune770nc,"[""headphones_jbl_tune770nc"", ""headphones_edifier_stax"", ""headphones_soundcore_space_q45""]",Best value with solid ANC and battery life.,"Given your price sensitivity and budget constraints, the JBL Tune 770NC is an excellent choice. It offers solid value with a 44-hour battery life and punchy sound signature, making it ideal for casual use. While its noise cancellation is basic compared to premium options, it still provides decent performance at this price point. The headphones have a high conversion rate among similar buyers (53.5%) and an average satisfaction rating of 3.08/5, indicating good overall value despite some build quality concerns.",80,0
headphones_001_11,headphones,1,11,history,history,headphones_jbl_tune770nc,"[""headphones_jbl_tune770nc"", ""headphones_sony_ult_wear"", ""headphones_soundcore_space_q45""]","Balances price and quality well, high conversion rate in budget segment.","Given your price sensitivity and budget constraints, the JBL Tune 770NC is an excellent choice. It offers solid value with a 44-hour battery life and punchy sound signature, making it ideal for casual use. While its noise cancellation is basic compared to premium options, it still provides decent performance at this price point. The headphones have a high conversion rate among similar buyers (53.5%) and an average satisfaction rating of 3.08/5, indicating good overall value despite some build quality concerns.",80,0
headphones_002_00,headphones,2,00,generic,generic,headphones_sony_wh1000xm5,"[""headphones_sony_wh1000xm5"", ""headphones_apple_airpods_max"", ""headphones_bose_qc_ultra""]","Balances quality, brand familiarity, and office use needs.","The Sony WH-1000XM5 headphones are an excellent choice for office work due to their industry-leading noise cancellation and comfortable over-ear design. With a battery life of up to 30 hours, you won't need frequent recharges during long workdays. The LDAC codec ensures high-quality sound, enhancing your audio experience. Although they are on the pricier side, their superior quality and brand familiarity make them worth considering despite your moderate price sensitivity.",70,0
headphones_002_10,headphones,2,10,history,generic,headphones_sony_wh1000xm5,"[""headphones_sony_wh1000xm5"", ""headphones_bose_qc_ultra"", ""headphones_sennheiser_momentum4""]","Balances quality and brand familiarity, excels in noise cancellation.","The Sony WH-1000XM5 headphones are an excellent choice for office work due to their industry-leading noise cancellation and comfortable over-ear design. With a battery life of up to 30 hours, you won't need frequent recharges during long workdays. The LDAC codec ensures high-quality sound, enhancing your audio experience. Although they are on the pricier side, their superior quality and brand familiarity make them worth considering despite your moderate price sensitivity.",70,0
headphones_002_01,headphones,2,01,generic,history,headphones_sony_wh1000xm5,"[""headphones_sony_wh1000xm5"", ""headphones_apple_airpods_max"", ""headphones_bose_qc_ultra""]","Balances quality, brand familiarity, and office use needs.","The Sony WH-1000XM5 headphones are an excellent choice for your office work needs. With industry-leading noise cancellation and a comfortable over-ear design, they provide exceptional sound quality and a distraction-free environment. Despite being less travel-friendly due to their non-foldable nature, these headphones offer a premium experience with support for high-quality codecs like LDAC. Buyers in similar budget segments have shown a 62.2% conversion rate and an average satisfaction of 3.99/5, indicating strong performance and user approval.",76,0
headphones_002_11,headphones,2,11,history,history,headphones_sony_wh1000xm5,"[""headphones_sony_wh1000xm5"", ""headphones_bose_qc_ultra"", ""headphones_sennheiser_momentum4""]","Balances quality and brand familiarity, excels in noise cancellation.","The Sony WH-1000XM5 headphones are an excellent choice for your office work needs. With industry-leading noise cancellation and a comfortable over-ear design, they provide exceptional sound quality and a distraction-free environment. Despite being less travel-friendly due to their non-foldable nature, these headphones offer a premium experience with support for high-quality codecs like LDAC. Buyers in similar budget segments have shown a 62.2% conversion rate and report an average satisfaction of 3.99/5, indicating strong performance and user approval.",77,0
headphones_003_00,headphones,3,00,generic,generic,headphones_jbl_tune770nc,"[""headphones_sony_ult_wear"", ""headphones_marshall_monitor3"", ""headphones_jbl_tune770nc""]",Balances price and quality well; JBL offers best value for budget.,"Given your price sensitivity and budget constraints, the JBL Tune 770NC is an excellent choice. It offers solid noise cancellation, a generous battery life of 44 hours, and the signature punchy sound that JBL is known for. The headphones are also foldable and support multipoint connections, making them convenient for daily use. While the build quality is mostly plastic and lacks high-res codec support, they provide good value within your budget range.",72,1
headphones_003_10,headphones,3,10,history,generic,headphones_sony_ult_wear,"[""headphones_sony_ult_wear"", ""headphones_jbl_tune770nc"", ""headphones_marshall_monitor3""]","Balances price and quality well, with high conversion and satisfaction.","Given your price sensitivity and budget, the Sony over-ear wireless headphones offer excellent value with a mid-range price point of $198. They feature impressive 50-hour battery life and good noise cancellation, making them ideal for casual use. While they have heavy bass tuning that might not suit everyone, their LDAC codec support ensures high-quality audio. The foldable design adds convenience, though the build quality is slightly less premium than Sony's top-tier models like the XM5.",75,1
headphones_003_01,headphones,3,01,generic,history,headphones_jbl_tune770nc,"[""headphones_sony_ult_wear"", ""headphones_marshall_monitor3"", ""headphones_jbl_tune770nc""]",Balances price and quality well; JBL offers best value for budget.,"Given your price sensitivity and budget constraints, the JBL Tune 770NC is a great choice. It offers solid value with its over-ear wireless design, basic noise cancellation, and up to 44 hours of battery life. While it has some limitations like a plastic build and less detailed sound at higher volumes, it still delivers the punchy JBL signature sound you might enjoy. With a 53.5% conversion rate and an average satisfaction score of 3.08/5 among similar buyers, many find this model to be a reliable option within your budget range.",90,1
headphones_003_11,headphones,3,11,history,history,headphones_sony_ult_wear,"[""headphones_sony_ult_wear"", ""headphones_jbl_tune770nc"", ""headphones_marshall_monitor3""]","Balances price and quality well, with high conversion and satisfaction.","Given your budget and price sensitivity, the Sony over-ear wireless headphones are a great choice. They offer impressive 50-hour battery life and good noise cancellation at a mid-range price point. With a 61.6% conversion rate among similar buyers and an average satisfaction of 3.45/5, these headphones have proven popular in your budget segment. While the bass-heavy tuning might not suit all tastes, their build quality is still solid for the price.",71,1
headphones_004_00,headphones,4,00,generic,generic,headphones_sennheiser_momentum4,"[""headphones_sony_wh1000xm5"", ""headphones_sennheiser_momentum4"", ""headphones_jbl_tune770nc""]","Balances quality and budget, offers best sound with long battery life.","Given your quality sensitivity and brand familiarity with Sennheiser, the Sennheiser Momentum 4 Wireless Headphones are an excellent choice. They offer top-tier sound quality and a remarkable 60-hour battery life. While touch controls may have a slight learning curve, their strong noise cancellation and aptX Adaptive codec support make them stand out. These headphones balance your budget constraints while delivering premium audio performance.",63,0
headphones_004_10,headphones,4,10,history,generic,headphones_sennheiser_momentum4,"[""headphones_sennheiser_momentum4"", ""headphones_sony_ult_wear"", ""headphones_marshall_monitor3""]","Balances quality and budget, high satisfaction, strong brand recognition.","Given your quality sensitivity and brand familiarity with Sennheiser, the Sennheiser Momentum 4 Wireless Headphones are an excellent choice. They offer top-tier sound quality and a remarkable 60-hour battery life. While touch controls may have a slight learning curve, their strong noise cancellation and aptX Adaptive codec support make them stand out. These headphones balance your budget constraints while delivering premium audio performance.",63,0
headphones_004_01,headphones,4,01,generic,history,headphones_sennheiser_momentum4,"[""headphones_sony_wh1000xm5"", ""headphones_sennheiser_momentum4"", ""headphones_jbl_tune770nc""]","Balances quality and budget, offers best sound with long battery life.","Given your quality sensitivity and brand familiarity with Sennheiser, the Sennheiser Momentum 4 Wireless Headphones are an excellent choice. They offer top-tier sound quality and a remarkable 60-hour battery life. While touch controls may have a learning curve, users in similar budget segments report high satisfaction (3.83/5) and a strong conversion rate of 65.5%. These headphones balance performance and comfort well for casual use.",64,0
headphones_004_11,headphones,4,11,history,history,headphones_sennheiser_momentum4,"[""headphones_sennheiser_momentum4"", ""headphones_sony_ult_wear"", ""headphones_marshall_monitor3""]","Balances quality and budget, high satisfaction, strong brand recognition.","Given your quality sensitivity and brand familiarity with Sennheiser, the Sennheiser Momentum 4 Wireless Headphones are an excellent choice. They offer top-tier sound quality and a remarkable 60-hour battery life. While touch controls may have a learning curve, users in similar budget segments report high satisfaction (3.83/5) and a strong conversion rate of 65.5%. These headphones balance performance and comfort well for casual use.",64,0
headphones_005_00,headphones,5,00,generic,generic,headphones_sennheiser_momentum4,"[""headphones_sennheiser_momentum4"", ""headphones_apple_airpods_max"", ""headphones_bose_qc_ultra""]",Best sound quality; long battery life; high brand familiarity.,"Given your audiophile leanings and high quality sensitivity, the Sennheiser Momentum 4 Wireless headphones are an excellent choice. With top-tier sound quality and a remarkable 60-hour battery life, these over-ear headphones offer superior audio performance. Though touch controls may have a slight learning curve, their strong noise cancellation and codec support make them ideal for home use. Plus, your familiarity with Sennheiser enhances the appeal of this premium product.",69,0
headphones_005_10,headphones,5,10,history,generic,headphones_sennheiser_momentum4,"[""headphones_sennheiser_momentum4"", ""headphones_bose_qc_ultra"", ""headphones_sony_wh1000xm5""]",Best sound quality; high brand recognition; good balance of price and quality.,"Given your audiophile leanings and high quality sensitivity, the Sennheiser Momentum 4 Wireless headphones are an excellent choice. With top-tier sound quality and a remarkable 60-hour battery life, these over-ear headphones offer superior audio performance. Though touch controls may have a slight learning curve, their strong noise cancellation and codec support make them ideal for home use. Plus, your familiarity with Sennheiser enhances the appeal of this premium product.",69,0
headphones_005_01,headphones,5,01,generic,history,headphones_sennheiser_momentum4,"[""headphones_sennheiser_momentum4"", ""headphones_apple_airpods_max"", ""headphones_bose_qc_ultra""]",Best sound quality; long battery life; high brand familiarity.,"Given your high quality sensitivity and brand familiarity with Sennheiser, the Sennheiser Momentum 4 Wireless Headphones are an excellent choice for audiophiles at home. With a remarkable 60-hour battery life and top-tier sound quality, these over-ear headphones offer very good noise cancellation and support multiple codecs like aptX Adaptive and AAC. Although touch controls have a slight learning curve and comfort may vary for extended use, the high conversion rate (47.1%) and average satisfaction (3.63/5) among similar buyers indicate strong overall performance.",82,0
headphones_005_11,headphones,5,11,history,history,headphones_sennheiser_momentum4,"[""headphones_sennheiser_momentum4"", ""headphones_bose_qc_ultra"", ""headphones_sony_wh1000xm5""]",Best sound quality; high brand recognition; good balance of price and quality.,"Given your high quality sensitivity and brand familiarity with Sennheiser, the Sennheiser Momentum 4 Wireless Headphones are an excellent choice for audiophiles at home. With a remarkable 60-hour battery life and top-tier sound quality, these over-ear headphones offer very good noise cancellation and support multiple codecs like aptX Adaptive and AAC. Although touch controls have a slight learning curve and comfort may vary for extended use, the high conversion rate (47.1%) and average satisfaction (3.63/5) among similar buyers indicate strong overall performance.",82,0
headphones_006_00,headphones,6,00,generic,generic,headphones_jbl_tune770nc,"[""headphones_jbl_tune770nc"", ""headphones_edifier_stax""]",JBL offers best value with decent ANC and battery life within budget.,"Given your price sensitivity and budget constraints, the JBL Tune 770NC is a great value option for gaming. It offers solid battery life and multipoint connectivity, allowing you to connect to multiple devices simultaneously. While its noise cancellation isn't top-tier, it still provides basic ambient sound reduction. The punchy audio signature suits gaming well, though be aware that the build quality is mostly plastic and lacks high-resolution codec support.",69,0
headphones_006_10,headphones,6,10,history,generic,headphones_jbl_tune770nc,"[""headphones_jbl_tune770nc"", ""headphones_soundcore_space_q45"", ""headphones_sony_ult_wear""]","Balances price, quality, and gaming suitability.","Given your price sensitivity and budget constraints, the JBL Tune 770NC is a great value option for gaming. It offers solid battery life and multipoint connectivity, allowing you to switch between devices easily. The punchy sound signature enhances gaming audio, though noise cancellation is basic. While it may not be the most premium choice, its affordability and compatibility with popular codecs like AAC and SBC make it a practical pick within your budget.",73,0
headphones_006_01,headphones,6,01,generic,history,headphones_jbl_tune770nc,"[""headphones_jbl_tune770nc"", ""headphones_edifier_stax""]",JBL offers best value with decent ANC and battery life within budget.,"Given your price sensitivity and budget constraints, the JBL Tune 770NC is a great value option for gaming. It offers solid battery life (up to 44 hours) and multipoint connectivity, allowing you to connect to multiple devices simultaneously. While its noise cancellation isn't top-tier, it still provides basic ANC and the punchy sound signature is well-suited for gaming audio. With a conversion rate of 53.5% and an average satisfaction score of 3.08/5 among similar buyers, many find this model to be a reliable choice within your budget range.",88,0
headphones_006_11,headphones,6,11,history,history,headphones_jbl_tune770nc,"[""headphones_jbl_tune770nc"", ""headphones_soundcore_space_q45"", ""headphones_sony_ult_wear""]","Balances price, quality, and gaming suitability.","Given your price sensitivity and budget constraints, the JBL Tune 770NC is a great value option for gaming. It offers solid battery life (up to 44 hours) and multipoint connectivity, allowing you to connect to multiple devices simultaneously. While its noise cancellation isn't top-tier, it still provides basic ANC and the punchy sound signature is well-suited for gaming audio. With a conversion rate of 53.5% and an average satisfaction score of 3.08/5 among similar buyers, many find this model to be a reliable choice within your budget range.",88,0
headphones_007_00,headphones,7,00,generic,generic,headphones_jbl_tune770nc,"[""headphones_jbl_tune770nc"", ""headphones_edifier_stax"", ""headphones_soundcore_space_q45""]",Best value with solid ANC and battery life.,"Given your price sensitivity and budget constraints, the JBL Tune 770NC is an excellent choice. It offers solid value with its over-ear wireless design, decent noise cancellation, and a generous battery life of 44 hours. The punchy sound signature is well-suited for casual listening, though it may lack detail at higher volumes. While the build quality is mostly plastic, the headphones are foldable and support multipoint connections, making them convenient for travel or daily use.",75,1
headphones_007_10,headphones,7,10,history,generic,headphones_sony_ult_wear,"[""headphones_sony_ult_wear"", ""headphones_jbl_tune770nc"", ""headphones_soundcore_space_q45""]","Balances price and quality well, with high conversion and satisfaction.","Given your price sensitivity and budget constraints, the Sony over-ear wireless headphones offer a balanced choice. They provide good noise cancellation and an impressive 50-hour battery life at a mid-range price point. While they have heavy bass tuning that might not suit everyone, their LDAC codec support ensures high-quality audio. The foldable design adds convenience for travel. Though the build quality is slightly less premium than Sony's top models, it still offers solid performance within your budget.",77,1
headphones_007_01,headphones,7,01,generic,history,headphones_jbl_tune770nc,"[""headphones_jbl_tune770nc"", ""headphones_edifier_stax"", ""headphones_soundcore_space_q45""]",Best value with solid ANC and battery life.,"Given your price sensitivity and budget constraints, the JBL Tune 770NC is an excellent choice. It offers solid value with a 44-hour battery life and punchy sound signature at just $79.95. While its noise cancellation is basic compared to premium options, it still provides decent performance for casual use. The headphones have a high conversion rate of 53.5%, indicating strong popularity among similar buyers, despite an average satisfaction score of 3.08/5. They are also foldable and support multipoint connections, making them convenient for travel or multi-device users.",87,1
headphones_007_11,headphones,7,11,history,history,headphones_sony_ult_wear,"[""headphones_sony_ult_wear"", ""headphones_jbl_tune770nc"", ""headphones_soundcore_space_q45""]","Balances price and quality well, with high conversion and satisfaction.","Given your price sensitivity and budget constraints, the Sony over-ear wireless headphones offer excellent value with a mid-range price point of $198. They have impressive 50-hour battery life and good noise cancellation, making them ideal for casual use. Although not class-leading in build quality or ANC, they still deliver solid performance and are popular among similar budget-conscious buyers, with a 65.8% conversion rate and average satisfaction of 3.62/5.",68,1
headphones_008_00,headphones,8,00,generic,generic,headphones_sony_wh1000xm5,"[""headphones_sony_wh1000xm5"", ""headphones_bose_qc_ultra"", ""headphones_apple_airpods_max""]","Sony XM5 offers best balance of quality, brand familiarity and gaming suitability.","The Sony WH-1000XM5 headphones are an excellent choice for gaming due to their industry-leading noise cancellation and exceptional sound quality. With support for high-quality codecs like LDAC, you'll enjoy immersive audio experiences. Though they don't fold for travel, the lightweight build ensures comfort during long gaming sessions. The premium price is justified by top-tier performance, making them a worthwhile investment despite your moderate price sensitivity.",65,1
headphones_008_10,headphones,8,10,history,generic,headphones_sennheiser_momentum4,"[""headphones_sennheiser_momentum4"", ""headphones_bose_qc_ultra"", ""headphones_apple_airpods_max""]","Balances quality, brand familiarity, and gaming suitability.","The Sennheiser Momentum 4 Wireless headphones offer exceptional sound quality and a robust 60-hour battery life, ideal for extended gaming sessions. With very good noise cancellation and support for advanced codecs like aptX Adaptive, these headphones deliver immersive audio. Though the touch controls have a slight learning curve, their multipoint capability allows you to connect to multiple devices seamlessly. Despite not being the most comfortable for marathon use, they excel in sound performance and durability, making them a top choice for gaming enthusiasts who prioritize audio quality over extended comfort.",90,1
headphones_008_01,headphones,8,01,generic,history,headphones_sony_wh1000xm5,"[""headphones_sony_wh1000xm5"", ""headphones_bose_qc_ultra"", ""headphones_apple_airpods_max""]","Sony XM5 offers best balance of quality, brand familiarity and gaming suitability.","The Sony WH-1000XM5 headphones are an excellent choice for gaming due to their industry-leading noise cancellation and exceptional sound quality. Despite being over-ear wireless headphones with a premium price, they offer a comfortable fit and up to 30 hours of battery life. Although they are not foldable, making them less travel-friendly, the high conversion rate among similar budget buyers (62.2%) and their average satisfaction score (3.99/5) indicate strong performance. Given your quality sensitivity and brand familiarity with Sony, these headphones will provide an immersive gaming experience.",86,1
headphones_008_11,headphones,8,11,history,history,headphones_sennheiser_momentum4,"[""headphones_sennheiser_momentum4"", ""headphones_bose_qc_ultra"", ""headphones_apple_airpods_max""]","Balances quality, brand familiarity, and gaming suitability.","The Sennheiser Momentum 4 Wireless headphones offer exceptional sound quality and a remarkable 60-hour battery life, making them ideal for gaming sessions without frequent charging breaks. Despite slightly less effective noise cancellation compared to Sony or Bose, their strong ANC still enhances focus during long gaming marathons. With a high conversion rate of 65.5% among similar budget buyers and an average satisfaction score of 3.83/5, these headphones are well-regarded for their performance and durability.",74,1
headphones_009_00,headphones,9,00,generic,generic,headphones_sony_ult_wear,"[""headphones_sony_ult_wear"", ""headphones_marshall_monitor3"", ""headphones_jbl_tune770nc""]","Balances price, quality, and brand recognition for office use.","Given your quality sensitivity and brand familiarity with Sony, the Sony over-ear wireless headphones are a great choice for office work. They offer good noise cancellation to help you focus, a robust 50-hour battery life, and support for high-quality codecs like LDAC. While they have heavy bass tuning that might not suit everyone, their multipoint connection and foldable design make them convenient for daily use. At $198, they slightly exceed your budget but offer better quality than most options in your price range.",83,0
headphones_009_10,headphones,9,10,history,generic,headphones_sony_ult_wear,"[""headphones_sony_ult_wear"", ""headphones_marshall_monitor3"", ""headphones_jbl_tune770nc""]","Balances price, quality, and brand recognition well.","Given your quality sensitivity and brand familiarity with Sony, the Sony over-ear wireless headphones are a great choice for office work. They offer good noise cancellation to help you focus, a robust 50-hour battery life, and support for high-quality codecs like LDAC. While they have heavy bass tuning that might not suit everyone, their multipoint connection and foldable design make them convenient for daily use. At $198, they slightly exceed your budget but offer better quality than most options in your price range.",83,0
headphones_009_01,headphones,9,01,generic,history,headphones_sony_ult_wear,"[""headphones_sony_ult_wear"", ""headphones_marshall_monitor3"", ""headphones_jbl_tune770nc""]","Balances price, quality, and brand recognition for office use.","Given your quality sensitivity and brand familiarity with Sony, the Sony over-ear wireless headphones are a strong choice for office work. They offer good noise cancellation and an impressive 50-hour battery life, making them convenient for long days at the desk. Though they have a bass-heavy tuning that might not suit all tastes, their mid-range price point offers better value than higher-end models like Sony's XM5. With a 65.8% conversion rate among similar buyers and an average satisfaction of 3.62/5, these headphones are well-regarded in your budget segment.",88,0
headphones_009_11,headphones,9,11,history,history,headphones_sony_ult_wear,"[""headphones_sony_ult_wear"", ""headphones_marshall_monitor3"", ""headphones_jbl_tune770nc""]","Balances price, quality, and brand recognition well.","Given your quality sensitivity and brand familiarity with Sony, the Sony over-ear wireless headphones are a strong choice for office work. They offer good noise cancellation and an impressive 50-hour battery life, making them convenient for long days at the desk. Though they have a bass-heavy tuning that might not suit all tastes, their mid-range price point offers better value than higher-end models like Sony's XM5. With a 65.8% conversion rate among similar buyers and an average satisfaction of 3.62/5, these headphones are well-regarded in your budget segment.",88,0
laptop_000_00,laptop,0,00,generic,generic,laptop_asus_zenbook_14,"[""laptop_asus_zenbook_14"", ""laptop_hp_elitebook_845"", ""laptop_dell_xps_14""]",Balances budget and quality with OLED screen.,"The ASUS ZenBook 14 is an excellent choice for budget-conscious office users due to its remarkable value and quality OLED display. With a lightweight design at just 1.28 kg, it's highly portable yet offers decent performance with the Intel Core Ultra 5 processor and 16GB RAM. The battery life of up to 13 hours is impressive for extended use. While the speakers are weak and there’s no upgrade path for RAM, its OLED screen and Thunderbolt 4 port make it a standout option under $900.",85,0
laptop_000_10,laptop,0,10,history,generic,laptop_asus_zenbook_14,"[""laptop_asus_zenbook_14"", ""laptop_macbook_air_m4"", ""laptop_hp_elitebook_845""]","Balances price, quality, and brand recognition well.","The ASUS ZenBook 14 is an excellent choice for budget-conscious office users due to its remarkable value and quality OLED display. With a lightweight design at just 1.28 kg, it's highly portable yet offers decent performance with the Intel Core Ultra 5 processor and 16GB RAM. The battery life of up to 13 hours is impressive for extended use. While the speakers are weak and there’s no upgrade path for RAM, its OLED screen and Thunderbolt 4 port make it a standout option under $900.",85,0
laptop_000_01,laptop,0,01,generic,history,laptop_asus_zenbook_14,"[""laptop_asus_zenbook_14"", ""laptop_hp_elitebook_845"", ""laptop_dell_xps_14""]",Balances budget and quality with OLED screen.,"Given your price sensitivity and budget constraints, the ASUS ZenBook 14 is an excellent choice. It offers remarkable value with its OLED display, lightweight design, and decent performance for under $900. With a 58.3% conversion rate and average satisfaction of 3.52/5 among similar buyers, it's a popular pick. Its Intel Core Ultra 5 processor might be less powerful than some alternatives, but the screen quality and portability make up for this drawback.",72,0
laptop_000_11,laptop,0,11,history,history,laptop_asus_zenbook_14,"[""laptop_asus_zenbook_14"", ""laptop_macbook_air_m4"", ""laptop_hp_elitebook_845""]","Balances price, quality, and brand recognition well.","Given your price sensitivity and budget constraints, the ASUS ZenBook 14 is an excellent choice. It offers remarkable value with its OLED display, lightweight design, and decent performance for under $900. With a 58.3% conversion rate and average satisfaction of 3.52/5 among similar buyers, it's a popular pick. Its Intel Core Ultra 5 processor might be less powerful than some alternatives, but the screen quality and portability make up for this drawback.",72,0
laptop_001_00,laptop,1,00,generic,generic,laptop_macbook_pro_m4,"[""laptop_macbook_pro_m4"", ""laptop_thinkpad_x1_carbon"", ""laptop_hp_elitebook_845""]","Best performance for data analysis, despite high cost.","The MacBook Pro with the M4 Pro processor is an excellent choice for data analysis due to its powerful performance and long battery life. With 24GB of RAM and a stunning mini-LED XDR display, it excels in handling complex datasets and running demanding software smoothly. Although pricey at $1999, your budget allows room for additional storage or accessories. The macOS ecosystem also integrates well with Apple's other tools, enhancing productivity.",70,0
laptop_001_10,laptop,1,10,history,generic,laptop_macbook_pro_m4,"[""laptop_macbook_pro_m4"", ""laptop_thinkpad_x1_carbon"", ""laptop_hp_elitebook_845""]","High quality, best for data analysis; macOS preferred brand.","The MacBook Pro with the M4 Pro processor is an excellent choice for data analysis due to its powerful performance and long battery life. With 24GB of RAM and a stunning mini-LED XDR display, it excels in handling complex datasets and running demanding software smoothly. Although pricey at $1999, your budget allows room for additional storage or accessories. The macOS ecosystem also integrates well with Apple's other tools, enhancing productivity.",70,0
laptop_001_01,laptop,1,01,generic,history,laptop_macbook_pro_m4,"[""laptop_macbook_pro_m4"", ""laptop_thinkpad_x1_carbon"", ""laptop_hp_elitebook_845""]","Best performance for data analysis, despite high cost.","Given your high quality sensitivity and brand familiarity with Apple, the MacBook Pro M4 is an excellent choice for data analysis. It boasts a powerful Apple M4 Pro processor, 24GB RAM, and a stunning mini-LED XDR display. With a best-in-class performance-per-watt ratio and exceptional battery life of up to 17 hours, it excels in demanding tasks. Although some enterprise software may not be compatible with macOS, the high satisfaction rate among similar buyers (3.82/5) indicates its strong overall value despite the price tag.",83,0
laptop_001_11,laptop,1,11,history,history,laptop_macbook_pro_m4,"[""laptop_macbook_pro_m4"", ""laptop_thinkpad_x1_carbon"", ""laptop_hp_elitebook_845""]","High quality, best for data analysis; macOS preferred brand.","Given your high quality sensitivity and brand familiarity with Apple, the MacBook Pro M4 is an excellent choice for data analysis. It boasts a powerful Apple M4 Pro processor, 24GB RAM, and a stunning mini-LED XDR display. With a best-in-class performance-per-watt ratio and exceptional battery life of up to 17 hours, it excels in demanding tasks. Although some enterprise software may not be compatible with macOS, the high satisfaction rate among similar buyers (3.82/5) indicates its strong overall value despite the price tag.",83,0
laptop_002_00,laptop,2,00,generic,generic,laptop_acer_swift_go_14,"[""laptop_asus_zenbook_14"", ""laptop_lg_gram_14"", ""laptop_system76_lemur""]",Balances price and quality; meets student needs.,"The Acer Swift Go 14 is a budget-friendly option for students who need a reliable laptop for basic tasks like document editing and web browsing. With its lightweight design and long battery life, it's portable and convenient. Despite some drawbacks like a dim display and performance issues under heavy loads, it offers good value within your price range.",58,0
laptop_002_10,laptop,2,10,history,generic,laptop_acer_swift_go_14,"[""laptop_asus_zenbook_14"", ""laptop_lg_gram_14""]",Balances price and quality; meets budget constraints.,"The Acer Swift Go 14 is a budget-friendly option for students who need a reliable laptop for everyday tasks like document editing and web browsing. Despite its lower price point, it offers a solid AMD Ryzen 5 processor with 16GB RAM and a 512GB SSD. The 14-inch IPS display provides clear visuals, though it can be dim in bright light. With an 11-hour battery life and weighing just 1.32 kg, it's portable and long-lasting. However, the build quality is average, with some flexing under pressure, and performance may lag during heavy use.",92,0
laptop_002_01,laptop,2,01,generic,history,laptop_acer_swift_go_14,"[""laptop_asus_zenbook_14"", ""laptop_lg_gram_14"", ""laptop_system76_lemur""]",Balances price and quality; meets student needs.,"This Acer Swift Go 14 laptop is a budget-friendly option that balances cost and performance well for students. With a 16GB RAM and AMD Ryzen 5 processor, it handles basic tasks like document editing and web browsing smoothly. Though the display is dim and it flexes under pressure, its lightweight design (1.32 kg) makes it portable. At $699, it offers good value for those who prioritize affordability over premium features. Historical data shows a 52.1% conversion rate among similar budget buyers with an average satisfaction of 3.35/5, indicating reasonable user acceptance despite its known weaknesses.",95,0
laptop_002_11,laptop,2,11,history,history,laptop_acer_swift_go_14,"[""laptop_asus_zenbook_14"", ""laptop_lg_gram_14""]",Balances price and quality; meets budget constraints.,"This Acer Swift Go 14 laptop is a budget-friendly option that balances cost and performance well for students. With a 16GB RAM and AMD Ryzen 5 processor, it handles basic tasks like document editing and web browsing smoothly. Though the display is dim and it flexes under pressure, its lightweight design (1.32 kg) makes it portable. At $699, it offers good value for those who prioritize affordability over premium features. Historical data shows a 52.1% conversion rate among similar budget buyers with an average satisfaction of 3.35/5, indicating reasonable user acceptance despite its known weaknesses.",95,0
laptop_003_00,laptop,3,00,generic,generic,laptop_acer_swift_go_14,"[""laptop_asus_zenbook_14"", ""laptop_lg_gram_14"", ""laptop_system76_lemur""]",Balances price and quality; meets student needs.,"The Acer Swift Go 14 is a budget-friendly option for students who need a reliable laptop for basic tasks like document editing and web browsing. At $699, it fits your price range comfortably. Despite its lower quality score, the AMD Ryzen 5 processor and 16GB RAM ensure smooth performance for everyday use. The 14-inch IPS display offers good color accuracy, though it's a bit dim. With an 11-hour battery life and lightweight design, this laptop is portable and convenient for campus life.",82,0
laptop_003_10,laptop,3,10,history,generic,laptop_acer_swift_go_14,"[""laptop_asus_zenbook_14"", ""laptop_hp_elitebook_845""]",Balances price and quality; meets budget constraints.,"The Acer Swift Go 14 is a budget-friendly option for students who need a reliable laptop for basic tasks like document editing and web browsing. At $699, it fits your price range comfortably. Despite its lower quality score, the AMD Ryzen 5 processor and 16GB RAM ensure smooth performance for everyday use. The 14-inch IPS display offers good color accuracy, though it's a bit dim. With an 11-hour battery life and lightweight design, this laptop is portable and convenient for campus life.",82,0
laptop_003_01,laptop,3,01,generic,history,laptop_acer_swift_go_14,"[""laptop_asus_zenbook_14"", ""laptop_lg_gram_14"", ""laptop_system76_lemur""]",Balances price and quality; meets student needs.,"The Acer Swift Go 14 is a budget-friendly option that balances performance and portability well for students. With a 16GB RAM and AMD Ryzen 5 processor, it handles basic tasks like document editing and web browsing smoothly. Despite its dim display and flexing chassis under pressure, it has a high conversion rate among similar buyers (52.1%) and an average satisfaction of 3.35/5 in the budget segment. Given your price sensitivity and moderate quality needs, this laptop offers good value for your money.",82,0
laptop_003_11,laptop,3,11,history,history,laptop_acer_swift_go_14,"[""laptop_asus_zenbook_14"", ""laptop_hp_elitebook_845""]",Balances price and quality; meets budget constraints.,"The Acer Swift Go 14 is a budget-friendly option that balances performance and portability well for students. With a 16GB RAM and AMD Ryzen 5 processor, it handles basic tasks like document editing and web browsing smoothly. Despite its dim display and flexing chassis under pressure, it has a high conversion rate among similar buyers (52.1%) and an average satisfaction of 3.35/5 in the budget segment. Given your price sensitivity and moderate quality needs, this laptop offers good value for your money.",82,0
laptop_004_00,laptop,4,00,generic,generic,laptop_macbook_air_m4,"[""laptop_macbook_air_m4"", ""laptop_thinkpad_x1_carbon"", ""laptop_lg_gram_14""]","Balances price, brand preference, and travel needs.","The MacBook Air M1 is an excellent choice for business travel due to its ultralight design and all-day battery life. With a powerful Apple M4 processor, 16GB RAM, and Liquid Retina display, it handles everyday work and light creative tasks efficiently. Despite your budget being slightly lower than the product price, you prioritize quality over cost, making the MacBook Air's premium features worthwhile. Its robust macOS ecosystem and MagSafe charging are also travel-friendly. While storage is limited at 256GB, this model balances performance and portability well for frequent travelers who value Apple’s brand.",93,0
laptop_004_10,laptop,4,10,history,generic,laptop_macbook_air_m4,"[""laptop_macbook_air_m4"", ""laptop_thinkpad_x1_carbon"", ""laptop_hp_elitebook_845""]","Balances price, quality, and brand familiarity for frequent travelers.","The MacBook Air M1 is an excellent choice for business travel due to its ultralight design and all-day battery life. With a powerful Apple M4 processor, 16GB RAM, and Liquid Retina display, it handles everyday work and light creative tasks efficiently. Despite your budget being slightly lower than the product price, you prioritize quality over cost, making the MacBook Air's premium features worthwhile. Its robust macOS ecosystem and MagSafe charging are also travel-friendly. While storage is limited at 256GB, this model balances performance and portability well for frequent travelers who value Apple’s brand.",93,0
laptop_004_01,laptop,4,01,generic,history,laptop_macbook_air_m4,"[""laptop_macbook_air_m4"", ""laptop_thinkpad_x1_carbon"", ""laptop_lg_gram_14""]","Balances price, brand preference, and travel needs.","Given your high brand familiarity with Apple and moderate price sensitivity, the MacBook Air M1 is an excellent choice for business travel. It offers ultralight portability at just 1.24 kg, all-day battery life of up to 18 hours, and a robust 16GB RAM. Despite its base storage being only 256GB, it excels in handling everyday work and light creative tasks. With a strong conversion rate of 58.9% and an average satisfaction score of 3.53/5 among similar buyers, this laptop is well-regarded for its performance and convenience during travel.",88,0
laptop_004_11,laptop,4,11,history,history,laptop_macbook_air_m4,"[""laptop_macbook_air_m4"", ""laptop_thinkpad_x1_carbon"", ""laptop_hp_elitebook_845""]","Balances price, quality, and brand familiarity for frequent travelers.","Given your high brand familiarity with Apple and moderate price sensitivity, the MacBook Air M1 is an excellent choice for business travel. It offers ultralight portability at just 1.24 kg, all-day battery life of up to 18 hours, and a robust 16GB RAM. Despite its base storage being only 256GB, it excels in handling everyday work and light creative tasks. With a strong conversion rate of 58.9% and an average satisfaction score of 3.53/5 among similar buyers, this laptop is well-regarded for its performance and convenience during travel.",88,0
laptop_005_00,laptop,5,00,generic,generic,laptop_asus_zenbook_14,"[""laptop_asus_zenbook_14"", ""laptop_acer_swift_go_14""]",Balances price and quality; suitable for data analysis within budget.,"Given your high quality sensitivity and moderate price sensitivity, the ASUS ZenBook 14 is a strong choice despite being slightly over budget at $849. Its OLED display offers excellent visual performance for data analysis, while its lightweight design ensures portability. The Intel Core Ultra 5 processor and 16GB RAM provide solid performance, though it's not as powerful as higher-tier models. Consider this an investment in a high-quality screen and build, even if the specs aren't top-of-the-line.",76,0
laptop_005_10,laptop,5,10,history,generic,laptop_asus_zenbook_14,"[""laptop_asus_zenbook_14"", ""laptop_acer_swift_go_14""]",Balances price and quality for data analysis.,"Given your high quality sensitivity and moderate price sensitivity, the ASUS ZenBook 14 is a strong choice despite being slightly over budget at $849. Its OLED display offers excellent visual performance for data analysis, while its lightweight design ensures portability. The Intel Core Ultra 5 processor and 16GB RAM provide solid performance, though it's not as powerful as higher-tier models. Consider this an investment in a high-quality screen and build, even if the specs aren't top-of-the-line.",76,0
laptop_005_01,laptop,5,01,generic,history,laptop_asus_zenbook_14,"[""laptop_asus_zenbook_14"", ""laptop_acer_swift_go_14""]",Balances price and quality; suitable for data analysis within budget.,"Given your quality sensitivity and budget constraints, the ASUS ZenBook 14 offers remarkable value with its OLED display and lightweight design for under $900. Although it falls slightly above your budget at $849, it boasts a powerful Intel Core Ultra 5 processor, 16GB RAM, and Windows 11 Home OS. Buyers in similar budget segments have shown high satisfaction (3.76/5) despite its known weaknesses like tinny speakers and less powerful CPU compared to competitors. This model's impressive conversion rate of 58.7% among similar buyers indicates strong market acceptance.",87,0
laptop_005_11,laptop,5,11,history,history,laptop_asus_zenbook_14,"[""laptop_asus_zenbook_14"", ""laptop_acer_swift_go_14""]",Balances price and quality for data analysis.,"Given your quality sensitivity and budget constraints, the ASUS ZenBook 14 offers remarkable value with its OLED display and lightweight design for under $900. Although it falls slightly above your budget at $849, it boasts a powerful Intel Core Ultra 5 processor, 16GB RAM, and Windows 11 Home OS. Buyers in similar budget segments have shown high satisfaction (3.76/5) despite its known weaknesses like tinny speakers and less powerful CPU compared to competitors. This model's impressive conversion rate of 58.7% among similar buyers indicates strong market acceptance.",87,0
laptop_006_00,laptop,6,00,generic,generic,laptop_acer_swift_go_14,"[""laptop_asus_zenbook_14"", ""laptop_lg_gram_14"", ""laptop_system76_lemur""]",Balances price and quality well for student needs.,"The Acer Swift Go 14 is a great choice for budget-conscious students. At $699, it offers good value with 16GB RAM and a 512GB SSD, making it suitable for document work, spreadsheets, and web browsing. Its lightweight design (1.32 kg) ensures portability, though the display is somewhat dim and performance may lag under heavy use. Given your price sensitivity and familiarity with Acer, this laptop balances affordability and functionality well.",70,0
laptop_006_10,laptop,6,10,history,generic,laptop_acer_swift_go_14,"[""laptop_asus_zenbook_14"", ""laptop_hp_elitebook_845""]",Balances price and quality well; high conversion rate in budget segment.,"The Acer Swift Go 14 is a great choice for budget-conscious students. At $699, it offers good value with 16GB RAM and a 512GB SSD, making it suitable for document work, spreadsheets, and web browsing. Its lightweight design (1.32 kg) ensures portability, though the display is somewhat dim and performance may lag under heavy use. Given your price sensitivity and familiarity with Acer, this laptop balances affordability and functionality well.",70,0
laptop_006_01,laptop,6,01,generic,history,laptop_acer_swift_go_14,"[""laptop_asus_zenbook_14"", ""laptop_lg_gram_14"", ""laptop_system76_lemur""]",Balances price and quality well for student needs.,"The Acer Swift Go 14 is a budget-friendly option that balances performance and portability well for students. With a 16GB RAM and AMD Ryzen 5 processor, it handles basic tasks like document editing and web browsing smoothly. Its lightweight design (1.32 kg) makes it easy to carry around campus. Although the display could be brighter and it struggles with heavy workloads, its $699 price point offers good value for those sensitive to costs. Historical data shows a 52.1% conversion rate among similar budget buyers, indicating strong appeal in this segment despite an average satisfaction of 3.35/5.",96,0
laptop_006_11,laptop,6,11,history,history,laptop_acer_swift_go_14,"[""laptop_asus_zenbook_14"", ""laptop_hp_elitebook_845""]",Balances price and quality well; high conversion rate in budget segment.,"The Acer Swift Go 14 is a budget-friendly option that balances performance and portability well for students. With a 16GB RAM and AMD Ryzen 5 processor, it handles basic tasks like document editing and web browsing smoothly. Its lightweight design (1.32 kg) makes it easy to carry around campus. Although the display could be brighter and it struggles with heavy workloads, its $699 price point offers good value for those sensitive to costs. Historical data shows a 52.1% conversion rate among similar budget buyers, indicating strong appeal in this segment despite an average satisfaction of 3.35/5.",96,0
laptop_007_00,laptop,7,00,generic,generic,laptop_asus_zenbook_14,"[""laptop_asus_zenbook_14"", ""laptop_acer_swift_go_14""]",Balances price and quality best for data analysis.,"Given your price sensitivity and budget constraints, the ASUS ZenBook 14 offers remarkable value for under $900. Its OLED display provides excellent visual quality, which is beneficial for data analysis tasks. Despite its less powerful Intel Core Ultra 5 processor compared to higher-end models, it still delivers decent performance. The laptop's lightweight design and long battery life make it portable and convenient for daily use. While the speakers are weak and RAM cannot be upgraded, this model remains a solid choice within your budget constraints.",85,0
laptop_007_10,laptop,7,10,history,generic,laptop_asus_zenbook_14,"[""laptop_asus_zenbook_14"", ""laptop_macbook_air_m4"", ""laptop_hp_elitebook_845""]","Balances price, quality, and brand familiarity for data analysis.","Given your price sensitivity and budget constraints, the ASUS ZenBook 14 offers remarkable value for under $900. Its OLED display provides excellent visual quality, which is beneficial for data analysis tasks. Despite its less powerful Intel Core Ultra 5 processor compared to higher-end models, it still delivers decent performance. The laptop's lightweight design and long battery life make it portable and convenient for daily use. While the speakers are weak and RAM cannot be upgraded, this model remains a solid choice within your budget constraints.",85,0
laptop_007_01,laptop,7,01,generic,history,laptop_asus_zenbook_14,"[""laptop_asus_zenbook_14"", ""laptop_acer_swift_go_14""]",Balances price and quality best for data analysis.,"Given your price sensitivity and budget constraints, the ASUS ZenBook 14 offers remarkable value for under $900. It features an OLED display, lightweight design, and decent performance with a 16GB RAM and Intel Core Ultra 5 processor. While it has some limitations like weak speakers and no upgrade path, its high conversion rate (58.3%) and average satisfaction of 3.52/5 among similar buyers indicate good overall value for budget-conscious users focused on screen quality and portability.",75,0
laptop_007_11,laptop,7,11,history,history,laptop_asus_zenbook_14,"[""laptop_asus_zenbook_14"", ""laptop_macbook_air_m4"", ""laptop_hp_elitebook_845""]","Balances price, quality, and brand familiarity for data analysis.","Given your price sensitivity and budget constraints, the ASUS ZenBook 14 offers remarkable value for under $900. It features an OLED display, lightweight design, and decent performance with a 16GB RAM and Intel Core Ultra 5 processor. While it has some limitations like weak speakers and no upgrade path, its high conversion rate (58.3%) and average satisfaction of 3.52/5 among similar buyers indicate good overall value for budget-conscious users focused on screen quality and portability.",75,0
laptop_008_00,laptop,8,00,generic,generic,laptop_macbook_air_m4,"[""laptop_macbook_air_m4"", ""laptop_thinkpad_x1_carbon"", ""laptop_hp_elitebook_845""]","Balances price, quality, and brand familiarity for a student.","The MacBook Air M4 is an excellent choice for a student due to its lightweight design and long battery life, making it perfect for daily tasks like studying and light creative work. With 16GB of RAM and macOS, it offers smooth performance and a user-friendly interface. Although the base storage is limited at 256GB, it's still a strong option given your budget and brand preference for Apple.",67,1
laptop_008_10,laptop,8,10,history,generic,laptop_asus_zenbook_14,"[""laptop_macbook_air_m4"", ""laptop_hp_elitebook_845""]",Balances quality and budget; high satisfaction in segment.,"The ASUS ZenBook 14 is an excellent choice for a budget-conscious student who values quality and performance. With its OLED display, lightweight design, and Windows 11 Home OS, it offers remarkable value under $900. The Intel Core Ultra 5 processor provides decent performance, though it's less powerful than higher-tier options. Despite the weaker speakers, this laptop balances price and quality well for students prioritizing a great screen and portability over raw power.",72,1
laptop_008_01,laptop,8,01,generic,history,laptop_macbook_air_m4,"[""laptop_macbook_air_m4"", ""laptop_thinkpad_x1_carbon"", ""laptop_hp_elitebook_845""]","Balances price, quality, and brand familiarity for a student.","The MacBook Air M4 is an excellent choice for a student due to its lightweight design and all-day battery life, making it perfect for daily tasks and light creative work. With a high conversion rate of 58.9% and average satisfaction of 3.53/5 among similar buyers, this laptop has proven popular and reliable. Its powerful M4 chip and 16GB RAM handle everyday computing needs efficiently, while the Liquid Retina display offers vibrant visuals. Although it lacks HDR support and has limited storage (256GB), its strong performance in a budget-friendly price range ($1099) makes it an ideal fit for students who prioritize quality over heavy workload demands.",105,1
laptop_008_11,laptop,8,11,history,history,laptop_asus_zenbook_14,"[""laptop_macbook_air_m4"", ""laptop_hp_elitebook_845""]",Balances quality and budget; high satisfaction in segment.,"The ASUS ZenBook 14 is an excellent choice for a budget-conscious student who values quality and performance. With its OLED display, lightweight design, and decent battery life, it offers remarkable value under $900. Despite having a less powerful processor compared to competitors, the laptop still delivers solid performance and has a high conversion rate among similar buyers (63.7%). Buyers in your budget segment have also shown strong satisfaction with an average rating of 3.55/5.",74,1
laptop_009_00,laptop,9,00,generic,generic,laptop_asus_zenbook_14,"[""laptop_asus_zenbook_14"", ""laptop_hp_elitebook_845"", ""laptop_lg_gram_14""]",Balances quality and budget; OLED screen adds value.,"The ASUS ZenBook 14 is an excellent choice for a budget-conscious student who values quality and affordability. With its OLED display, lightweight design, and decent performance, it offers remarkable value under $900. The Intel Core Ultra 5 processor provides adequate power for daily tasks, while the 16GB RAM ensures smooth multitasking. Although the speakers are weak and there's no upgrade path for RAM, this laptop remains a solid option given your price sensitivity and brand familiarity with ASUS.",78,0
laptop_009_10,laptop,9,10,history,generic,laptop_asus_zenbook_14,"[""laptop_asus_zenbook_14"", ""laptop_hp_elitebook_845"", ""laptop_macbook_air_m4""]","Balances quality, budget, and brand familiarity well.","The ASUS ZenBook 14 is an excellent choice for a budget-conscious student who values quality and affordability. With its OLED display, lightweight design, and decent performance, it offers remarkable value under $900. The Intel Core Ultra 5 processor provides adequate power for daily tasks, while the 16GB RAM ensures smooth multitasking. Although the speakers are weak and there's no upgrade path for RAM, this laptop remains a solid option given your price sensitivity and brand familiarity with ASUS.",78,0
laptop_009_01,laptop,9,01,generic,history,laptop_asus_zenbook_14,"[""laptop_asus_zenbook_14"", ""laptop_hp_elitebook_845"", ""laptop_lg_gram_14""]",Balances quality and budget; OLED screen adds value.,"The ASUS ZenBook 14 is an excellent choice for a budget-conscious student like you. With its OLED display and lightweight design, it offers remarkable value under $900. Despite having a less powerful processor compared to competitors, the laptop still delivers decent performance and has a high conversion rate among similar buyers (63.7%). The average satisfaction rating of 3.55/5 indicates that most users find it satisfactory for everyday tasks. Given your price sensitivity and brand familiarity with ASUS, this laptop is a smart pick.",83,0
laptop_009_11,laptop,9,11,history,history,laptop_asus_zenbook_14,"[""laptop_asus_zenbook_14"", ""laptop_hp_elitebook_845"", ""laptop_macbook_air_m4""]","Balances quality, budget, and brand familiarity well.","The ASUS ZenBook 14 is an excellent choice for a budget-conscious student like you. With its OLED display and lightweight design, it offers remarkable value under $900. Despite having a less powerful processor compared to competitors, the laptop still delivers decent performance and has a high conversion rate among similar buyers (63.7%). The average satisfaction rating of 3.55/5 indicates that most users find it satisfactory for everyday tasks. Given your price sensitivity and brand familiarity with ASUS, this laptop is a smart pick.",83,0
phone_charger_000_00,phone_charger,0,00,generic,generic,charger_belkin_25w,"[""charger_belkin_25w"", ""charger_apple_35w_duo""]",Belkin offers best price and fast charging for phones within budget.,"The Belkin ultra-compact charger is an excellent choice for you due to its fast charging speed of up to 25W and PPS support, making it ideal for quickly powering your phone. Its small size and lightweight design make it perfect for travel or bedside use. Although it lacks GaN technology and has only one port, its affordable price point and strong brand recognition align well with your preferences and budget constraints.",71,1
phone_charger_000_10,phone_charger,0,10,history,generic,charger_anker_nano_67w,"[""charger_anker_nano_67w"", ""charger_belkin_25w"", ""charger_samsung_45w""]","Balances price, quality, and brand recognition for fast phone charging.","The Anker Nano 67W charger is an excellent choice for fast phone charging due to its high wattage and support for both USB-C and USB-A ports. Its compact foldable design makes it easy to carry around, and the GaN technology ensures efficient power delivery despite its small size. Although it can get warm under full load and doesn't include a cable, its performance and portability outweigh these minor drawbacks. Given your budget and quality preferences, this charger offers great value for fast charging needs.",84,1
phone_charger_000_01,phone_charger,0,01,generic,history,charger_belkin_25w,"[""charger_belkin_25w"", ""charger_apple_35w_duo""]",Belkin offers best price and fast charging for phones within budget.,"Given your preference for a fast phone charger and moderate price sensitivity, the Belkin ultra-compact USB-C charger is an excellent choice. It offers PPS support for efficient charging and its small size makes it easy to carry or use bedside. With a conversion rate of 50.4% and average satisfaction of 3.19/5 among similar buyers, many find this charger reliable despite its limitations in wattage and port count.",67,1
phone_charger_000_11,phone_charger,0,11,history,history,charger_anker_nano_67w,"[""charger_anker_nano_67w"", ""charger_belkin_25w"", ""charger_samsung_45w""]","Balances price, quality, and brand recognition for fast phone charging.","The Anker Nano 67W charger is an excellent choice for fast phone charging due to its compact design and high wattage output. With a conversion rate of 63.1% and an average satisfaction rating of 3.79/5, it's highly popular among similar budget-conscious buyers who value portability and performance. Despite getting warm under full load, users appreciate the fast-charging capabilities and its ability to fit in small spaces. The lack of a cable is minor compared to its benefits, making it a reliable option for those seeking efficient charging without breaking the bank.",91,1
phone_charger_001_00,phone_charger,1,00,generic,generic,charger_anker_nano_67w,"[""charger_anker_nano_67w"", ""charger_belkin_25w"", ""charger_voltix_65w""]","Anker balance of quality, brand recognition, and portability.","Given your travel needs and high quality sensitivity, the Anker Nano 67W charger is an excellent choice. Its compact foldable design makes it ideal for carrying in a pocket or bag, while its GaN technology ensures fast charging without adding bulk. Despite being slightly pricier than your budget allows, you'll appreciate its reliability and performance on trips. Plus, your familiarity with Anker adds comfort to the purchase.",67,1
phone_charger_001_10,phone_charger,1,10,history,generic,charger_voltix_65w,"[""charger_baseus_65w"", ""charger_belkin_25w"", ""charger_voltix_65w""]","Balances price, wattage for travel; acceptable brand familiarity.","Given your high quality sensitivity and price-conscious nature, the Voltix 65W charger is a solid choice for travel. It offers good wattage with GaN technology and PPS support at an affordable price point. The included cable adds convenience, though its plasticky build and tendency to run hot are drawbacks. While it's from a lesser-known brand, the low cost makes it worthwhile despite limited warranty support.",65,1
phone_charger_001_01,phone_charger,1,01,generic,history,charger_anker_nano_67w,"[""charger_anker_nano_67w"", ""charger_belkin_25w"", ""charger_voltix_65w""]","Anker balance of quality, brand recognition, and portability.","Given your travel needs and high quality sensitivity, the Anker Nano 67W charger is an excellent choice. It offers fast charging with two USB-C ports and one USB-A port, making it versatile for multiple devices. Its compact foldable design ensures easy portability without adding bulk to your luggage. Although it doesn't include a cable, its high conversion rate (63.1%) and average satisfaction score of 3.79/5 indicate that many travelers find it reliable and convenient despite the warm temperature under full load.",81,1
phone_charger_001_11,phone_charger,1,11,history,history,charger_voltix_65w,"[""charger_baseus_65w"", ""charger_belkin_25w"", ""charger_voltix_65w""]","Balances price, wattage for travel; acceptable brand familiarity.","Given your high quality sensitivity and price sensitivity, the Voltix 65W charger offers a balance between affordability and performance for travel needs. It includes both USB-C and USB-A ports with GaN technology and PPS support, making it versatile and efficient. While its build quality is noted as plasticky and it runs hot compared to name-brand alternatives, it still meets your wattage requirements at an attractive price point. With a 41.3% conversion rate among similar budget-conscious buyers and an average satisfaction of 2.77/5, many find this charger suitable for travel despite its limitations.",92,1
phone_charger_002_00,phone_charger,2,00,generic,generic,charger_apple_35w_duo,"[""charger_apple_35w_duo"", ""charger_samsung_45w"", ""charger_belkin_25w""]",Apple brand preference; adequate for fast phone charging.,"Given your preference for the Apple brand and moderate price sensitivity, the Apple 35W Dual USB-C Charger is a suitable choice. It offers a sleek, compact design that fits well with other Apple devices. Although it lacks PPS support and has limited wattage compared to its price point, its minimalist aesthetic and compatibility with Apple products make it a worthwhile option for those who prioritize brand consistency over cost efficiency.",70,1
phone_charger_002_10,phone_charger,2,10,history,generic,charger_samsung_45w,"[""charger_samsung_45w"", ""charger_belkin_25w"", ""charger_baseus_65w""]","Balances price, quality, and brand familiarity for fast phone charging.","Given your preference for the Samsung brand and moderate price sensitivity, the Samsung 45W charger is an excellent choice. It offers reliable full-speed charging for your Galaxy devices with PPS support. While it has only one port and lacks GaN technology, making it slightly bulkier than competitors, its compact design and included cable make it a simple and effective solution within your budget.",63,1
phone_charger_002_01,phone_charger,2,01,generic,history,charger_apple_35w_duo,"[""charger_apple_35w_duo"", ""charger_samsung_45w"", ""charger_belkin_25w""]",Apple brand preference; adequate for fast phone charging.,"Given your preference for the Apple brand and moderate price sensitivity, the Apple 35W Dual USB-C Charger is a suitable choice. Despite its higher price relative to wattage and lack of PPS support, it offers sleek design and reliable performance for Apple devices. Among similar budget-conscious buyers, this charger has a high conversion rate (57.7%) and average satisfaction rating (3.45/5), indicating good value for those who prioritize brand familiarity and minimalist aesthetics.",72,1
phone_charger_002_11,phone_charger,2,11,history,history,charger_samsung_45w,"[""charger_samsung_45w"", ""charger_belkin_25w"", ""charger_baseus_65w""]","Balances price, quality, and brand familiarity for fast phone charging.","Given your preference for the Samsung brand and moderate price sensitivity, the Samsung 45W charger is a reliable choice. It offers full-speed charging for Galaxy devices with PPS support and includes a cable. While it has only one port and lacks GaN technology, making it slightly bulkier than competitors, its official Samsung quality ensures compatibility and peace of mind. With a 51.4% conversion rate and an average satisfaction score of 3.40/5 among similar buyers, many find this charger satisfactory despite its dated design compared to newer technologies.",87,1
phone_charger_003_00,phone_charger,3,00,generic,generic,charger_anker_prime_100w,"[""charger_anker_prime_100w"", ""charger_baseus_65w"", ""charger_voltix_65w""]","Balances power, brand recognition, and multi-device support.","Given your preference for multi-device charging and the need to power both a laptop and smartphone simultaneously, the Anker Prime 100W charger is an excellent choice despite its higher price point. Its GaN technology ensures compactness while delivering high wattage efficiently. Although it's heavier than some alternatives, its build quality and versatility make it worth considering over less powerful options from more familiar brands like Apple or Belkin.",68,0
phone_charger_003_10,phone_charger,3,10,history,generic,charger_anker_prime_100w,"[""charger_anker_prime_100w"", ""charger_baseus_65w"", ""charger_samsung_45w""]","Balances quality, brand recognition, and multi-device charging needs.","Given your preference for multi-device charging and the need to power both a laptop and smartphone simultaneously, the Anker Prime 100W charger is an excellent choice despite its higher price point. Its GaN technology ensures compactness while delivering high wattage efficiently. Although it's heavier than some alternatives, its build quality and versatility make it worth considering over less powerful options from more familiar brands like Apple or Belkin.",68,0
phone_charger_003_01,phone_charger,3,01,generic,history,charger_anker_prime_100w,"[""charger_anker_prime_100w"", ""charger_baseus_65w"", ""charger_voltix_65w""]","Balances power, brand recognition, and multi-device support.","Given your preference for quality over price and interest in multi-device charging, the Anker Prime 100W charger is an excellent choice. It supports both USB-C and USB-A ports, making it versatile for laptops and smartphones. Although it's pricier than alternatives, its high build quality and efficient GaN technology make it popular among buyers who prioritize performance. Among similar budget-conscious consumers, this charger has a 61% conversion rate and an average satisfaction of 3.62/5, indicating strong reliability and user approval despite its premium price point.",84,0
phone_charger_003_11,phone_charger,3,11,history,history,charger_anker_prime_100w,"[""charger_anker_prime_100w"", ""charger_baseus_65w"", ""charger_samsung_45w""]","Balances quality, brand recognition, and multi-device charging needs.","Given your preference for quality over price and interest in multi-device charging, the Anker Prime 100W charger is an excellent choice. It supports both USB-C and USB-A ports, making it versatile for laptops and smartphones. Although it's pricier than alternatives, its high build quality and efficient GaN technology make it popular among buyers who prioritize performance. Among similar budget-conscious consumers, this charger has a 61% conversion rate and an average satisfaction of 3.62/5, indicating strong reliability and user approval despite its premium price point.",84,0
phone_charger_004_00,phone_charger,4,00,generic,generic,charger_voltix_65w,"[""charger_baseus_65w"", ""charger_voltix_65w""]",Balances price and multi-device support; acceptable quality despite brand unfamiliarity.,"Given your price sensitivity and budget constraints, the Voltix 65W charger is an excellent choice. It offers good wattage at a competitive price with included cable, making it convenient for multiple devices. Though its build quality may feel plasticky and it runs hotter than premium options, it still provides reliable performance within your budget limits.",55,0
phone_charger_004_10,phone_charger,4,10,history,generic,charger_voltix_65w,"[""charger_baseus_65w"", ""charger_samsung_45w"", ""charger_voltix_65w""]","Balances price, wattage for multi-device use, and meets quality expectations.","Given your price sensitivity and budget constraints, the Voltix 65W charger is an excellent choice. It offers good wattage at a competitive price with included cable, making it convenient for multiple devices. Though its build quality may feel plasticky and it runs hotter than premium options, it still provides reliable performance within your budget limits.",55,0
phone_charger_004_01,phone_charger,4,01,generic,history,charger_voltix_65w,"[""charger_baseus_65w"", ""charger_voltix_65w""]",Balances price and multi-device support; acceptable quality despite brand unfamiliarity.,"Given your price sensitivity and budget constraints, the Voltix 65W charger is a cost-effective option. It offers good wattage with both USB-C and USB-A ports, and includes a cable. While it has a plasticky build and runs hot, its low price point makes it appealing for occasional use or travel. With a conversion rate of 37.9% and a satisfaction score of 2.55/5 among similar buyers, many find it satisfactory despite the trade-offs in quality and brand recognition.",77,0
phone_charger_004_11,phone_charger,4,11,history,history,charger_voltix_65w,"[""charger_baseus_65w"", ""charger_samsung_45w"", ""charger_voltix_65w""]","Balances price, wattage for multi-device use, and meets quality expectations.","Given your price sensitivity and budget constraints, the Voltix 65W charger is a cost-effective option. It offers good wattage with both USB-C and USB-A ports, and includes a cable. While it has a plasticky build and runs hot, its low price point makes it appealing for occasional use or travel. With a conversion rate of 37.9% and a satisfaction score of 2.55/5 among similar buyers, many find it satisfactory despite the trade-offs in quality and brand recognition.",77,0
phone_charger_005_00,phone_charger,5,00,generic,generic,charger_voltix_65w,"[""charger_voltix_65w"", ""charger_baseus_65w""]",Lowest price with GaN tech; meets fast phone charging needs.,"Given your budget constraints and low price sensitivity, the Voltix 65W charger is an excellent choice. It offers fast charging with a single USB-C port for your phone needs, includes a cable, and supports GaN technology for efficiency. While it may feel less sturdy than higher-end chargers, its affordability makes it a practical option within your budget limits.",58,0
phone_charger_005_10,phone_charger,5,10,history,generic,charger_voltix_65w,"[""charger_baseus_65w"", ""charger_voltix_65w"", ""charger_belkin_25w""]","Balances price, wattage for fast phone charging, and brand recognition.","Given your budget constraints and low price sensitivity, the Voltix 65W charger is an excellent choice. It offers fast charging with a single USB-C port for your phone needs, includes a cable, and supports GaN technology for efficiency. While it may feel less sturdy than higher-end chargers, its affordability makes it a practical option within your budget limits.",58,0
phone_charger_005_01,phone_charger,5,01,generic,history,charger_voltix_65w,"[""charger_voltix_65w"", ""charger_baseus_65w""]",Lowest price with GaN tech; meets fast phone charging needs.,"Given your price sensitivity and budget constraints, the Voltix 65W charger is a cost-effective option. It offers good wattage with GaN technology and PPS support for fast charging, plus it includes a cable. While its build quality may feel cheap and it runs hotter than name-brand alternatives, it still meets basic needs at an affordable price point. Many buyers in your budget range have found it satisfactory despite the higher return rate.",72,0
phone_charger_005_11,phone_charger,5,11,history,history,charger_voltix_65w,"[""charger_baseus_65w"", ""charger_voltix_65w"", ""charger_belkin_25w""]","Balances price, wattage for fast phone charging, and brand recognition.","Given your price sensitivity and budget constraints, the Voltix 65W charger is a cost-effective option. It offers good wattage with GaN technology and PPS support for fast charging, plus it includes a cable. While its build quality may feel cheap and it runs hotter than name-brand alternatives, it still meets basic needs at an affordable price point. Many buyers in your budget range have found it satisfactory despite the higher return rate.",72,0
phone_charger_006_00,phone_charger,6,00,generic,generic,charger_anker_nano_67w,"[""charger_anker_nano_67w"", ""charger_samsung_45w"", ""charger_belkin_25w""]","Balances quality, brand recognition, and travel-friendliness within budget.","The Anker Nano 67W charger is an excellent choice for your travel needs due to its compact and foldable design, making it easy to carry in a pocket or bag. Despite being price-sensitive, you can appreciate the high-quality GaN technology that supports fast charging across two USB-C ports and one slower USB-A port. While it may get warm under full load and doesn't include a cable, its $35.99 price point offers good value for its performance and brand recognition.",79,0
phone_charger_006_10,phone_charger,6,10,history,generic,charger_anker_nano_67w,"[""charger_anker_nano_67w"", ""charger_samsung_45w"", ""charger_belkin_25w""]","Balances quality, brand familiarity, and price for travel.","The Anker Nano 67W charger is an excellent choice for your travel needs due to its compact and foldable design, making it easy to carry in a pocket or bag. Despite being price-sensitive, you can appreciate the high-quality GaN technology that supports fast charging across two USB-C ports and one slower USB-A port. While it may get warm under full load and doesn't include a cable, its $35.99 price point offers good value for its performance and convenience on the go.",81,0
phone_charger_006_01,phone_charger,6,01,generic,history,charger_anker_nano_67w,"[""charger_anker_nano_67w"", ""charger_samsung_45w"", ""charger_belkin_25w""]","Balances quality, brand recognition, and travel-friendliness within budget.","The Anker Nano 67W charger is an excellent choice for your travel needs due to its compact foldable design and high efficiency with GaN technology. It offers fast charging through two USB-C ports and one slower USB-A port, making it versatile for multiple devices. While some users note that it can get warm under full load and doesn't include a cable, the 74.5% conversion rate among similar budget buyers and an average satisfaction of 4.01/5 indicate high user approval. Given your quality sensitivity and brand familiarity with Anker, this charger is well-suited for you.",94,0
phone_charger_006_11,phone_charger,6,11,history,history,charger_anker_nano_67w,"[""charger_anker_nano_67w"", ""charger_samsung_45w"", ""charger_belkin_25w""]","Balances quality, brand familiarity, and price for travel.","The Anker Nano 67W charger is an excellent choice for your travel needs due to its compact foldable design and high efficiency with GaN technology. It offers fast charging through two USB-C ports and one slower USB-A port, making it versatile for multiple devices. While some users note that it can get warm under full load and doesn't include a cable, the 74.5% conversion rate among similar budget buyers and an average satisfaction of 4.01/5 indicate high user approval. Given your quality sensitivity and brand familiarity with Anker, this charger is well-suited for you.",94,0
phone_charger_007_00,phone_charger,7,00,generic,generic,charger_samsung_45w,"[""charger_apple_35w_duo"", ""charger_baseus_65w""]",Balances price and quality; includes cable; single port suffices for travel.,"Given your travel needs and budget flexibility, the Samsung 45W charger is a reliable choice. It supports PPS for fast charging of Galaxy devices and includes a cable. While it has only one port and lacks GaN technology, making it slightly bulkier, its compact design still fits well in travel kits. The familiar Samsung brand adds trustworthiness despite your moderate price sensitivity.",62,1
phone_charger_007_10,phone_charger,7,10,history,generic,charger_baseus_65w,"[""charger_baseus_65w"", ""charger_samsung_45w"", ""charger_voltix_65w""]","Balances price, quality, and brand recognition well for travel.","The Baseus 65W charger is an excellent choice for your travel needs due to its compact and foldable design, making it easy to carry in a bag or suitcase. Despite being budget-friendly at $25.99, it offers high-quality GaN technology and supports PPS, ensuring fast charging for USB-C devices. While some users report minor issues with certain laptops, the overall value is hard to beat given your price sensitivity. The included 6% savings also makes this a smart purchase within your budget constraints.",82,1
phone_charger_007_01,phone_charger,7,01,generic,history,charger_samsung_45w,"[""charger_apple_35w_duo"", ""charger_baseus_65w""]",Balances price and quality; includes cable; single port suffices for travel.,"Given your budget and price sensitivity, the Samsung 45W charger is a solid choice. It offers reliable performance with PPS support for fast charging your Galaxy devices. While it has only one port and lacks GaN technology, making it slightly bulkier, its official Samsung branding and compatibility are appealing. With a conversion rate of 51.4% and an average satisfaction score of 3.40/5 among similar buyers, many find this charger satisfactory for travel use despite its dated design.",77,1
phone_charger_007_11,phone_charger,7,11,history,history,charger_baseus_65w,"[""charger_baseus_65w"", ""charger_samsung_45w"", ""charger_voltix_65w""]","Balances price, quality, and brand recognition well for travel.","The Baseus 65W charger is a compact and lightweight option that fits well for travel needs. With its foldable design and GaN technology, it offers efficient charging at an affordable price point within your budget. Although some users report minor issues with certain laptops, the overall satisfaction rate among similar buyers is decent, making it a practical choice given your moderate price sensitivity and brand familiarity level with Baseus.",69,1
phone_charger_008_00,phone_charger,8,00,generic,generic,charger_anker_nano_67w,"[""charger_anker_nano_67w"", ""charger_baseus_65w"", ""charger_belkin_25w""]","Balances quality, brand recognition, and travel-friendliness within budget.","The Anker Nano 67W charger is an excellent choice for your travel needs due to its compact and foldable design, making it easy to carry in a pocket or bag. Despite being lightweight at just 113 grams, it supports both USB-C and USB-A ports with GaN technology for fast charging. Although it can get warm under full load and doesn't include a cable, the price is within your budget and aligns well with your quality sensitivity preferences.",77,1
phone_charger_008_10,phone_charger,8,10,history,generic,charger_baseus_65w,"[""charger_baseus_65w"", ""charger_anker_nano_67w"", ""charger_samsung_45w""]","Balances price, quality, and brand recognition well for travel.","The Baseus 65W charger is an excellent choice for your travel needs due to its compact and foldable design, making it easy to carry in a bag or suitcase. Despite your lower familiarity with the Baseus brand compared to others like Anker or Apple, this charger offers aggressive value with GaN technology at a budget-friendly price of $25.99. Its 65W output supports both USB-C and USB-A ports, ensuring versatile charging for various devices. While some users report occasional issues with fast-charging negotiation on certain laptops and a faint coil whine, the overall satisfaction is high, making it a solid option within your budget constraints.",104,1
phone_charger_008_01,phone_charger,8,01,generic,history,charger_anker_nano_67w,"[""charger_anker_nano_67w"", ""charger_baseus_65w"", ""charger_belkin_25w""]","Balances quality, brand recognition, and travel-friendliness within budget.","The Anker Nano 67W charger is an excellent choice for your travel needs due to its compact foldable design and high efficiency with GaN technology. It offers fast charging through two USB-C ports and one slower USB-A port, making it versatile for multiple devices. While some users note that it can get warm under full load and doesn't include a cable, the 74.5% conversion rate among similar budget buyers and an average satisfaction of 4.01/5 indicate high user approval. Given your quality sensitivity and brand familiarity with Anker, this charger is well-suited for you.",94,1
phone_charger_008_11,phone_charger,8,11,history,history,charger_baseus_65w,"[""charger_baseus_65w"", ""charger_anker_nano_67w"", ""charger_samsung_45w""]","Balances price, quality, and brand recognition well for travel.","The Baseus 65W charger is a compact and lightweight option that fits well for travel needs. Despite its lower brand familiarity score, it offers high wattage with GaN technology at an affordable price point within your budget. Historical data shows a strong conversion rate of 47.3%, with buyers in similar budget segments showing even higher satisfaction (52.9% conversion rate). While some users report minor issues like inconsistent charging and coil whine, the overall value proposition is compelling for those prioritizing portability and cost efficiency.",84,1
phone_charger_009_00,phone_charger,9,00,generic,generic,charger_baseus_65w,"[""charger_baseus_65w"", ""charger_voltix_65w""]",Balances price and quality well; meets multi-device needs.,"Given your high quality sensitivity and moderate price sensitivity, the Baseus 65W charger is a strong choice despite its lower brand familiarity. It offers aggressive value with GaN technology for compact size and efficiency, supporting both USB-C and USB-A ports. While some users report minor issues like inconsistent fast-charging with certain laptops and faint coil whine, it remains a reliable option within your budget.",64,0
phone_charger_009_10,phone_charger,9,10,history,generic,charger_baseus_65w,"[""charger_baseus_65w"", ""charger_voltix_65w""]","Balances quality and price, meets multi-device needs.","Given your high quality sensitivity and moderate price sensitivity, the Baseus 65W charger is a strong choice despite its lower brand familiarity. It offers aggressive value with GaN technology for compact size and efficiency, supporting both USB-C and USB-A ports. While some users report minor issues like inconsistent fast-charging with certain laptops and faint coil whine, it remains a reliable option within your budget.",64,0
phone_charger_009_01,phone_charger,9,01,generic,history,charger_baseus_65w,"[""charger_baseus_65w"", ""charger_voltix_65w""]",Balances price and quality well; meets multi-device needs.,"Given your high quality sensitivity and moderate price sensitivity, the Baseus 65W charger is a strong choice. It offers robust performance with GaN technology and PPS support for fast charging across multiple devices. Though it lacks an included cable, its compact design and lightweight make it convenient to carry. Historical data shows that buyers in your budget range are satisfied, with an average rating of 3.31/5 despite a 23.7% return rate due to occasional compatibility issues. This charger strikes a balance between quality and cost, making it a reliable option for multi-device charging needs.",94,0
phone_charger_009_11,phone_charger,9,11,history,history,charger_baseus_65w,"[""charger_baseus_65w"", ""charger_voltix_65w""]","Balances quality and price, meets multi-device needs.","Given your high quality sensitivity and moderate price sensitivity, the Baseus 65W charger is a strong choice. It offers robust performance with GaN technology and PPS support for fast charging across multiple devices. Though it lacks an included cable, its compact design and lightweight make it convenient to carry. Historical data shows that buyers in your budget range are satisfied, with an average rating of 3.31/5 despite a 23.7% return rate due to occasional compatibility issues. This charger strikes a balance between quality and cost, making it a reliable option for multi-device charging needs.",94,0
