asin,title,brand,price,average_rating,rating_count,features,description,popularity_rank,category,price_tier,popularity_tier,store,categories
B0CC2FVRJW,"Xiaomi Redmi Watch 3 Active Smart Watch Fitness Tracker with 100 Sport Modes, Blood Oxygen Heart Rate Sleep Monitor, Bluetooth Phone Call Watch for iPhone Android, Black",Xiaomi,69.99,4.5,83594,"Ultra-large 1.83"" display - Easier to view: The brand-new ultra-large and iridescent 1.83"" display features rich colours, clear display and stunning vision, allowing you to view everything at a glance from the message notification to workout data. The 2.5D curved high-strength glass allows for a more elegant appearance and better wear resistance. | 200+ watch faces - Change at your will: More than 200 watch faces allow you to change themes at your will. It is easy to show your unique personality at the raise of your hand. Classic rectangle shaped case - Metallic finish middle frame: The classic and simple rectangle watch case features an NCVM-processed body, with a metallic finish that enhances its exquisite appearance. Its dual-colour (tarnish and silver) look also shows your good taste. | Bluetooth voice calls - Easy and convenient: Connect your watch to your smartphone via Bluetooth. Phone calls can be answered on the watch with only a tap. Whether you are working or doing exercise, you can raise your hand to answer phone calls in a cooler and more convenient way. | 100+ fitness modes - More professional and free to practise: Redmi Watch 3 Active smart watch offers you more than 100 sport modes, including 10 professional sports modes*. The built-in sensors and professional sports algorithms can monitor and analyse your body when you do your favourite sports, showing your efforts at a glance. | 5 ATM water resistance - Enjoy the splash: Whether enjoy cool splashes in shallow water or snorkelling, you can wear your watch all the time. 5 ATM water resistance rating*, making daily wear more worry-free. | Blood oxygen saturation detection - Know more about your physical condition: The professional optical oximetry sensor detects your blood oxygen saturation and alert you at a low blood oxygen level, paying constant attention to your health. | All-day heart rate monitor - Stay alert to changes in your heart rate: It can monitor your heart rate 24/7, so you can view the changes at a glance. The alerts will be sent when your heart rate is high, guarding your health around the clock. | Scientific sleep monitoring - Master your sleep: Redmi Watch 3 Active smart watch can accurately record your sleep duration and condition by continuously monitoring your blood oxygen and heart rate at different stages such as deep sleep and light sleep, and provide you with sleep improvement suggestions according to the monitoring data to optimize your sleep quality. | Magnetic charging - 12-day extra-long battery life: Gently place the watch close to the charger and it will be automatically adsorbed for charging. The combination of low power consumption hardware and software provides up to 12 days of battery life*, so you don't need to worry about battery life",,1,smartwatches,midrange,bestseller,,
B07K3HLMTF,Apple Watch Series 3 [GPS 38mm] Smart Watch w/Space Gray Aluminum Case & Black Sport Band,Apple,169.0,4.8,64087,GPS | Optical heart sensor | Water resistance 50 meters | swimproof | Retina display | watchOS,"Apple Watch Series 3 features a GPS, optical heart sensor, and the ability to do more in an Icons-free environment.",2,,premium,bestseller,Apple,"['Cell Phones & Accessories', 'Wearable Technology', 'Smartwatches']"
B09HG8L5HQ,Apple Watch Series 7 [GPS + Cellular 45mm] Smart Watch w/Graphite Stainless Steel Case with Midnight Sport Band,Apple,499.0,4.8,52130,Always-On Retina display | Blood oxygen | ECG | GPS + Cellular | Water resistant,"The larger display enhances the entire experience, making Apple Watch easier and more intuitive to use.",3,,premium,bestseller,Apple,"['Cell Phones & Accessories', 'Wearable Technology', 'Smartwatches']"
B08MVYQTRR,"AGPTEK Smart Watch for Women, Smartwatch for Android and iOS Phones IP68 Waterproof Activity Tracker with Full Touch Color Screen Heart Rate Monitor Pedometer Sleep Monitor, Pink",AGPTEK,44.99,4.2,50643,"【Your Watch, Your Style】1.3""/33mm touch screen covered with rose gold metal frame, so elegant and nice, but sturdy and anti-scratch. The smart watch contains 5 dials readily available to choose from along with another 30 more dials within the app. You can also customize your watch faces. It can be any photo, such as your family, pet ,etc. NOTE: When there is a software update prompt on the APP, it is recommended to upgrade to the latest software version for a better experience! | 【Your Personal Smart Assistant】Activity tracker (pedometer, calories, distance), heart rate, various sport modes, sleep monitoring.,etc. Get notifications of Call, SMS, and APP messages(THE WATCH CAN NOT MAKE MESSAGES, CALLS or TEXT BACK, Bluetooth distance 8-10 meters), remote control of music and cameras, weather report, sedentary reminder, alarm clock, stopwatch, find phone, call rejection, brightness adjustment, power-saving mode, and other functions to meet your daily needs. | 【Long Battery & IP68 Waterproof】The smartwatch only takes 2 hours to charge and can be used for 7-10 days or 30 days standby time, much longer than most traditional watches. The fitness watch is IP68 waterproof, you can wear it when washing hands, in the rain(Note: Do Not use in water more than 100. 40℉, such as showers, saunas, spring, etc). | 【Safe Guard Your Health】Advanced HR sensor for accurate and effective heart rate monitoring, helping you better understand your health and making a reasonable adjustment to your lifestyle. Automatic sleep tracking can monitor your sleep status (deep sleep, shallow sleep, awakening) and provide a comprehensive sleep quality analysis to help become healthier. You can view the summary of your status in the fitcloudpro APP. | 【Overtake Your Expectations】The AGPTEK smart watch is compatible with most iOS 9.0 & Android 5.0 or higher smart phones version to notify you of call, text, email, calendar, and app notifications(NOTE: Bluetooth connection is 8-10m). The package includes:AGPTEK Smart Watch*1, Watch Strap*1, Magnetic Charger*1,User Manual*1. If your have any problem, please feel free to contact our customer service via your amazon account.",,4,smartwatches,midrange,bestseller,,
B09HDDSVJG,Apple Watch Series 3 [GPS 38mm] Smart Watch w/Silver Aluminum Case & White Sport Band,Apple,169.0,4.8,47881,GPS | Optical heart sensor | Water resistance 50 meters | Retina display | watchOS,"Apple Watch Series 3 features GPS, an optical heart sensor, and water resistance.",5,,premium,bestseller,Apple,"['Cell Phones & Accessories', 'Wearable Technology', 'Smartwatches']"
B0B3RRWSF6,"Fire-Boltt Phoenix Smart Watch with Bluetooth Calling 1.3"",120+ Sports Modes, 240*240 PX High Res with SpO2, Heart Rate Monitoring & IP67 Rating",Fire-Boltt,28.99,4.2,45970,"Fire-Boltt is India' No 1 Wearable Watch Brand Q122 by IDC Worldwide quarterly wearable device tracker Q122.【Bluetooth Calling Watch】- Fire-Boltt Phoenix enables you to make and receive calls directly from your watch via the built-in speaker and microphone. This smartwatch features a dial pad, option to access recent calls & sync your phone’s contacts.;【High Resolution Display】- Comes with a 1.3"" TFT Color Full Touch Screen and a 240*240 Pixel High Resolution this watch is covered to flaunt the sleek and stylish look always. | 【120+ Sports Modes】- Track each activity effectively with this smartwatch & activity tracker. Track your calories, steps and much more while you are on your fitness journey. This fitness tracker has it all;【In Built Mic & Speaker】- Get HD calling experience with this power-packed watch. Enhance the look of your wrist with attractive colors and sleek finish | 【Smart Health】- With the latest HRS3300 technology track your heart rate anytime of the day or even while you perform some activity. The optical sensors assure results so accurate. Monitor your blood oxygen levels to stay fit and healthy;【Smartphone Notifications】- Get all your mobile phone notifications on this 1.3"" Round Display Full touch smartwatch and never be late for a meeting, party or date. | 【Gaming On Wrist】- Enjoy playing games on the wrist itself as you are on the go. 【Breathe Function】- Ensure your breathing exercise is fit and healthy with the breathing function.; 【Multiple Watch Faces】- Over 100 Cloud based watch faces to choose from and match your outfit and look each day everyday | Included Components: 1 Smartwatch, 1 Manual, 1 Magnetic Charger, 1 Warranty Card; Band Color: Black; Band Material Type: Silicone; Color Name: Black; Human Interface Input: Buttons touch Screen; Case Material Type: Stainless Steel; Clasp Type: Tang Buckle; Compatible Devices: Smartphone tablet iphone android, **Disclaimer** The charging USB needs to be connected to a 4.7V to 5V adapter only for best battery backup",,6,smartwatches,budget,mainstream,,
B0BF57RN3K,"Fire-Boltt Ninja Call Pro Plus 1.83"" Smart Watch with Bluetooth Calling, AI Voice Assistance, 100 Sports Modes IP67 Rating, 240*280 Pixel High Resolution",Fire-Boltt,29.99,4.2,26912,"Fire-Boltt is India' No 1 Wearable Watch Brand Q122 by IDC Worldwide quarterly wearable device tracker Q122.【Bluetooth Calling Watch】- Fire-Boltt Ninja Call Pro Plus Smartwatch enables you to make and receive calls directly from your watch via the built-in speaker and microphone. This smartwatch features a dial pad, option to access recent calls & sync your phone’s contacts. | 【1.83"" HD Display Smart Watch】- The 46.48mm (1.83-inch) HD display makes the display clear and true-to-life, with vivid colours ensuring smooth readability and keeping the watch as exquisite to look at as when you first lay your eyes on it. | 【AI Voice Assistant】- With built-in Voice assistant, you can simply speak to the smartwatch & get things done on your command | 【100 Sport Modes】- Track every trek you take or every football, cricket kabaddi match you play. With over 100 sports modes Fire-Boltt Ninja Call Pro Plus has you covered. | 【Fire-Boltt Health Suite】- With advanced technology and HRS chipset the smartwatch can give out near to accurate SpO2, Heart Rate readings. This mini health device tracks your sleep to ensure glowing and fresh look each day",,7,smartwatches,budget,mainstream,,
B0BLD1HN66,"SAMSUNG Galaxy Watch 4 44mm Smartwatch with ECG Monitor Tracker for Health, Fitness, Running, Sleep Cycles, GPS Fall Detection, LTE, US Version, Silver",SAMSUNG,207.74,4.6,25548,"BODY COMPOSITION ANALYSIS: Galaxy Watch4 is the first smartwatch to off body composition data right on your wrist, On your own schedule, now you can get readings on body fat, skeletal muscle, body water, basal metabolic rate, and Body Mass Index.Supported Application:Fitness Tracker,GPS,Sleep Monitor. Connectivity technology:Bluetooth,Cellular GPS. Wireless comm standard:Bluetooth | BETTER SLEEP STARTS HERE: Wake up feeling refreshed and recharged with advanced sleep tracking; When you go to bed, your Galaxy Watch4 sleep tracker starts monitoring your sleep and SpO2 levels continuously | BE SMART ABOUT YOUR HEART: Take care of your heart with accurate ECG monitoring and keep an eye on possible atrial fibrillation, a common form of irregular heart rhythm; Share personalized readings with your doctor using the Samsung Health Monitor app on your compatible Galaxy phone | MAKE EVERY WORKOUT COUNT: Get the most out of every exercise session with advanced workout tracking that recognizes 6 popular activities, from running to rowing to swimming, automatically in just 3 minutes; Stay motivated by connecting to live coaching sessions via your smartphone or to dynamic Group Challenges with your friends | GO THE EXTRA MILE: Improve your runs with advanced running coaching technology; VO2 Max readings assess your oxygen levels to manage and track your heart and lung endurance | EXTENSION OF YOUR PHONE: Put the phone features you need right on your wrist and stay connected to calls, texts, notifications, and music streaming, all accessible with a simple tap | GOOGLE ON YOUR WRIST: Tap into the power and convenience of select Google services and apps right from your wrist; Pay for coffee; Get directions to the park; Use Bixby or Google Assistant for help on almost any topic; Stream your favorite tunes on YouTube","Crush workouts and all your health goals with Samsung Galaxy Watch4, the smartwatch that gets you. Push yourself to the next level with Auto Workout Tracking, Advanced Run Coaching, and Group Challenges.***** Track heart and lung endurance with oxygen level monitoring.****** Combining style and function, Galaxy Watch4 offers a number of fashionable bands to match your every mood and all day comfort to keep you looking great from the locker room to the conference room. Staying on top of your day ",8,smartwatches,premium,mainstream,,
B09S17DYG2,"Garmin 010-02064-00 Instinct, Rugged Outdoor Watch with GPS, Features Glonass and Galileo, Heart Rate Monitoring and 3-Axis Compass, Graphite",Garmin,165.1,4.7,22466,"Rugged GPS watch built to withstand the toughest environments.Supported Application:Phone. . Wireless comm standard:Bluetooth | Constructed to U.S. Military standard 810G for thermal, shock and water resistance (rated to 100 meters) | Built in 3 axis compass and barometric altimeter, plus multiple global navigation satellite systems (GPS, Glonass and Galileo) support helps track in more challenging environments than GPS alone | Monitor your estimated heart rate, activity and stress; Train with preloaded activity profiles. Strap material: Silicone | Stay connected with smart notifications (with a compatible smartphone) and automatic data uploads to the Garmin connect online fitness community | Use the trackback feature to navigate the same route back to your starting point; Use the Garmin explore website and app to plan your trips in advance | Battery life: Up to 14 days in smartwatch mode, up to 16 hours in GPS mode, up to 40 hours in Ultratrac battery saver mode","When you can rely on Instinct, the world can rely on you. This rugged, reliable outdoor GPS watch is built for the U. S. Military standard 810G for thermal, shock and water resistance (Rated to 100 meters). The fiber-reinforced polymer case adds strength and durability, and the chemically-strengthened, scratch-resistant display is high-contrast enough to read in bright sunlight, so you can take it with you into the extremes you face every day. Plus, the fully vented silicone bands include two in",9,smartwatches,premium,mainstream,,
B0BFZNDMFC,"Motast Smart Watch 2022 Watches for Women, Fitness Tracker 1.69"" Touch Screen Smartwatch Fitness Watch Heart Rate Monitor, IP68 Waterproof Pedometer Activity Tracker Sleep Monitor for Android iPhone",Motast,39.99,3.9,20524,"Multifunction: This smart watch includes more practical functions, Fitness Tracker (Pedometer, Calories, Distance), GPS tracking, Heart Rate Monitor, Blood Pressure Monitor, 24 Sports Modes, IP68 Waterproof, Sleep Monitor, Blood Oxygen Monitor, Call Notifications, SMS and APP Messages (WhatsAPP, Facebook, Messenger, Instagram...), Music & Camera Control, Brightness Adjustment, Weather Display, Sedentary Reminder, Gmail, Alarm Clock, Stopwatch, Find Phone, Find watch. | 1.69"" Full touch screen smart watches for women: This womens watches features a 1.69 inch TFT color display, makes it clear and intuitive to understand your health and sports data. Strong and durable 2.5D glass makes your smartwatch much more scratch-resistant. With 4 levels of brightness, you can also adjust the brightness to see the display clearly. There are multiple watch faces to choose from, you can also customize the dial to show your personality. | Heart Rate Monitor and Sleep Tracker: Heart rate monitor and blood pressure and blood oxygen monitor can help you better understand your health and make reasonable adjustment on your life-style. Fitness tracker watch also monitor sleep and provides comprehensive analysis of your sleep, accurately recording the deep sleep and light sleep time per night and reminding you to adjust your sleep habits. (NOTE: the data cannot be used as a medical-grade test.) | 24 Sports Modes and Activity Tracker: This womens smart watches ​has 24 sports modes (walking, running, cycling, swimming, skipping, yoga, basketball, football, etc). The sport watch accurately records all-day activities such as steps, calories burned, distances, active minutes. The GPS can track all your workout routes, distances, and physical status during exercise, optimize workouts and detect health trends, inspiring you to improve your health and fitness goals. | IP68 Waterproof fitness smartwatch and 5 Days Battery Life: smart watches is designed with IP68 waterproof rating, you can wear it on many occasions without worries, like exercise, wash hands, play in the rain, etc. Large capacity and low power consumption design offers longer endurance.It support 5 days of normal use and 15 days standby time. (Note: Do Not use in water more than 38 °C, such as showers, saunas, spring, etc).",,10,smartwatches,budget,mainstream,,
B092JKFZPH,"KALINCO Smart Watch, Fitness Tracker with Heart Rate Monitor, Blood Pressure, Blood Oxygen Tracking, 1.4 Inch Touch Screen Smartwatch Fitness Watch for Women Men Compatible with Android iOS",KALINCO,24.59,4.0,20023,"All-day Activity Tracking: This smart watch has 7 kinds of sports modes (Walking, Running, Cycling, Skipping, Badminton, Basketball, Football). The watch display shows your accurate steps, distance, calories, active minutes and you can see more detailed data on App. | Sleep and Blood Oxygen Saturation: The Tracker can monitor your Heart Rate, Blood Pressure, Blood Oxygen (SpO2) and your deep, light sleep state which can help you better understand your health. (NOTE: the data cannot be used as a medical-grade test) | Notifications and More Practical Features: All messages and notifications will show on your wrist and remind you through vibration. It cannot answer call or text on watch. There are also many convenient functions like Timer, Wake-up Gesture, Find Phone, Sedentary Reminder, Music Control and Weather Display. | 1.4 Inch Full-touch Screen & Custom Watch Face: The watch with 1.4 inch LCD screen can provide you with high-quality touch and visual experience. Five levels of brightness options allow you to easily read information in the sun or dark. Also you can choose a picture you like to customize the watch face in HeroBandIII App. (Wristband Size: 5.85 - 8.78 inch) | Great Battery Life and Wider Compatibility: Our smart watch is compatible with iOS 9.0/Android OS 4.4 or above smartphones. It can be used for up to 7 days and standby for 30+ days after fully charged.",,11,smartwatches,budget,mainstream,,
B0B5WDRB5K,"Popglory Smart Watch, Smartwatch with Blood Pressure, Blood Oxygen Monitor, Fitness Tracker with Heart Rate Monitor, Full Touch Fitness Watch for Android & iOS for Men Women",Popglory,25.49,3.9,19862,"Guard your health all day: Using advanced sensors, the watch can detect your blood pressure, heart rate and blood oxygen, and record the data in the companion app HeroBandⅢ to help you better understand the changes in your body. Tips: Please download the latest version of HeroBand III for better use. | Full-touch Screen & Exclusive Wallpapers: Easily switch your look from one to another with the latest collection of watch faces, also you can customize the watch face and create your style. Full touch screen brings you a better interactive experience, offering quick access to workout data. | Perfect Personal Partner: Stay connected with call, text and other app notifications, and convenient tools like timer, stopwatch, wrist sense, DND mode, find phone, sedentary reminder, music control and weather display. | Life and Fitness Companion: The smart watch with 7 sport modes records your all-day activities including steps, distance, calories, sleep status and heart rate. It shows your periods of deep sleep, light sleep and waking time. Note: Walking, Running, Cycling, Skipping, Badminton, Basketball, Football. | Wider Compatibility and Long Battery Life: The sport watch is compatible with iOS 9.0, android 4.4 and above smartphones. Up to 10 days using time and 30+ days standby can keep you organized and productive all day. Understand your fitness, sleep quality and heart health with the app HeroBandⅢ now.",,12,smartwatches,budget,mainstream,,
B0C59KGT61,"Amazfit GTS 2 Mini Smart Watch for Women Girls, Alexa Built-in, GPS Tracker, 14 Days Battery Life, Blood Oxygen Heart Rate Sleep Monitoring, 5 ATM Water Resistant, Android iPhone Compatible-Pink",Amazfit,74.99,4.2,17226,"【BUILT IN AMAZON ALEXA & GPS】You can talk to Amazon Alexa on your Amazfit GTS 2 Mini Smart Watch. Ask questions, get translations, set alarms, and timers, create shopping lists, check the weather, control your smart home devices, and more. Get precise tracking on your daily steps, distance traveled, and calories burned thanks to integrated GPS..Suported Application:Alarm,Calendar,Calorie Tracker,Heart Rate Monitor,Distance Tracking. Connectivity technology:Bluetooth,GPS. Wireless comm standard:Bluetooth | 【14-DAY LONG-LASTING BATTERY】A fully-optimized battery management system provides upto 14 days of battery life for the Amazfit GTS 2 mini watch. Get rid of the anxiety brought on by constant charging, and keep the energy flowing. The 220mAh battery is ready to power you through upto two weeks of activity. | 【70plus SPORTS MODES & 5 ATM WATER RESISTANT】The Amazfit GTS 2 mini features over 70 built-in sports modes, allowing to cover sports enthusiasts whether indoors or outdoors. With 5 ATM water resistance, this fitness watch can resist any of your daily activities and can even be worn while swimming. | 【ALL-ROUND HEALTH MANAGEMENT】This smart watch can provide heart rate monitoring, blood-oxygen saturation measurement, sleep monitoring, stress level monitoring and female cycle tracking, as well as other functions to achieve total health management from your wrist. The PAI health assessment system also processes complex health data with an advanced algorithm to present your physical condition in a simple, single-value score. | 【SupR LIGHT AND THIN & BUILT IN AMOLED DISPLAY】The Amazfit GTS 2 mini adopts a borderless design. Featuring carefully curved 2.5D glass to enhance your most fashionable outfits. With a light 19.5 g weight, a thickness of 8.95 mm (without the sensor base), and a skin-friendly silicone strap, this smart watch allows you to enjoy the lightness of time. And a 1.55-inch vibrant AMOLED screen for enhanced color and clarity. | 【SMART NOTIFICATIONS & COMPATIBILITY】Get an intelligent little pal to remind you of the incoming calls, text messages, apps, and calendars, alarm clock, weather forecast, and suport control the music playback & camera on your smartphone. This smart watch can work seamlessly with iOS 10.0 & Android 5.0 or higher smart phones.","The Amazfit GTS 2 mini is a Smartwatch with the lifestyle switch for all your looks. The customized 1.55-inch stylish square screen offers a larger display area and has a slim aluminum alloy body with 50+ watch faces to suit your everyday mood and outfit. With 14-day battery life for typical use and up to 21 days endurance for basic use, this smartwatch is built to go the distance with you. Come with multiple health tracking functions including 24/7 heart rate monitoring, sleep quality & stress ",13,smartwatches,midrange,mainstream,,
B0BJW6R4YX,"Amazfit Bip U Pro Smart Watch with Alexa Built-In for Men Women, GPS Fitness Tracker with 60+ Sport Modes, Blood Oxygen Heart Rate Sleep Monitor, 5 ATM Water Resistant, for iPhone Android(Green)",Amazfit,54.99,4.2,16590,"【ALEXA & GPS BUILT-IN】You can talk to Amazon Alexa on your Amazfit Bip U Pro smartwatch, Ask questions, get translations, check the weather, control your smart home devices and more. And get precise tracking of your distance, daily step count thanks to integrated GPS..Water resistance depth:50 meters.Suported Application:Alarm,Breath Monitor,Calendar,Calorie Tracker,Heart Rate Monitor. Connectivity technology:GPS. Wireless comm standard:Bluetooth | 【60plus SPORTS MODES & 5 ATM WATER RESISTANT】Featuring 60plus sports modes to help you exercise at a higher level. Water-resistant upto 50 meters, you can wear the fitness watch for swimming and it will record your achievements even underwater. | 【MORE HEALTH TRACKING METRICS】The Amazfit Bip U Pro smart watch can provide all-around health tracking, allowing you to accurately track 24-hour heart rate, blood oxygen levels, stress levels, sleep quality, and female menstrual cycle. | 【LONG 9-DAY BATTERY LIFE】When fully charged you can relax and enjoy more than a full week of travel or work without worrying about chargers. | 【DESIGN FOR ALL-DAY COMFORT】Amazfit Bip U Pro fitness tracker only weighs 31 grams, An ultra-light design you can barely feel when striving for peak performance. ​Featuring a 1.43” large color screen with 320x302 pixel resolution, creates an exquisite visual display, making all incoming calls, messages, and reminders extremely clear. | 【SMART NOTIFICATIONS】Get an intelligent little pal to remind you of the incoming calls, text messages, apps, and calendars, alarm clock, weather forecast, and suport controlling the music and camera of your smartphone.","Amazfit Bip U Pro Smartwatch is designed to give consumers an attractive alternative to today's pricey smartwatches. Boasting a 225mAh battery to deliver up to 9 days of endurance on a single charge. It also has 60+ sports modes with high-precision GPS letting you exercise at a higher level. With 5 ATM water resistance, this fitness tracker can resist any of your daily activities even swimming. Come with multiple health tracking features include 24/7 heart rate monitoring, sleep quality & stress",14,smartwatches,midrange,mainstream,,
B0B4N3FVQK,"Fitbit Charge 5 Advanced Fitness & Health Tracker with Built-in GPS, Stress Management Tools",Fitbit,99.95,4.2,16517,Built-in GPS | Daily Readiness Score | Stress management | SpO2 | Skin temperature,Fitbit Charge 5 Advanced Fitness & Health Tracker.,15,,premium,mainstream,Fitbit,"['Electronics', 'Wearable Technology', 'Fitness Trackers']"
B07R5VHKKZ,"Garmin 010-01689-00 Forerunner 35; Easy-to-Use GPS Running Watch, Black",Garmin,94.49,4.5,14891,"Easy-to use GPS running watch tracks how far, how fast and where you run.Special Feature:Bluetooth.Water Resistant: Yes | Estimates heart rate at the wrist, all day and night, using Garmin elevate wrist heart rate technology | Connected features: Smart notifications, automatic uploads to Garmin Connect, live tracking and music controls (when paired with a compatible smartphone) | All-day activity tracking estimates steps, calories and intensity minutes and reminds you when to move | Automatically uploads your data to Garmin Connect, our free online fitness community where you can join challenges, receive insights and share your progress as you meet your goals","Garmin Forerunner 35 Watch, Black. Accelerometer (calculates distance for indoor workouts, without need for a foot pod). Android Requirements 4.4 OS or later, Bluetooth 4.0 or later. Apple iOS Requirements iOS 10.0 or later, compatible with iPhone, iPad, and iPod touch. Battery: Rechargeable lithium ion.",16,smartwatches,premium,niche,,
B08J79T7CQ,"SAMSUNG Galaxy Watch Active (40MM, GPS, Bluetooth ) Smart Watch with Fitness Tracking, and Sleep Analysis - Black  (US Version)",SAMSUNG,187.48,4.6,14376,"Track your way to real results: Automatically detects up to 6 exercises, while tracking up to 39 more, right from your wrist | Resolve to rest better; Helps you analyze your sleep patterns and encourages you to wind down to keep you refreshed and at your best; Compatible devices: Samsung Smartphone, Non Samsung Android Smartphone(Android OS 5.0 and above RAM 1.5GB and above), iOS 9.0 and above iPhone 5 and above | Sends you real time alerts if ever detecting a high or low heart rate, so you can be more proactive about your heart health | Expand your Galaxy; Sync with your phone to stream your playlist, get notifications and more, right on your wrist | Thin; Light; Durable a thin, lightweight and durable swim ready design comes in a variety of colors and interchangeable bands | Lasts for days: Go nonstop with a long lasting battery that lasts for days on a single charge","The lightweight, yet durable Galaxy Watch Active understands the way you work out. With auto workout tracking, you’ll have the power to reach new goals. Plus a suite of apps help you to monitor your stress and sleep while you stay connected. Low Usage: Up to 90 hours. Battery 247mAh (milli-Amp-hour).",17,smartwatches,premium,niche,,
B09J8T11J4,"GRV Smart Watch for iOS and Android Phones, Watches for Men Women IP68 Waterproof Smartwatch Fitness Tracker Watch with Heart Rate/Sleep Monitor Steps Calories Counter (Gray)",GRV,33.99,4.1,13375,"【Accurate Fitness Tracker with 9 Sport Modes】 This fitness tracker watch can accurately provide 24hrs heart rate monitoring, calories burned counter, steps counter, sleep monitoring and female cycle tracking. 9 sports modes are optional, including various outdoor and indoor activities, allow you to get the real-time stats during your workouts on the watch. You can also connect it to smartphone's GPS to track all your workout routes and distance traveled during exercise. | 【Smart Watch Compatible with iPhone Android Phones】- This smart watch is compatible with most iOS 8.0 & Android 4.4 or higher smart phones(Not for PC or tablet). Pair the smart watch to your phone and receive all incoming calls, messages, apps notifications straight to your smartwatch including Facebook, Instagram, Twitter, Whatsapp, and more. (Please note: only supports receiving calls and messages). | 【24/7 Heart Rate Monitor & Sleep Tracker】 This smart tracker watch will monitor your heart rate every 5 minutes all day; It also detect and track your sleep, and analyze your sleep quality automatically.(deep sleep, light sleep, and awake time). By connecting the smartwatch to your phone, the VeryFitPro app will provide detailed heart rate chart and comprehensive analysis of your sleep quality to help you stay active and stay healthy:) | 【Long-lasting battery & IP68 Waterproof Smart Watch】 When fully-charged, this watch can last for up to 7 days or 30 days standby time. With IP68 waterproof, this fitness watch can meet the waterproof requirements of your daily activities such as washing hands or working out in the rain with it. Whether it's sweat or a small splash, just handle it with ease. | 【Smart Watch for Women Men with More Practical Features】 This watch can fit for 6.2-9.2 inch wrist, suits for both women and men. It has many practical features, such as female menstrual cycle tracker, alarm clocks, music control, stopwatch, timer, deep breath guide, sedentary reminder. It's a also very good choice as gift for your friends and family members to help them stay motivated all day!",,18,smartwatches,budget,niche,,
B07VQJ56T3,"SAMSUNG Galaxy Watch Active 2 Smart Watch 44mm US Version GPS Bluetooth Advanced Health Monitoring Fitness Tracking Long-Lasting Battery, Aqua Black",Samsung Electronics,173.87,4.6,12846,"Better Insights To Help You Reach Your Fitness Goals: Get More Out Of Every Mile, Thanks To Built-In Pace Coaching On The Galaxy Watch Active2. | Comfortably Sleek: The Galaxy Active2 Comes In Aluminum With A Silicone Strap, And Is Light Enough To Wear Anywhere Comfortably. Compatible Devices-Samsung Smartphone, Non-Samsung Android Smartphone (Android Os 5.0 And Above Ram 1.5Gb And Above), Ios 9.0 And Above Iphone 5 And Above | Keep Your Beat: Receive An Automatic Alert If Your Watch Detects A High Or A Low Heart Rate. | Level Up Your Downtime: The Built-In Sleep Tracker Offers Valuable Insights On How To Get A Better Night’S Sleep.","It’s all right there on your wrist. The SAMSUNG Galaxy Watch Active2 is designed to help you learn more so you can achieve more. Go beyond tracking steps and counting calories, and track your way to wellness with the Active2 Smart Watch that offers actionable insights on everything from your running style to your heart rate. Better insights allow you to get more out of every mile thanks to built-in pace coaching, and advanced sensors keep your pace to help you better achieve your run goals. Conn",19,smartwatches,premium,niche,,
B0BL9BRHYR,"Donerton Smart Watch, Fitness Tracker for Android Phones, Fitness Tracker with Heart Rate and Sleep Monitor, Activity Tracker with IP67 Waterproof Pedometer Smartwatch with Step Counter, Blue",Donerton,29.99,3.9,12186,"heart rate monitor and pedometer: fitness tracker watch built in high performance motion sensor automatically monitors and detects your heart rate in real time, help you better grasp changes for your health and record accurately calorie consumption, distance, steps. you can view historical data in the app “Hero Band III”. | sleep tracker and alarm clock: smart band can records your deep, light, and awake sleep patterns, and track your sleep quality status to get a better understanding of your health and and make reasonable adjustment on your lifestyle. you can also set an alarm to wake you up softly every day. with Donerton sports watch, your life will be easy and smart. | call and message notifications: when you connect the smart watch to your smartphone, you will never miss a call or message again. it will vibrate and notify you when your phone receives a call, sms text or sns notifications (facebook, twitter, whatsapp, linkedi, messenger, instagram). you can even hang up incoming phone calls straight from your wrist. | ip67 waterproof: with the technology of ip67 waterproof, the smart watch will not be damaged even if you wash your hands, bathe and swim while wearing the fitness watch. meet your daily needs. (note: the smartwatch does not prevent hot water and sea water.) after connecting to the phone, you can also see the real time weather forecast. | overtake your expectations: our 1.4 inch color touch screen make it easy to operate and easily check detailed data reports. there is 4 stylish clock faces for you to choose from, different styles match your different moods. more practical tools such as alarm clocks, stopwatch, timer, camera control, music controller, sedentary reminder, adjustable brightness,find phone. this watch can be a very good gift choice to make people live more healthy, more active and more convenient.",,20,smartwatches,budget,niche,,
B09J1L83FC,"Xiaomi Mi Smart Watch Lite Ivory - 1.4 Inch Touch Screen, 5ATM Water Resistant, 9 Days Battery Life, GPS, 11 Sports Mode, Steps, Sleep and Heart Rate Monitor, Fitness Activity Tracker [Official UK]",Xiaomi,59.99,4.3,12147,"1.4 inch TFT LCD touch colour display with a resolution of 320 x 320 pixels, PPI323 | Up to 9 days of battery life (230 mAh) | Built-in GPS, GLON | 11 pre-defined sports modes | Real-time notifications on the display and with vibration: Calls, SMS, app notifications, activity goals","1000+ customized combinations. New look whenever you want. Mi Watch Lite is not just a smart watch, it has its own unique personality. There are three color options for the watch case, five color options for the strap,. over 120 themed watch faces and watch face function customization to satisfy your ever-changing style. 1.4\"" TFT color touch display. Supports automatic brightness adjustment. Everything you need to know on one screen. Handles both indoor and outdoor exercise. Your own personal t",21,smartwatches,midrange,niche,,
B0BXDDQPFX,"Smart Watch for Men Women, 2022 Fitness Tracker 1.69"" Touch Screen Smartwatch Fitness Watch 24 Sports IP68 Waterproof, Heart Rate/Sleep Monitor/Pedometer/Calories, Activity Tracker for Android iPhone",MOLOCY,32.99,3.7,11787,"Multifunction Smart Watch: This smartwatch includes more practical functions, Fitness Tracker (Pedometer, Calories, Distance), Blood Pressure Monitor, Heart Rate Monitor, Sleep Monitor, 24 Sports Modes, IP68 Waterproof, Blood Oxygen Monitor, Call Notifications, SMS and APP Messages (WhatsAPP, Facebook, Messenger, Instagram...), Music & Camera Control, 4 levels of Brightness Adjustment, Weather Display, Sedentary Reminder, GPS tracking, Gmail, Stopwatch, Alarm Clock, Find Phone, Find watch. | 1.69"" Full Touch Screen and Multiple Watch Faces: Our fitness watch have a 1.69 inch TFT-LCD touch screen, make it easy to operate and easily check detailed data reports. Your message notifications can also be displayed straight to your device screen. Four levels of brightness options allow you to easily read information in the sun or dark. There are multiple watch faces to choose from, also you can choose a picture you like to customize the watch face in GloryFit App to show your personality. | 24/7 Heart Rate Monitor and Sleep Tracker: 24/7 heart rate monitoring allows to check your heart rate anytime, and better understand your heart rate trends. High-performance motion sensors monitor sleep status (deep sleep, light sleep and wake up time), and provide comprehensive sleep quality analysis. Also blood Pressure smart watches intelligently measures SpO2, monitors blood oxygen and blood pressure levels, and monitors changes in your body to help you develop a healthier lifestyle. | 24 Sports Modes and Activity Tracker: Our sport watch supports 24 sports modes(walking, running, cycling, swimming, yoga, basketball, etc). Fitness tracker watch accurately records all-day activities such as steps, distance walked, calories burned and active minutes, motivating you to reach your exercise goal with real-time statistics on the fitness smartwatch. Connecting the GPS in your cellphone can track all your workout routes and physical status during exercise. Stay motivated all day! | IP68 Swimming Waterproof and Wider Compatibility: Exercise watch is designed with IP68 waterproof rating, you can wear it when washing hands, running in the rain, or even go to swimming with it. Our womens watches is compatible with iOS 9.0/Android 5.0 or above smartphones. Large capacity and low power consumption design offers longer endurance. It support 7 days of normal use and 30 days standby time. The watch for men is lightweight and very soft, being very comfortable for wearing.",,22,smartwatches,budget,niche,,
B07CRSK5DM,"Amazfit Bip Fitness Smartwatch, All-Day Heart Rate and Activity Tracking, Sleep Monitoring, Built-In GPS, 45-Day Battery Life, Bluetooth, Onyx Black",Amazfit,69.99,4.0,10720,"45 Days Battery Life: Equipped with a lithium polymer battery with a 190mAh charge, you can use the Amazfit Bip up to 30 days on a single 2.5-hour charge | Lightweight and Thin: Amazfit Bip only weight about 32g with the watch band and is 11.5mm in thick. The Bip can be worn all day | Health Tracking: Optical heart rate monitoring and built-in GPS allow you to accurately track in real-time your steps taken, distance traveled, calories burned, and quality of sleep | Multisport Tracking: Outdoor running, Indoor running, Outdoor cycling, Walking | Receive Messages, Call & APP Notifications: Receive notifications for incoming phone calls, SMS messages, emails, and other apps such as Facebook, Twitter, WhatsApp, LinkedIn, and other mobile apps right on the color touch display of your Amazfit Bip","Amazfit Bip smartwatch is the perfect daily companion to keep you informed and active. Daily step, calorie and distance tracking are a given and motivate you to get up more often. The reflective always-on display is easily readable in bright sunlight or indoors and shows all of your phone's app notifications like calendar alerts, text messages (you can read the full text), emails, Facebook, Twitter, WhatsApp, WeChat, LinkedIn, snap, slack, you name it. Currently Bip supports outdoor running, tre",23,smartwatches,midrange,niche,,
B0B62TGBQW,CanMixs Smart Watch for Android Phones iOS Waterproof Smart Watches for Women Men(Answer/Make Call) Sports Digital Watch Fitness Tracker Heart Rate Blood Oxygen Sleep Monitor Compatible Samsung iPhone,CanMixs,43.19,4.0,10663,"【Bluetooth Call Receiving/Dialing】Smart watches for women and men with bluetooth call, you can receive or dial calls anytime and anywhere directly on your watch after establishing Bluetooth connection. You can also add favorite contacts and check call records. Smart watch has a handsome design, with its square display and full touch 1.85 inch colorful screen, which has 240*286 pixels resolution make the screen clear and bright. You can even set your own photo as the face skins freely. | 【Accurate Activity Tracker Watch & multi Sport Modes】Fitness watch accurate track steps,calories,heart rate,sleep stages,Blood Pressure,oxygen;smart watch supports multi sports modes:walking,running,bicycle,swimming ,badminton,basketball,football,rope skipping to give you more detailed insights into your whole day activities;It can connect to smartphone GPS for modes like Run for more precise real-time pace & distance. IP68 waterproof,you can wear it when swimming and record various data. | 【Protect & monitor your health】Bluetooth Smart watch for men women can monitor your heart rate all day automatically, and measure Blood Pressure & Blood Oxygen which three body's most critical indicator of health.You can read them real-time directly on the smart watch, which can help you better understand your health and make reasonable adjustment on your life-style.Fitness watch also monitor sleep and provides comprehensive analysis of your sleep. (Deep sleep, light sleep and awake time). | 【Smart Reminder for Call and Information】By connecting men women smart watches with smartphone,your information can be displayed on the smartwatches synchronously, such as incoming call, SMS, Facebook,WhatsApp,Twitter, LinkedIn, Instagram,Line,SKype,Gmail,etc,you will never miss important news.More practical features like sedentary reminder, pedometer,remote camera control, music controller, check the weather, find smart watches,brightness adjustment,vibration alarm clock,etc. | 【Super Long Battery Life & Broad Compatibility】ios android smart watch for women men is equipped with a 270 mAh large capacity battery and can be used 7-10 days If fully charge! (Note: depends on individual usage). Wear os smartwatch can support most android and ios phones. Compatible with Iphone 14/14 pro 13/13 pro 12/12 pro max iPhone 11/11 pro/X/8/8 plus/7/7 plus/6/6 plus/6s/6s, Samsung Galaxy, HUAWEI, Xiaomi, ZTE etc. smart phones(Support IOS 9.0 and later, Android 5.0 and above).",,24,smartwatches,midrange,niche,,
B0BJZNZQY7,Fitpolo Smart Watch for Android and iOS Phones IP68 Swimming Waterproof Smartwatch Fitness Tracker Fitness Watch Heart Rate Monitor for Men Women (Gray),Fitpolo,39.99,4.1,10513,"⌚【2023 Upgraded Smart Watch】 Equipped with 1.33 inches TFT-LCD full touch screen, make a great breakthrough in button touch fitness watch and advanced health smartwatch that helps you tune in to your body with tools for sleep tracking, sport record, menstrual health tracking, relax guidance, alarm, timer and so on. | ⌚【Smart watch for Android Phones Samsung iPhone】- Compatible with most iOS 8.0 & Android 4.4 above smartphones. Download and install Free ""VeryFitPro"" APP, bind this smartwatch in your cell phone, you can receive alerts of calendar, SMS, incoming calls and SNS (Facebook, Twitter, Whatsapp, Skype, Snapchat and more) on this watch; It will never let you miss any important events. | ⌚【24/7 Heart Rate Monitor & Sleep Tracker】Automatically monitor your real-time heart rate and your sleep (Deep sleep, Light sleep and Awake time)to tell you how long and how well you sleep during the night, helping you to adjust yourself to live a better lifestyle. | ⌚【IP68 Waterproof Fitness Watch & Long-lasting Battery】- Fitpolo Smart Watches are designed with IP68 waterproof rating, which allows you to swim in the pool with it with no worries. Large capacity and low power consumption design offers longer endurance. It supports 7 days of normal use and 35 days standby time. | ✔【More Practical Gadgets & 9 Exercise Modes】- Fitpolo smart watch has features with many practical tools, such as customized watch faces, alarm clocks, stopwatch, timer,music controller, sedentary reminder, adjustable brightness, find phone. The APP's name is VeryFitPro, which works with Android 4.4 or iOS 8.0 and above, Bluetooth 5.0 and above smartphones only, NOT FOR PC or TABLET.",,25,smartwatches,budget,niche,,
B0095PZHPE,"Fitbit One Wireless Activity Plus Sleep Tracker, Black",Fitbit,59.95,4.2,9960,"One syncs automatically and wirelessly to tablets, computers and 150 plus leading iOS, Android and Windows smartphones using Bluetooth 4.0 wireless technology. Syncing to computers requires Internet connection and USB port. Syncing to mobile devices requires Bluetooth and Internet connection. Syncing range: 20 feet. Call notifications via Bluetooth 4.0 | Water Resistance: Charge has been tested up to 1 ATM meaning it is sweat, rain and splash proof. However, the device is not swim proof. We also recommend taking Charge off before showering because, as with any wearable device, it’s best for your skin if the band stays dry and clean. | Warning: Do not use if you have a pacemaker or other internal, or implanted medical device. Not intended for use by children under 13. Always consult your physician. Slippery when wet | We recommend charging your device every few days to ensure you are always tracking. Charge time: One to two hours. Battery life: up to 7 - 10 days. Battery type: Lithium-polymer | Syncs with Windows Vista and later, Mac OS X 10.6 and up, iPhone 4S and later, iPad 3 gen. and later, and leading Android and Windows devices","Product Description Fitness means being active, sleeping well, and eating smarter – and the Fitbit One helps you do all three. During the day, it tracks your steps, distance, calories burned, and stairs climbed. Come nightfall, it measures your sleep cycle to help you see how to sleep better; and it can even wake you in the morning without waking your partner. Your stats upload wirelessly via computer or select mobile devices (like the iPhone 4S). Powered by your stats, you can set goals, and tr",26,smartwatches,midrange,long_tail,,
B08CHG524M,"SoundPEATS Smart Watch Fitness Tracker with All Day Heart Rate Monitor Sleep Quality Tracker IP68 Waterproof 1.4"" Large Touch Screen Call & Message Reminder 12 Sports Modes for iPhone Android Phones",SoundPEATS,22.99,4.0,9106,"【Accurate Fitness Tracker Watch】SoundPEATS fitness watch accurately records your steps, distance walked, calories burned and heart rate at your wrist all day, motivating you to reach your exercise goal with real-time statistics on the watch. It also supports extra 12 sports modes to help you track your other exercise patterns and connects to your smartphone's GPS to draw the route map in the SOUNDPEATS SPORTS app. | 【Smart Watch for iPhone Android Phones】This smartwatch is compatible with Android 4.4 & ios 8.0 and above smartphones. You can get incoming calls, text messages, and social media notifications, such as Facebook, WhatsApp, Twitter, Instagram, and more on your wrist. You can also read them diredctly on the watch, staying connected with the world. | 【Sleep Quality Tracker& More Practical Tools】This fitness watch automatically records your sleep activity, recording your deep sleep, light sleep and awake duration. You can get a comprehensive sleep quality analysis and healthy insights in SOUNDPEATS SPORTS app. It can also wake you up with silent vibrating alarms. This multi-functional watch also has many practical tools, like weather/ music controller/ breath training/ stopwatch/ countdown/ alarm clocks/ find your phone/ sedentary reminder. | 【Swimming Waterproof& 10+ Days Battery】Don't bother yourself to take off the fitness watch frequently as this sports watch is rated IP68 waterproof and has super long battery life. You can feel free to sweat it out during exercise, shower, wash hands, play in the rain or swim with it. With the built-in 260mAh battery, this digital watch can work up to 10 days with one single full charge of 2 hours. | 【Touch Screen & Comfortable Wearing】This smartwatch is equipped with a 1.4-inch color touch screen and 5 watch faces to choose from, making it easy to operate and read the data. The adjustable wristband of this light-weight watch fits a wrist between 6.1 to 9.3 inches (perimeter), suitable for men, women, and teens. Perfect for Thanksgiving, Christmas and Birthday gifts.",,27,smartwatches,budget,long_tail,,
B094Y495LQ,"Realme Watch 2 pro Smart Watch 1.75"" Color Display Dual Satellite GPS 90 Sports Modes Global Version",realme,74.99,4.2,8219,"4.4cm (1.75"")Large Color Display :Check your health stats at a glance with realme Watch 2 Pro's extra-large 4.4cm (1.75"") touchscreen. The large screen size prevents mistouches, while high brightness and vivid display allows you to see clearly even in direct sunlight. | High-Precision Dual-Satellite GPS:Precise stats, at your fingertips,Get precise route info, step tracking, and activity monitoring with realme's high-precision dual-satellite GPS sensor.Stay connected with smart notifications,Just raise your wrist to see all your messages and notifications without looking at your phone. | 90 Sports Modes:The realme Watch 2 Pro can monitor up to 90 different fitness activities. Get precise metrics for your workout of choice, and track distance, calorie, and workout duration. | Realme Link Seamless integration:Use realme Link to sync your Watch 2 Pro with your phone and monitor workout history, change watch settings.tell your phone to play music, snap photos, and more. | IP68 Water Resistance Rating:The realme Watch 2 Pro is IP68 rated, so feel free to wash your hands or work up a sweat while wearing the watch.14-Day Long-lasting Battery Life,the long-lasting 390mAh battery on the Watch 2 Pro runs so efficiently that you can go continuously for 2 weeks without charging.","Appearance Color : Black Size : 255.2*38.9*12.65mm（with wrist strap） Weight : 40g（with wrist strap） Wrist strap Type : Removable wrist strap Width : 22mm Adjustable length : 150-215mm Battery Battery : 390mAh Battery life : 14 Days（with 24 hours continuous heart rate on) Screen Screen size : 4.4cm (1.75"") Resolution : 320*385 pixels Full screen touch Sensor 3-axis Accelerometer Heart Rate Sensor Connectivity Bluetooth 5.0 realme Link IP68 Water Resistance Rating Health Monitor Automated Heart Ra",28,smartwatches,midrange,long_tail,,
B08DCSNDRD,"UMIDIGI Smart Watch for Android Phones Compatible with Samsung iPhone, Sleep Tracker Waterproof Smartwatch with Heart Rate Monitor, Fitness Tracker for Women Men and Kid-Uwatch 2S",UMIDIGI,39.99,4.1,7928,"🍀【Lightweight & Personalized Watch Faces】 The Uwatch 2S smartwatch has a 1.3-inch square color touch display, which is characterized by its elegance, lightness, sturdiness and scratch resistance. After connecting with your phone, you can choose more than 100 watch faces to replace, or customize your own photos. | 🍀【Fitness Tracker for Women Men】Automatically monitor your heart rate, sleep status (deep sleep, shallow sleep, awakening), and provide a comprehensive sleep quality analysis. You can set 14 exercise modes, view specific data in the Da Fit app to help you develop a healthier lifestyle. | 🍀【Smart Watch for iPhone and Android Phones】Compatible with most iOS 8.0 & Android 4.4 or above smartphones, not for pc or tablet. Install the free and secure ""Da Fit"", bind this smartwatch in your cell phone. You can receive email, calendar, text and call, app notifications on this watch, let you never miss important information. | 🍀【Cost-effective & Multifunction watch】 Activity tracker (pedometer, calories, distance), menstrual cycle calculation for women, 14 sport modes, remote control of music and cameras, weather report, sedentary reminder, alarm clock, stopwatch, find phone, brightness adjustment, and other functions to meet your daily needs. | 🍀【Long Battery Life & Waterproof smartwatch】Breakthrough battery performance can up to 15-Day Battery Life after fully charged (2.5 hours). Uwatch 2S meet 5ATM waterproof standard, you can wear it when washing hands, in the rain and swimming (notice: Do Not use in water more than 100. 40℉, such as showers, saunas, etc). Just feel free to contact us via order ID if you need any support, we will always be here to serve you!",,29,smartwatches,budget,long_tail,,
B08PF66XV4,"IOWODO Smart Watch Fitness Tracker 1.69'' HD Touch Screen with Heart Rate Monitor & Sleep Tracking,Temperature Detecting IP68 Waterproof Smartwatch for Men Women Compatible with iPhone Android",IOWODO,35.99,4.1,6145,"💝【Intelligent Monitoring】24-hour automatic monitoring and recording of your body temperature/heart rate. The R3pro supports sleep monitoring, and you can also check local weather notifications for the next two days on your watch at any time. You can view track data records for each stat at any time in the GloryFit app. | 💝【100+ Custom Watch Faces】1.69-inch high-definition display, giving you a better visual experience. Comes with 4 preset watch face options. Also supports online download of 100 watch faces from ""GloryFit"". You can also customize your watch face to match your everyday wearing style by selecting a photo from your phone's gallery. | 💝【Smart Notifications】After the ""R3PRO"" Bluetooth smart watch is successfully paired with the ""GloryFit"" APP, you can receive vibration notifications for messages (such as text messages, incoming calls, Facebook, WhatsApp, Instagram, etc.). You can raise your wrist to view the specific content of the smart message or hang up at any time. | 💝【25 Sports Modes】Multi-function sports smart watch to meet your daily sports needs, with swimming mode and GPS sharing function. It can record detailed data on sports activities in real time, such as heart rate, steps, training time and calories burned. You can view a more detailed workout log in the GloryFit app. | 💝【Multifunctional Smart Watch】Only 2.5 hours of charging can support 12 to 15 days of normal use and 60 days of standby time. Find your phone, breathing exercises, sedentary reminders, music playback controls, stopwatch and more handy tools to choose from. The watch supports Android 6.0 and above and IOS 9.0 and above. We provide 24 months after-sales service at any time.",,30,smartwatches,budget,long_tail,,
