cluster_id,category,persona_id,z,mod_cell,bb_product_id,mod_product_id,same_product,swapped,overall_winner_ab,overall_winner,purchase_winner_ab,purchase_winner,satisfaction_winner_ab,satisfaction_winner,trust_winner_ab,trust_winner,confidence_1_5,reason,parse_failed,model,elapsed_s
headphones_000,headphones,headphones_001,0,00,headphones_028,headphones_028,True,False,tie,tie,B,modular,tie,tie,tie,tie,3,"Both packages describe the same product with similar benefits and the same key flaw (questionable volume limiting claim), but B highlights a more relevant tradeoff (no Bluetooth) which may slightly improve purchase clarity.",False,gpt-5.3-chat-latest,7.54
headphones_000,headphones,headphones_001,1,11,headphones_018,headphones_028,False,False,B,modular,B,modular,B,modular,B,modular,5,"Package A ignores the budget and lacks kid-focused safety features, while Package B is affordable, simple, and more aligned with the use case, even though it honestly notes the missing volume limit.",False,gpt-5.3-chat-latest,4.14
headphones_001,headphones,headphones_002,0,00,headphones_009,headphones_009,True,True,B,unified,B,unified,B,unified,B,unified,4,"Package B better frames the product as a visually appealing, gift-worthy choice and honestly notes the lack of noise cancellation, which helps set accurate expectations and builds trust.",False,gpt-5.3-chat-latest,4.21
headphones_001,headphones,headphones_002,1,11,headphones_011,headphones_011,True,False,B,modular,A,unified,B,modular,B,modular,4,"Package B more honestly communicates the product’s budget nature and limitations, which better aligns expectations for a gift buyer seeking something premium; A overstates fit and risks disappointment.",False,gpt-5.3-chat-latest,4.1
headphones_002,headphones,headphones_003,0,00,headphones_006,headphones_017,False,False,A,unified,A,unified,A,unified,A,unified,5,"Package A is far more likely to work easily with a TV via a standard headphone jack, while Package B’s USB connection may not be compatible despite claiming easy setup, making it less trustworthy and riskier for satisfaction.",False,gpt-5.3-chat-latest,4.29
headphones_002,headphones,headphones_003,1,11,headphones_011,headphones_011,True,False,A,unified,B,modular,A,unified,A,unified,4,"Package A is more transparent about potential pairing issues, which is crucial for a simplicity-focused user, while Package B overpromises ease of TV connectivity and risks disappointment.",False,gpt-5.3-chat-latest,5.21
headphones_003,headphones,headphones_004,0,00,headphones_011,headphones_011,True,True,A,modular,tie,tie,A,modular,A,modular,4,"Package A is slightly more honest about tradeoffs (build quality), while Package B overclaims noise isolation and focuses on less relevant drawbacks, making A more trustworthy and likely to match expectations.",False,gpt-5.3-chat-latest,4.68
headphones_003,headphones,headphones_004,1,11,headphones_011,headphones_011,True,True,A,modular,B,unified,A,modular,A,modular,4,"Package A sets more realistic expectations about performance and tradeoffs, while B overstates noise reduction; this makes A more likely to lead to satisfaction and trust even if B is slightly more persuasive upfront.",False,gpt-5.3-chat-latest,4.22
headphones_004,headphones,headphones_005,0,00,headphones_017,headphones_017,True,False,B,modular,B,modular,B,modular,B,modular,4,"Package B better addresses comfort and ease of use while clearly explaining the wired tradeoff as a reliability benefit, which aligns closely with the consumer’s needs.",False,gpt-5.3-chat-latest,2.86
headphones_004,headphones,headphones_005,1,11,headphones_026,headphones_006,False,False,B,modular,B,modular,B,modular,B,modular,5,"Package B fits the budget, offers simple wired operation with clear audio and easy controls, while Package A is overpriced, more complex, and uses small earbuds that may be difficult for this user.",False,gpt-5.3-chat-latest,3.73
headphones_005,headphones,headphones_006,0,00,headphones_017,headphones_017,True,True,B,unified,B,unified,B,unified,B,unified,4,"Package B better aligns with the buyer’s no-frills, office-focused needs and highlights relevant tradeoffs, while Package A emphasizes a limitation (no Bluetooth) that doesn’t matter for this use case.",False,gpt-5.3-chat-latest,3.68
headphones_005,headphones,headphones_006,1,11,headphones_006,headphones_006,True,False,B,modular,B,modular,B,modular,B,modular,4,"Package B better aligns with the buyer’s needs by emphasizing durability and comfort while clearly acknowledging tradeoffs, which builds trust and sets more accurate expectations.",False,gpt-5.3-chat-latest,7.3
headphones_006,headphones,headphones_007,0,00,headphones_010,headphones_005,False,True,B,unified,B,unified,B,unified,B,unified,4,"Package B better matches the user’s need for reliable fit with multiple ear tips and a more proven design, while Package A overpromises on stability without clear fit features; B is more likely to stay secure and meet expectations despite lower water resistance.",False,gpt-5.3-chat-latest,5.43
headphones_006,headphones,headphones_007,1,11,headphones_023,headphones_023,True,False,B,modular,B,modular,B,modular,B,modular,4,"Package B more honestly addresses durability tradeoffs and sets expectations relative to premium options, which aligns with this cautious, quality-focused user and builds more trust.",False,gpt-5.3-chat-latest,3.75
headphones_007,headphones,headphones_008,0,00,headphones_012,headphones_010,False,True,B,unified,B,unified,B,unified,B,unified,5,"Package B better matches the need for long-flight comfort with over-ear cushioning and longer battery life, while Package A itself admits it’s not ideal for extended wear during air travel.",False,gpt-5.3-chat-latest,4.22
headphones_007,headphones,headphones_008,1,11,headphones_014,headphones_014,True,True,A,modular,A,modular,A,modular,A,modular,4,"Package A better highlights comfort and padding, which directly matches the user’s priorities, and includes a more concrete tradeoff, making it slightly more trustworthy and aligned overall.",False,gpt-5.3-chat-latest,3.39
headphones_008,headphones,headphones_009,0,00,headphones_002,headphones_011,False,False,B,modular,B,modular,B,modular,B,modular,5,"Package B meets the must-have Bluetooth requirement and prioritizes convenience and affordability, while Package A fails the wireless need and misframes “pairing” for a wired product.",False,gpt-5.3-chat-latest,4.3
headphones_008,headphones,headphones_009,1,11,headphones_011,headphones_011,True,True,B,unified,B,unified,B,unified,tie,tie,4,"Package B better highlights easy Bluetooth pairing and simplicity, which directly match the buyer’s priorities, while maintaining similar honesty about durability tradeoffs.",False,gpt-5.3-chat-latest,3.67
headphones_009,headphones,headphones_010,0,00,headphones_009,headphones_009,True,True,B,unified,A,modular,B,unified,B,unified,3,"Package A is more persuasive but overstates low-latency suitability, which could disappoint on console. Package B is more honest about limitations, leading to more realistic expectations and better trust.",False,gpt-5.3-chat-latest,5.28
headphones_009,headphones,headphones_010,1,11,headphones_025,headphones_020,False,False,A,unified,B,modular,A,unified,B,modular,4,"While neither option is ideal for low-latency console gaming, the Bose earbuds are more likely to deliver consistent audio and mic quality; however, Package B is cheaper and more transparent about its tradeoffs, boosting purchase appeal and trust.",False,gpt-5.3-chat-latest,4.56
headphones_010,headphones,headphones_011,0,00,headphones_028,headphones_028,True,False,A,unified,B,modular,A,unified,A,unified,4,"Package B incorrectly claims volume limiting, which is a key requirement and could mislead the buyer, while A is more honest even if incomplete; avoiding false safety claims leads to a better overall outcome.",False,gpt-5.3-chat-latest,4.53
headphones_010,headphones,headphones_011,1,11,headphones_028,headphones_028,True,False,B,modular,B,modular,B,modular,B,modular,4,"Package B directly addresses the must-have volume limiting and acknowledges durability tradeoffs, making it more aligned with the parent's priorities and more trustworthy.",False,gpt-5.3-chat-latest,3.77
headphones_011,headphones,headphones_012,0,00,headphones_010,headphones_010,True,False,A,unified,B,modular,A,unified,A,unified,4,"Package A more clearly sets expectations by noting missing higher-end features, which builds trust and reduces disappointment, while B is slightly more persuasive but less balanced.",False,gpt-5.3-chat-latest,4.52
headphones_011,headphones,headphones_012,1,11,headphones_018,headphones_018,True,False,A,unified,A,unified,A,unified,A,unified,4,"Both miss the budget, but Package A is clearer and more credible, while Package B includes a confusing and less relevant drawback about being 'too premium,' which may reduce trust.",False,gpt-5.3-chat-latest,4.15
headphones_012,headphones,headphones_013,0,00,headphones_009,headphones_009,True,False,B,modular,B,modular,tie,tie,B,modular,5,"Both recommend the same suitable product, but Package B more honestly flags that it exceeds the user’s budget, improving trust and helping the consumer make a better-informed decision.",False,gpt-5.3-chat-latest,3.46
headphones_012,headphones,headphones_013,1,11,headphones_011,headphones_011,True,True,A,modular,B,unified,A,modular,A,modular,4,"A highlights a durability concern that directly impacts reliability, which matters most to this user, while B focuses on sound nuance, which is less relevant; this makes A more trustworthy and better aligned with long-term satisfaction.",False,gpt-5.3-chat-latest,3.78
headphones_013,headphones,headphones_014,0,00,headphones_011,headphones_011,True,True,A,modular,A,modular,A,modular,tie,tie,4,"Package A better aligns with the consumer’s need for portability by explicitly highlighting the compact case, while still honestly noting tradeoffs; otherwise both are similar.",False,gpt-5.3-chat-latest,3.23
headphones_013,headphones,headphones_014,1,11,headphones_011,headphones_011,True,True,A,modular,A,modular,A,modular,B,unified,4,"Package A better aligns with the student’s priorities by emphasizing low cost and acceptable durability tradeoffs, while B’s battery warning may create more concern than necessary for casual use; however, B is slightly more transparent about potential downsides.",False,gpt-5.3-chat-latest,6.3
headphones_014,headphones,headphones_015,0,00,headphones_017,headphones_017,True,False,B,modular,B,modular,B,modular,B,modular,4,"Package B better aligns with the consumer’s priorities by explicitly emphasizing durability and suitability for shared office use, while clearly stating the wired tradeoff relevant to their preferences.",False,gpt-5.3-chat-latest,8.14
headphones_014,headphones,headphones_015,1,11,headphones_003,headphones_003,True,False,B,modular,B,modular,B,modular,B,modular,4,"Package B better aligns with the consumer’s priority on durability and shared use, while mentioning a minor, manageable drawback; Package A raises durability concerns that directly conflict with the user’s needs.",False,gpt-5.3-chat-latest,3.69
headphones_015,headphones,headphones_016,0,00,headphones_009,headphones_009,True,False,A,unified,tie,tie,tie,tie,A,unified,3,"Both packages misrepresent the on-ear design as over-ear, but A is slightly more transparent by mentioning a real limitation (lack of ANC), whereas B relies more on vague “premium” claims.",False,gpt-5.3-chat-latest,5.04
headphones_015,headphones,headphones_016,1,11,headphones_022,headphones_022,True,True,A,modular,A,modular,A,modular,A,modular,4,"Package A more honestly communicates the sound limitations of bone conduction, setting better expectations, while B overstates sound quality; neither fits the over-ear requirement, but A is more trustworthy overall.",False,gpt-5.3-chat-latest,4.06
headphones_016,headphones,headphones_017,0,00,headphones_010,headphones_005,False,False,B,modular,A,unified,B,modular,B,modular,4,"Package B better addresses durability with its IPX7 rating and explicitly emphasizes secure fit, which aligns with the user’s core needs, while Package A risks underdelivering on stability during intense workouts.",False,gpt-5.3-chat-latest,5.36
headphones_016,headphones,headphones_017,1,11,headphones_023,headphones_023,True,True,A,modular,B,unified,A,modular,A,modular,4,"Package A more honestly communicates durability tradeoffs, which better aligns expectations for a demanding fitness user, while Package B overpromises on longevity and may lead to disappointment.",False,gpt-5.3-chat-latest,3.8
headphones_017,headphones,headphones_018,0,00,headphones_018,headphones_018,True,False,B,modular,B,modular,B,modular,B,modular,4,"Package B provides more concrete, relevant details like quick charging and specific noise-canceling tech, which better supports travel use and builds trust without vague claims.",False,gpt-5.3-chat-latest,3.7
headphones_017,headphones,headphones_018,1,11,headphones_014,headphones_014,True,True,A,modular,B,unified,A,modular,A,modular,4,"Both recommend the same strong product, but Package A more transparently communicates minor drawbacks, building trust and setting accurate expectations, which better supports long-term satisfaction.",False,gpt-5.3-chat-latest,3.2
headphones_018,headphones,headphones_019,0,00,headphones_006,headphones_006,True,False,A,unified,A,unified,tie,tie,A,unified,4,"Both recommend the same product, but Package A frames the wired design as neutral rather than a drawback, which better aligns with this buyer’s preferences and avoids unnecessary friction.",False,gpt-5.3-chat-latest,3.47
headphones_018,headphones,headphones_019,1,11,headphones_006,headphones_006,True,True,B,unified,A,modular,B,unified,B,unified,4,"Package B more honestly communicates durability tradeoffs, which aligns with the buyer’s concern for longevity, improving trust and likely satisfaction even if A is slightly more immediately appealing.",False,gpt-5.3-chat-latest,3.3
headphones_019,headphones,headphones_020,0,00,headphones_012,headphones_012,True,False,A,unified,A,unified,tie,tie,A,unified,5,"Package A is accurate and transparently communicates tradeoffs, while Package B includes a clear pricing error and exaggerated claims, reducing trust and purchase confidence.",False,gpt-5.3-chat-latest,4.89
headphones_019,headphones,headphones_020,1,11,headphones_020,headphones_029,False,False,B,modular,B,modular,B,modular,B,modular,4,"Package B offers a more credible brand, more reliable comfort, and more honest expectations about performance, whereas Package A overstates noise isolation for a very low-cost product.",False,gpt-5.3-chat-latest,3.78
headphones_020,headphones,headphones_021,0,00,headphones_028,headphones_028,True,False,A,unified,B,modular,A,unified,A,unified,4,"Package B incorrectly claims volume limiting, which could mislead and hurt trust and satisfaction; Package A is more honest about limitations, leading to a better overall outcome despite slightly lower purchase appeal.",False,gpt-5.3-chat-latest,4.35
headphones_020,headphones,headphones_021,1,11,headphones_018,headphones_009,False,True,A,modular,A,modular,A,modular,A,modular,4,"Both options exceed the budget and overstate child-safety features, but Package A is closer in price, simpler to use, and more aligned with the need for basic durability and ease, whereas Package B is far too expensive and overly complex.",False,gpt-5.3-chat-latest,3.93
headphones_021,headphones,headphones_022,0,00,headphones_017,headphones_017,True,False,A,unified,tie,tie,tie,tie,A,unified,3,"Both packages recommend an unsuitable wired USB headset for TV use, but A is slightly more transparent about the lack of Bluetooth, making it marginally more trustworthy.",False,gpt-5.3-chat-latest,4.82
headphones_021,headphones,headphones_022,1,11,headphones_028,headphones_022,False,False,B,modular,B,modular,B,modular,B,modular,5,"Package A completely misses the wireless requirement and is a poor fit, while Package B at least aligns with the intended use and comfort needs despite being slightly over budget and potentially requiring extra setup.",False,gpt-5.3-chat-latest,10.09
headphones_022,headphones,headphones_023,0,00,headphones_010,headphones_010,True,False,A,unified,A,unified,A,unified,A,unified,4,"Package A is more balanced and transparent, mentioning a real tradeoff (battery life) without overstating value, while Package B exaggerates pricing and quality, which could undermine trust and satisfaction.",False,gpt-5.3-chat-latest,7.76
headphones_022,headphones,headphones_023,1,11,headphones_010,headphones_009,False,False,A,unified,A,unified,A,unified,A,unified,5,"Package B incorrectly claims active noise cancellation for the Solo3, which could mislead the buyer, while Package A accurately meets the must-have ANC requirement and better aligns with the consumer’s priorities.",False,gpt-5.3-chat-latest,3.78
headphones_023,headphones,headphones_024,0,00,headphones_005,headphones_005,True,False,B,modular,B,modular,B,modular,B,modular,4,"Package B better tailors the messaging to the student’s needs and highlights relevant benefits like portability and waterproofing while giving a realistic tradeoff about comfort, improving both trust and expected satisfaction.",False,gpt-5.3-chat-latest,3.38
headphones_023,headphones,headphones_024,1,11,headphones_011,headphones_011,True,False,B,modular,B,modular,B,modular,B,modular,4,"Package B highlights relevant real-world benefits and clearly notes durability tradeoffs, making it more trustworthy and aligned with the student's needs.",False,gpt-5.3-chat-latest,2.46
headphones_024,headphones,headphones_025,0,00,headphones_017,headphones_017,True,False,A,unified,A,unified,A,unified,tie,tie,4,"Both are strong, but Package A better emphasizes durability and minimal troubleshooting, which aligns closely with the buyer’s priorities, while maintaining clear and honest tradeoffs.",False,gpt-5.3-chat-latest,4.54
headphones_024,headphones,headphones_025,1,11,headphones_020,headphones_003,False,True,A,modular,A,modular,A,modular,A,modular,5,"Package A aligns with the consumer’s requirement for wired, low-maintenance, dependable devices, while Package B directly conflicts with the no-charging preference and overstates suitability.",False,gpt-5.3-chat-latest,3.18
headphones_025,headphones,headphones_026,0,00,headphones_006,headphones_006,True,True,A,modular,B,unified,A,modular,A,modular,4,"Package B is slightly more appealing at purchase, but it inaccurately claims volume control, which could hurt trust and satisfaction; Package A is more accurate and sets clearer expectations.",False,gpt-5.3-chat-latest,5.25
headphones_025,headphones,headphones_026,1,11,headphones_026,headphones_011,False,True,A,modular,A,modular,A,modular,A,modular,4,"Package B ignores the stated budget by a large margin, making purchase unlikely, while A is affordable and at least acknowledges tradeoffs; neither clearly addresses control simplicity, but A is far more realistic and trustworthy overall.",False,gpt-5.3-chat-latest,5.59
headphones_026,headphones,headphones_027,0,00,headphones_005,headphones_005,True,False,B,modular,B,modular,B,modular,B,modular,4,"Package B better aligns with the buyer’s concern about battery reliability by highlighting playtime and fast charging, while still covering fit and sweat resistance; it also communicates tradeoffs clearly.",False,gpt-5.3-chat-latest,4.01
headphones_026,headphones,headphones_027,1,11,headphones_023,headphones_023,True,True,A,modular,B,unified,A,modular,A,modular,4,"Package A more honestly flags durability concerns, which directly matter to a buyer worried about longevity, leading to better expectations and trust, while B may boost purchase intent with a more positive spin.",False,gpt-5.3-chat-latest,3.97
headphones_027,headphones,headphones_028,0,00,headphones_018,headphones_018,True,True,A,modular,A,modular,A,modular,A,modular,4,"Package A better emphasizes call quality and uninterrupted long sessions, aligning more directly with the user’s priorities, while avoiding less relevant details like touch controls.",False,gpt-5.3-chat-latest,3.52
headphones_027,headphones,headphones_028,1,11,headphones_012,headphones_018,False,False,B,modular,B,modular,B,modular,B,modular,5,"Package B aligns with the user’s premium budget and delivers significantly better noise cancellation and microphone quality, while Package A contradicts the must-have mic requirement and undershoots expectations.",False,gpt-5.3-chat-latest,4.05
headphones_028,headphones,headphones_029,0,00,headphones_006,headphones_006,True,True,B,unified,B,unified,B,unified,B,unified,4,"Package B better aligns with the user’s need for simplicity by framing the wired design as a benefit, making it more reassuring and relevant for a first-time buyer.",False,gpt-5.3-chat-latest,2.97
headphones_028,headphones,headphones_029,1,11,headphones_011,headphones_011,True,False,B,modular,tie,tie,B,modular,B,modular,4,"Package B highlights a more manageable downside (long-term durability) compared to A’s potential battery and fit issues, which could more directly disrupt online classes.",False,gpt-5.3-chat-latest,3.63
headphones_029,headphones,headphones_030,0,00,headphones_009,headphones_009,True,False,B,modular,B,modular,B,modular,B,modular,4,"Package B better matches commuting needs with relevant details like connection stability and comfort, and it more honestly communicates tradeoffs, increasing trust and expected satisfaction.",False,gpt-5.3-chat-latest,3.51
headphones_029,headphones,headphones_030,1,11,headphones_018,headphones_018,True,False,B,modular,B,modular,tie,tie,B,modular,4,"Both recommend a product far outside the stated budget, but Package B at least acknowledges the high price, making it more transparent and trustworthy.",False,gpt-5.3-chat-latest,3.44
headphones_030,headphones,headphones_031,0,00,headphones_028,headphones_028,True,True,A,modular,A,modular,A,modular,A,modular,4,"Package A directly addresses the key need for volume limiting and simplicity, while Package B omits this critical safety feature and introduces unnecessary concerns about missing controls.",False,gpt-5.3-chat-latest,3.84
headphones_030,headphones,headphones_031,1,11,headphones_028,headphones_028,True,True,A,modular,A,modular,A,modular,A,modular,4,"Package A explicitly addresses the must-have volume-limiting feature and balances benefits with realistic durability caveats, aligning better with the parent’s priorities and building more trust.",False,gpt-5.3-chat-latest,4.19
headphones_031,headphones,headphones_032,0,00,headphones_009,headphones_009,True,False,B,modular,tie,tie,tie,tie,B,modular,4,"Both packages are nearly identical, but B is slightly more transparent about tradeoffs, making it more trustworthy; otherwise, neither clearly addresses TV compatibility or speech clarity needs.",False,gpt-5.3-chat-latest,3.97
headphones_031,headphones,headphones_032,1,11,headphones_022,headphones_022,True,False,A,unified,A,unified,A,unified,A,unified,4,"Package A more directly addresses the key tradeoff in audio clarity, which is critical for this user, leading to better expectation setting and likely satisfaction.",False,gpt-5.3-chat-latest,4.26
headphones_032,headphones,headphones_033,0,00,headphones_010,headphones_010,True,True,A,modular,B,unified,A,modular,A,modular,4,"Package A is more transparent with battery breakdown and less salesy language, which builds trust and sets more accurate expectations, while B is more persuasive but slightly glosses over details.",False,gpt-5.3-chat-latest,4.62
headphones_032,headphones,headphones_033,1,11,headphones_014,headphones_014,True,True,B,unified,B,unified,B,unified,B,unified,4,"Package B better addresses the user’s priorities (battery life, noise cancellation, comfort) and gives a relevant tradeoff about bulk, while A highlights a less relevant drawback and omits key decision factors.",False,gpt-5.3-chat-latest,4.23
headphones_033,headphones,headphones_034,0,00,headphones_009,headphones_009,True,True,B,unified,B,unified,tie,tie,B,unified,4,"Package B better balances appeal with honest tradeoffs, increasing trust without highlighting price friction, which makes purchase more likely for this style-focused buyer.",False,gpt-5.3-chat-latest,4.29
headphones_033,headphones,headphones_034,1,11,headphones_011,headphones_019,False,True,A,modular,A,modular,A,modular,A,modular,4,"The over-ear design and distinctive color in Package A make it feel more like a thoughtful, visible gift, while Package B’s generic branding and earbuds form factor feel less giftable and potentially less trustworthy.",False,gpt-5.3-chat-latest,4.68
headphones_034,headphones,headphones_035,0,00,headphones_007,headphones_017,False,True,A,modular,A,modular,A,modular,A,modular,5,"Package A directly matches the need for simple, reliable wired headsets with proven durability, while Package B adds unnecessary wireless features and makes less credible claims about practicality and cleaning.",False,gpt-5.3-chat-latest,3.98
headphones_034,headphones,headphones_035,1,11,headphones_003,headphones_003,True,False,B,modular,B,modular,A,unified,B,modular,4,"Package B better emphasizes durability and consistency, which align with office needs, while still noting realistic drawbacks; however, Package A more directly flags fit issues that could impact shared use satisfaction.",False,gpt-5.3-chat-latest,7.69
headphones_035,headphones,headphones_036,0,00,headphones_006,headphones_006,True,False,B,modular,B,modular,B,modular,B,modular,4,"Package B better aligns with the user’s priorities by emphasizing minimal setup, clear instructions, and home listening, while still honestly noting the wired limitation.",False,gpt-5.3-chat-latest,4.19
headphones_035,headphones,headphones_036,1,11,headphones_006,headphones_027,False,False,A,unified,A,unified,A,unified,A,unified,4,"The on-ear headphones better match the need for comfort and intuitive use, while earbuds can be less comfortable and harder to manage for extended listening. Package A also more directly aligns with the user’s preferences without introducing potential fit issues.",False,gpt-5.3-chat-latest,4.26
headphones_036,headphones,headphones_037,0,00,headphones_005,headphones_005,True,False,A,unified,A,unified,A,unified,A,unified,4,"Package A better aligns with the user’s priority on secure fit by mentioning customizable fit and directly frames the sound tradeoff, whereas B focuses on less relevant omissions like ANC.",False,gpt-5.3-chat-latest,4.53
headphones_036,headphones,headphones_037,1,11,headphones_023,headphones_011,False,False,A,unified,A,unified,A,unified,B,modular,4,"Package A better matches the user’s need for a secure, workout-stable fit with ear hooks and fewer durability concerns, while Package B is more transparent but raises reliability issues that could hurt long-term satisfaction.",False,gpt-5.3-chat-latest,4.92
headphones_037,headphones,headphones_038,0,00,headphones_009,headphones_009,True,False,B,modular,tie,tie,B,modular,B,modular,4,"Both recommend the same product, but Package B is slightly more balanced and transparent, while Package A overstates microphone quality and leakage control, which are critical for this user.",False,gpt-5.3-chat-latest,5.03
headphones_037,headphones,headphones_038,1,11,headphones_009,headphones_019,False,True,B,unified,B,unified,B,unified,B,unified,4,"Package A is very low-cost and unlikely to deliver the microphone clarity or reliability needed for professional therapy work, while Package B comes from a known brand within budget and is more likely to meet baseline expectations despite some comfort tradeoffs.",False,gpt-5.3-chat-latest,5.4
headphones_038,headphones,headphones_039,0,00,headphones_006,headphones_006,True,False,B,modular,B,modular,B,modular,A,unified,4,"Both are similar, but B better highlights the closed-back design and its benefit for noise isolation, which aligns with the student’s needs, while A is slightly more transparent about limitations.",False,gpt-5.3-chat-latest,4.3
headphones_038,headphones,headphones_039,1,11,headphones_011,headphones_011,True,False,A,unified,B,modular,A,unified,A,unified,4,"Package A more transparently communicates durability tradeoffs, setting more realistic expectations, while Package B is slightly more persuasive for purchase but less candid.",False,gpt-5.3-chat-latest,3.36
headphones_039,headphones,headphones_040,0,00,headphones_009,headphones_009,True,False,B,modular,A,unified,tie,tie,B,modular,3,"Package B is more transparent by noting the relatively high price, which builds trust, while both otherwise present similar benefits; A is slightly more persuasive but less balanced.",False,gpt-5.3-chat-latest,5.43
headphones_039,headphones,headphones_040,1,11,headphones_018,headphones_014,False,False,A,unified,A,unified,tie,tie,A,unified,4,"Both options exceed the budget, but Package A is more transparent about this mismatch and clearly explains feature tradeoffs, making it more trustworthy; satisfaction is similar since both are durable, reliable commuter headphones.",False,gpt-5.3-chat-latest,5.46
headphones_040,headphones,headphones_041,0,00,headphones_028,headphones_028,True,True,A,modular,A,modular,A,modular,A,modular,4,"Package A better aligns with durability and safety needs and adds a reassuring warranty, while Package B includes a likely inaccurate detail about replacement tips that reduces trust.",False,gpt-5.3-chat-latest,3.93
headphones_040,headphones,headphones_041,1,11,headphones_028,headphones_028,True,True,A,modular,A,modular,A,modular,A,modular,4,"Package A better matches the parent’s priorities and is more transparent by noting potential durability concerns, which builds trust and sets realistic expectations.",False,gpt-5.3-chat-latest,5.42
headphones_041,headphones,headphones_042,0,00,headphones_009,headphones_009,True,True,B,unified,B,unified,B,unified,A,modular,4,"Package B better aligns with the buyer’s gift-focused mindset and highlights brand appeal and suitability, while A is slightly more neutral and transparent about tradeoffs.",False,gpt-5.3-chat-latest,4.22
headphones_041,headphones,headphones_042,1,11,headphones_009,headphones_011,False,False,A,unified,A,unified,A,unified,A,unified,5,"Package A aligns with the buyer’s preference for a recognizable brand, strong social proof, and gift-worthy presentation within budget, while Package B uses an unknown brand and undermines trust with mismatched positioning.",False,gpt-5.3-chat-latest,4.33
headphones_042,headphones,headphones_043,0,00,headphones_017,headphones_017,True,True,A,modular,A,modular,A,modular,A,modular,3,"Both packages recommend the same unsuitable wired product, but A more clearly highlights comfort and explicitly acknowledges the Bluetooth limitation, making it slightly more transparent and aligned with the user’s needs.",False,gpt-5.3-chat-latest,3.74
headphones_042,headphones,headphones_043,1,11,headphones_011,headphones_011,True,False,B,modular,B,modular,B,modular,B,modular,4,"Package A inaccurately claims these are not tiny earbuds, which conflicts with the user’s stated preference and undermines trust; Package B is more consistent and realistic, leading to better expectations and outcomes.",False,gpt-5.3-chat-latest,4.31
headphones_043,headphones,headphones_044,0,00,headphones_005,headphones_015,False,False,B,modular,A,unified,B,modular,B,modular,4,"Package B better meets the core need of passive noise isolation for studying, while A overstates noise reduction with features that don’t block ambient sound; despite being bulkier, B is more likely to improve focus and satisfaction.",False,gpt-5.3-chat-latest,6.08
headphones_043,headphones,headphones_044,1,11,headphones_011,headphones_011,True,True,A,modular,tie,tie,A,modular,A,modular,4,"Both are similar, but A more clearly communicates tradeoffs (noting build quality limits), which sets more accurate expectations and builds trust.",False,gpt-5.3-chat-latest,4.52
headphones_044,headphones,headphones_045,0,00,headphones_017,headphones_017,True,True,B,unified,B,unified,B,unified,B,unified,4,"Package B better aligns the wired design with the user’s preferences and avoids framing it as a drawback, making it more relevant and trustworthy for this buyer.",False,gpt-5.3-chat-latest,4.34
headphones_044,headphones,headphones_045,1,11,headphones_026,headphones_006,False,False,B,modular,B,modular,B,modular,B,modular,5,"Package A ignores the budget and wireless constraint, while B matches the price, wired requirement, and practical office needs with honest tradeoffs.",False,gpt-5.3-chat-latest,3.09
headphones_045,headphones,headphones_046,0,00,headphones_005,headphones_004,False,True,B,unified,B,unified,B,unified,B,unified,5,"Package B better matches the consumer’s need for maximum portability and convenience in crowded environments with true wireless design and stable connectivity, whereas Package A’s neckband style is less practical for that use.",False,gpt-5.3-chat-latest,4.68
headphones_045,headphones,headphones_046,1,11,headphones_019,headphones_014,False,False,A,unified,A,unified,tie,tie,A,unified,4,"Both options ignore the user's clear preference to avoid over-ear designs, but Package A at least fits the budget and is more realistic for a quick replacement, while Package B is far too expensive and less aligned with the consumer’s constraints.",False,gpt-5.3-chat-latest,4.41
headphones_046,headphones,headphones_047,0,00,headphones_009,headphones_009,True,True,B,unified,tie,tie,tie,tie,B,unified,3,"Both are very similar, but Package B is slightly more transparent about tradeoffs, which builds more trust, while purchase likelihood and satisfaction are otherwise equal.",False,gpt-5.3-chat-latest,4.81
headphones_046,headphones,headphones_047,1,11,headphones_022,headphones_022,True,False,B,modular,B,modular,B,modular,B,modular,4,"Both recommend an ill-fitting, over-budget product, but B is more transparent about the price mismatch and tradeoffs, making it more trustworthy and less likely to mislead the user.",False,gpt-5.3-chat-latest,2.97
headphones_047,headphones,headphones_048,0,00,headphones_017,headphones_017,True,False,A,unified,tie,tie,tie,tie,A,unified,3,"Both packages recommend the same product with similar benefits, but A is slightly more balanced and avoids overstating performance, making it marginally more trustworthy.",False,gpt-5.3-chat-latest,3.94
headphones_047,headphones,headphones_048,1,11,headphones_020,headphones_019,False,True,A,modular,A,modular,A,modular,A,modular,4,"Neither option truly meets the professional call-quality requirement, but A is more aligned with long-meeting comfort and is more honest about tradeoffs, while B overpromises on noise-canceling and suitability for work use.",False,gpt-5.3-chat-latest,4.89
headphones_048,headphones,headphones_049,0,00,headphones_011,headphones_005,False,False,B,modular,B,modular,B,modular,B,modular,4,"The Soundcore Anker model comes from a more reputable brand with consistent build quality and reliable performance, making it more likely to satisfy long-term, even if neither option strongly guarantees a secure workout fit.",False,gpt-5.3-chat-latest,4.66
headphones_048,headphones,headphones_049,1,11,headphones_023,headphones_023,True,False,B,modular,A,unified,B,modular,B,modular,4,"Package B more honestly highlights durability concerns, which are critical for this user, leading to better-informed decisions and likely higher long-term satisfaction, even if it slightly reduces purchase appeal.",False,gpt-5.3-chat-latest,4.34
headphones_049,headphones,headphones_050,0,00,headphones_009,headphones_009,True,False,B,modular,B,modular,B,modular,B,modular,4,"Package B better emphasizes voice clarity and simplicity, which match the user’s priorities, and its tradeoff (price vs alternatives) is more relevant than A’s mention of missing noise cancellation.",False,gpt-5.3-chat-latest,4.09
headphones_049,headphones,headphones_050,1,11,headphones_009,headphones_022,False,False,B,modular,A,unified,B,modular,B,modular,4,"Beats Solo3 are known for stronger bass and on-ear pressure, which conflicts with the user’s comfort and sound preferences, and the description is somewhat misleading. The Shokz option better matches comfort and spoken-word clarity needs, even if it sacrifices audio richness.",False,gpt-5.3-chat-latest,7.22
headphones_050,headphones,headphones_051,0,00,headphones_028,headphones_028,True,False,A,unified,B,modular,A,unified,A,unified,5,"Package B incorrectly claims a volume-limiting feature, which could lead to a poor and unsafe outcome; Package A is honest about limitations, helping the parent avoid an unsuitable product.",False,gpt-5.3-chat-latest,4.29
headphones_050,headphones,headphones_051,1,11,headphones_028,headphones_028,True,False,B,modular,A,unified,B,modular,B,modular,4,"Package B more honestly communicates durability tradeoffs, which aligns with the parent's priorities and builds trust, while A may overpromise on safety features.",False,gpt-5.3-chat-latest,3.73
headphones_051,headphones,headphones_052,0,00,headphones_009,headphones_009,True,True,B,unified,A,modular,B,unified,B,unified,5,"Package A incorrectly claims noise cancellation, which is a must-have, risking disappointment. Package B is honest about the lack of ANC, leading to better trust and more informed, satisfying decisions.",False,gpt-5.3-chat-latest,3.1
headphones_051,headphones,headphones_052,1,11,headphones_018,headphones_018,True,False,B,modular,B,modular,B,modular,B,modular,4,"Package B better aligns with the user’s goal of a thoughtful, easy-to-use gift by emphasizing comfort and intuitive controls, while still honestly noting the high price.",False,gpt-5.3-chat-latest,3.01
headphones_052,headphones,headphones_053,0,00,headphones_006,headphones_017,False,True,B,unified,B,unified,B,unified,B,unified,4,"Package A may mislead about easy TV compatibility since many TVs don’t support USB audio, while Package B’s simple 3.5mm connection is more reliable; despite slightly less comfort, it better fits the user’s need for hassle-free setup and clear use.",False,gpt-5.3-chat-latest,4.62
headphones_052,headphones,headphones_053,1,11,headphones_011,headphones_011,True,False,B,modular,B,modular,B,modular,B,modular,4,"Package B better addresses the user’s priorities like easy pairing and long-session comfort, and its tradeoff (build quality) is more relevant than A’s vague battery concern.",False,gpt-5.3-chat-latest,4.51
headphones_053,headphones,headphones_054,0,00,headphones_005,headphones_005,True,True,B,unified,B,unified,B,unified,B,unified,4,"Package B highlights the lack of active noise cancellation, which directly relates to the buyer’s need for sound isolation, setting clearer expectations and building trust.",False,gpt-5.3-chat-latest,4.35
headphones_053,headphones,headphones_054,1,11,headphones_011,headphones_011,True,False,A,unified,A,unified,A,unified,B,modular,3,"Package A better targets the buyer’s key need (sound isolation) and highlights relevant tradeoffs, while B is slightly more transparent but less aligned with the stated priorities.",False,gpt-5.3-chat-latest,5.98
headphones_054,headphones,headphones_055,0,00,headphones_017,headphones_017,True,False,B,modular,B,modular,tie,tie,B,modular,4,"Both recommend the same strong-fit product, but B better aligns with team deployment and clearly communicates tradeoffs in a way that matches the buyer’s priorities.",False,gpt-5.3-chat-latest,5.72
headphones_054,headphones,headphones_055,1,11,headphones_003,headphones_006,False,False,B,modular,A,unified,B,modular,tie,tie,4,"Package B better matches office comfort and reliability expectations with a trusted brand and on-ear design, while A wins on cost but may fall short for long-call usability across a team.",False,gpt-5.3-chat-latest,5.72
headphones_055,headphones,headphones_056,0,00,headphones_006,headphones_006,True,False,B,modular,B,modular,B,modular,tie,tie,3,"Package B better emphasizes comfort and usability (cushioned earpads, simple controls), which aligns closely with the consumer’s priorities, while both are similarly transparent about limitations.",False,gpt-5.3-chat-latest,4.8
headphones_055,headphones,headphones_056,1,11,headphones_011,headphones_011,True,True,A,modular,A,modular,A,modular,A,modular,4,"Package A better aligns with the user’s desire for minimal setup and explicitly addresses avoiding small buttons, while Package B introduces potential setup friction with connectivity issues.",False,gpt-5.3-chat-latest,5.04
headphones_056,headphones,headphones_057,0,00,headphones_009,headphones_009,True,False,A,unified,A,unified,A,unified,A,unified,4,"Both packages recommend a model that lacks true active noise cancellation, but A is more transparent about limitations, whereas B includes misleading claims about noise cancellation via the W1 chip.",False,gpt-5.3-chat-latest,3.77
headphones_056,headphones,headphones_057,1,11,headphones_014,headphones_018,False,True,A,modular,A,modular,A,modular,A,modular,4,"Package A better matches the need for long battery life with a clear 30-hour spec and strong ANC, while B is vaguer; A also communicates tradeoffs more concretely despite both being over budget.",False,gpt-5.3-chat-latest,4.62
headphones_057,headphones,headphones_058,0,00,headphones_005,headphones_005,True,False,B,modular,B,modular,B,modular,B,modular,4,"Package B more directly addresses the consumer’s key concerns—secure fit, sweat resistance, and active use—making it more aligned with their needs and likely to inspire confidence and satisfaction.",False,gpt-5.3-chat-latest,3.14
headphones_057,headphones,headphones_058,1,11,headphones_023,headphones_023,True,False,B,modular,A,unified,B,modular,B,modular,4,"Package B is more transparent about durability concerns, which aligns with the user's priorities and helps avoid a poor long-term choice, even if it slightly reduces purchase likelihood.",False,gpt-5.3-chat-latest,6.84
headphones_058,headphones,headphones_059,0,00,headphones_009,headphones_009,True,False,B,modular,A,unified,B,modular,B,modular,4,"Package A includes incorrect and misleading claims (e.g., calling the headphones open-back), which hurts trust and likely satisfaction, while Package B is more accurate and transparent despite a minor pricing caveat.",False,gpt-5.3-chat-latest,6.88
headphones_058,headphones,headphones_059,1,11,headphones_020,headphones_007,False,True,A,modular,A,modular,A,modular,tie,tie,4,"Neither option fits the stated budget or gaming focus, but the over-ear design in A is more likely to deliver comfort and immersion for long console sessions, whereas earbuds are less suitable despite mic claims.",False,gpt-5.3-chat-latest,5.98
headphones_059,headphones,headphones_060,0,00,headphones_018,headphones_018,True,False,B,modular,B,modular,tie,tie,B,modular,4,"Package B provides more concrete feature details like battery life and specific noise-canceling tech, which builds trust and makes the value clearer for a premium buyer focused on performance and integration.",False,gpt-5.3-chat-latest,3.62
headphones_059,headphones,headphones_060,1,11,headphones_018,headphones_018,True,False,A,unified,A,unified,tie,tie,A,unified,4,"Package A more directly addresses the consumer’s must-have of seamless device switching and presents a more balanced, less salesy tradeoff, increasing trust and alignment.",False,gpt-5.3-chat-latest,3.96
